{
  "dataset": "cub200",
  "trainer": "bimc_dino_fusion",
  "seed": 17,
  "runtime_sec": 286.21,
  "acc_list": [
    86.35,
    85.65,
    85.16,
    84.31,
    84.48,
    83.26,
    83.44,
    84.0,
    83.92,
    84.42,
    84.83
  ],
  "task_acc_list": [
    [
      86.35
    ],
    [
      86.14,
      80.65
    ],
    [
      86.14,
      80.65,
      79.79
    ],
    [
      86.1,
      80.65,
      75.26,
      79.19
    ],
    [
      86.1,
      80.65,
      73.87,
      78.52,
      88.67
    ],
    [
      86.1,
      80.65,
      73.87,
      78.52,
      88.67,
      66.78
    ],
    [
      86.07,
      80.29,
      73.87,
      78.52,
      88.67,
      66.44,
      87.15
    ],
    [
      86.03,
      80.29,
      73.87,
      78.52,
      88.67,
      66.44,
      86.81,
      93.27
    ],
    [
      86.03,
      80.29,
      73.87,
      78.52,
      88.67,
      66.44,
      85.76,
      88.89,
      88.14
    ],
    [
      86.03,
      80.29,
      73.87,
      78.52,
      88.67,
      66.44,
      85.76,
      88.89,
      88.14,
      93.4
    ],
    [
      86.03,
      80.29,
      73.52,
      78.52,
      88.67,
      66.11,
      85.76,
      88.89,
      88.14,
      93.4,
      93.0
    ]
  ],
  "task_results": [
    {
      "task_id": 0,
      "elapsed_time_sec": 15.129,
      "metrics": {
        "mean_acc": 86.35,
        "task_acc": [
          86.35
        ],
        "harmonic_acc": 0.0,
        "base_avg_acc": 86.35,
        "inc_avg_acc": 0.0,
        "nll": 0.89055,
        "brier": 0.216717,
        "ece": 0.083843,
        "beta_prior": 0.0
      }
    },
    {
      "task_id": 1,
      "elapsed_time_sec": 16.393,
      "metrics": {
        "mean_acc": 85.65,
        "task_acc": [
          86.14,
          80.65
        ],
        "harmonic_acc": 83.3,
        "base_avg_acc": 86.14,
        "inc_avg_acc": 80.65,
        "nll": 0.906449,
        "brier": 0.229943,
        "ece": 0.087108,
        "beta_prior": 0.0
      }
    },
    {
      "task_id": 2,
      "elapsed_time_sec": 18.053,
      "metrics": {
        "mean_acc": 85.16,
        "task_acc": [
          86.14,
          80.65,
          79.79
        ],
        "harmonic_acc": 83.07,
        "base_avg_acc": 86.14,
        "inc_avg_acc": 80.22,
        "nll": 0.938833,
        "brier": 0.239268,
        "ece": 0.09021,
        "beta_prior": 0.0
      }
    },
    {
      "task_id": 3,
      "elapsed_time_sec": 19.415,
      "metrics": {
        "mean_acc": 84.31,
        "task_acc": [
          86.1,
          80.65,
          75.26,
          79.19
        ],
        "harmonic_acc": 82.05,
        "base_avg_acc": 86.1,
        "inc_avg_acc": 78.37,
        "nll": 1.023051,
        "brier": 0.254975,
        "ece": 0.0966,
        "beta_prior": 0.0
      }
    },
    {
      "task_id": 4,
      "elapsed_time_sec": 21.141,
      "metrics": {
        "mean_acc": 84.48,
        "task_acc": [
          86.1,
          80.65,
          73.87,
          78.52,
          88.67
        ],
        "harmonic_acc": 83.17,
        "base_avg_acc": 86.1,
        "inc_avg_acc": 80.43,
        "nll": 1.052415,
        "brier": 0.253412,
        "ece": 0.09552,
        "beta_prior": 0.0
      }
    },
    {
      "task_id": 5,
      "elapsed_time_sec": 23.795,
      "metrics": {
        "mean_acc": 83.26,
        "task_acc": [
          86.1,
          80.65,
          73.87,
          78.52,
          88.67,
          66.78
        ],
        "harmonic_acc": 81.68,
        "base_avg_acc": 86.1,
        "inc_avg_acc": 77.7,
        "nll": 1.120196,
        "brier": 0.27375,
        "ece": 0.104518,
        "beta_prior": 0.0
      }
    },
    {
      "task_id": 6,
      "elapsed_time_sec": 25.143,
      "metrics": {
        "mean_acc": 83.44,
        "task_acc": [
          86.07,
          80.29,
          73.87,
          78.52,
          88.67,
          66.44,
          87.15
        ],
        "harmonic_acc": 82.47,
        "base_avg_acc": 86.07,
        "inc_avg_acc": 79.16,
        "nll": 1.1027,
        "brier": 0.268694,
        "ece": 0.103099,
        "beta_prior": 0.0
      }
    },
    {
      "task_id": 7,
      "elapsed_time_sec": 26.932,
      "metrics": {
        "mean_acc": 84.0,
        "task_acc": [
          86.03,
          80.29,
          73.87,
          78.52,
          88.67,
          66.44,
          86.81,
          93.27
        ],
        "harmonic_acc": 83.51,
        "base_avg_acc": 86.03,
        "inc_avg_acc": 81.12,
        "nll": 1.094639,
        "brier": 0.260393,
        "ece": 0.10059,
        "beta_prior": 0.0
      }
    },
    {
      "task_id": 8,
      "elapsed_time_sec": 28.48,
      "metrics": {
        "mean_acc": 83.92,
        "task_acc": [
          86.03,
          80.29,
          73.87,
          78.52,
          88.67,
          66.44,
          85.76,
          88.89,
          88.14
        ],
        "harmonic_acc": 83.61,
        "base_avg_acc": 86.03,
        "inc_avg_acc": 81.32,
        "nll": 1.123749,
        "brier": 0.261259,
        "ece": 0.101139,
        "beta_prior": 0.0
      }
    },
    {
      "task_id": 9,
      "elapsed_time_sec": 29.971,
      "metrics": {
        "mean_acc": 84.42,
        "task_acc": [
          86.03,
          80.29,
          73.87,
          78.52,
          88.67,
          66.44,
          85.76,
          88.89,
          88.14,
          93.4
        ],
        "harmonic_acc": 84.31,
        "base_avg_acc": 86.03,
        "inc_avg_acc": 82.66,
        "nll": 1.086487,
        "brier": 0.253397,
        "ece": 0.096981,
        "beta_prior": 0.0
      }
    },
    {
      "task_id": 10,
      "elapsed_time_sec": 32.013,
      "metrics": {
        "mean_acc": 84.83,
        "task_acc": [
          86.03,
          80.29,
          73.52,
          78.52,
          88.67,
          66.11,
          85.76,
          88.89,
          88.14,
          93.4,
          93.0
        ],
        "harmonic_acc": 84.81,
        "base_avg_acc": 86.03,
        "inc_avg_acc": 83.63,
        "nll": 1.084665,
        "brier": 0.247142,
        "ece": 0.094274,
        "beta_prior": 0.0
      }
    }
  ]
}