{
  "dataset": "cub200",
  "trainer": "bimc",
  "seed": 15,
  "runtime_sec": 77.067,
  "acc_list": [
    81.46,
    79.29,
    78.16,
    74.49,
    73.36,
    71.75,
    70.57,
    69.86,
    68.09,
    68.13,
    67.98
  ],
  "task_acc_list": [
    [
      81.46
    ],
    [
      80.66,
      65.23
    ],
    [
      80.59,
      64.87,
      66.9
    ],
    [
      80.41,
      63.8,
      59.93,
      41.61
    ],
    [
      80.24,
      62.72,
      57.84,
      39.93,
      65.67
    ],
    [
      80.03,
      63.08,
      58.19,
      39.93,
      66.33,
      50.67
    ],
    [
      79.82,
      63.08,
      57.84,
      39.93,
      65.33,
      50.34,
      56.6
    ],
    [
      79.47,
      62.72,
      57.49,
      39.6,
      65.33,
      50.34,
      53.47,
      66.33
    ],
    [
      79.5,
      62.72,
      57.84,
      39.6,
      64.33,
      49.33,
      52.08,
      56.9,
      50.85
    ],
    [
      79.36,
      62.37,
      57.84,
      39.26,
      64.33,
      49.66,
      52.43,
      56.57,
      48.81,
      72.57
    ],
    [
      79.47,
      59.86,
      57.84,
      38.59,
      65.33,
      48.66,
      52.08,
      56.23,
      48.47,
      69.44,
      71.33
    ]
  ],
  "task_results": [
    {
      "task_id": 0,
      "elapsed_time_sec": 4.267,
      "metrics": {
        "mean_acc": 81.46,
        "task_acc": [
          81.46
        ],
        "harmonic_acc": 0.0,
        "base_avg_acc": 81.46,
        "inc_avg_acc": 0.0,
        "nll": 4.468788,
        "brier": 0.987095,
        "ece": 0.803103,
        "beta_prior": 0.0
      }
    },
    {
      "task_id": 1,
      "elapsed_time_sec": 4.527,
      "metrics": {
        "mean_acc": 79.29,
        "task_acc": [
          80.66,
          65.23
        ],
        "harmonic_acc": 72.13,
        "base_avg_acc": 80.66,
        "inc_avg_acc": 65.23,
        "nll": 4.562733,
        "brier": 0.98824,
        "ece": 0.782408,
        "beta_prior": 0.0
      }
    },
    {
      "task_id": 2,
      "elapsed_time_sec": 4.903,
      "metrics": {
        "mean_acc": 78.16,
        "task_acc": [
          80.59,
          64.87,
          66.9
        ],
        "harmonic_acc": 72.5,
        "base_avg_acc": 80.59,
        "inc_avg_acc": 65.89,
        "nll": 4.649705,
        "brier": 0.989219,
        "ece": 0.772036,
        "beta_prior": 0.0
      }
    },
    {
      "task_id": 3,
      "elapsed_time_sec": 5.328,
      "metrics": {
        "mean_acc": 74.49,
        "task_acc": [
          80.41,
          63.8,
          59.93,
          41.61
        ],
        "harmonic_acc": 65.4,
        "base_avg_acc": 80.41,
        "inc_avg_acc": 55.11,
        "nll": 4.729841,
        "brier": 0.99005,
        "ece": 0.73604,
        "beta_prior": 0.0
      }
    },
    {
      "task_id": 4,
      "elapsed_time_sec": 5.727,
      "metrics": {
        "mean_acc": 73.36,
        "task_acc": [
          80.24,
          62.72,
          57.84,
          39.93,
          65.67
        ],
        "harmonic_acc": 66.34,
        "base_avg_acc": 80.24,
        "inc_avg_acc": 56.54,
        "nll": 4.804786,
        "brier": 0.990773,
        "ece": 0.725389,
        "beta_prior": 0.0
      }
    },
    {
      "task_id": 5,
      "elapsed_time_sec": 6.142,
      "metrics": {
        "mean_acc": 71.75,
        "task_acc": [
          80.03,
          63.08,
          58.19,
          39.93,
          66.33,
          50.67
        ],
        "harmonic_acc": 65.64,
        "base_avg_acc": 80.03,
        "inc_avg_acc": 55.64,
        "nll": 4.873892,
        "brier": 0.99139,
        "ece": 0.709843,
        "beta_prior": 0.0
      }
    },
    {
      "task_id": 6,
      "elapsed_time_sec": 6.551,
      "metrics": {
        "mean_acc": 70.57,
        "task_acc": [
          79.82,
          63.08,
          57.84,
          39.93,
          65.33,
          50.34,
          56.6
        ],
        "harmonic_acc": 65.49,
        "base_avg_acc": 79.82,
        "inc_avg_acc": 55.52,
        "nll": 4.940232,
        "brier": 0.991953,
        "ece": 0.69849,
        "beta_prior": 0.0
      }
    },
    {
      "task_id": 7,
      "elapsed_time_sec": 6.986,
      "metrics": {
        "mean_acc": 69.86,
        "task_acc": [
          79.47,
          62.72,
          57.49,
          39.6,
          65.33,
          50.34,
          53.47,
          66.33
        ],
        "harmonic_acc": 66.02,
        "base_avg_acc": 79.47,
        "inc_avg_acc": 56.47,
        "nll": 5.002333,
        "brier": 0.992446,
        "ece": 0.691879,
        "beta_prior": 0.0
      }
    },
    {
      "task_id": 8,
      "elapsed_time_sec": 7.407,
      "metrics": {
        "mean_acc": 68.09,
        "task_acc": [
          79.5,
          62.72,
          57.84,
          39.6,
          64.33,
          49.33,
          52.08,
          56.9,
          50.85
        ],
        "harmonic_acc": 64.46,
        "base_avg_acc": 79.5,
        "inc_avg_acc": 54.21,
        "nll": 5.060796,
        "brier": 0.992882,
        "ece": 0.674571,
        "beta_prior": 0.0
      }
    },
    {
      "task_id": 9,
      "elapsed_time_sec": 7.813,
      "metrics": {
        "mean_acc": 68.13,
        "task_acc": [
          79.36,
          62.37,
          57.84,
          39.26,
          64.33,
          49.66,
          52.43,
          56.57,
          48.81,
          72.57
        ],
        "harmonic_acc": 65.65,
        "base_avg_acc": 79.36,
        "inc_avg_acc": 55.98,
        "nll": 5.114602,
        "brier": 0.993253,
        "ece": 0.675248,
        "beta_prior": 0.0
      }
    },
    {
      "task_id": 10,
      "elapsed_time_sec": 8.242,
      "metrics": {
        "mean_acc": 67.98,
        "task_acc": [
          79.47,
          59.86,
          57.84,
          38.59,
          65.33,
          48.66,
          52.08,
          56.23,
          48.47,
          69.44,
          71.33
        ],
        "harmonic_acc": 66.24,
        "base_avg_acc": 79.47,
        "inc_avg_acc": 56.78,
        "nll": 5.166857,
        "brier": 0.993601,
        "ece": 0.674108,
        "beta_prior": 0.0
      }
    }
  ]
}