{
  "dataset": "cub200",
  "trainer": "bimc",
  "seed": 7,
  "runtime_sec": 77.523,
  "acc_list": [
    82.23,
    80.34,
    79.42,
    75.75,
    75.5,
    73.88,
    73.32,
    72.76,
    71.3,
    71.48,
    71.68
  ],
  "task_acc_list": [
    [
      82.23
    ],
    [
      81.25,
      70.97
    ],
    [
      81.15,
      71.33,
      70.03
    ],
    [
      81.04,
      70.61,
      58.19,
      46.64
    ],
    [
      80.97,
      70.25,
      55.75,
      45.64,
      76.67
    ],
    [
      80.73,
      69.53,
      55.05,
      45.64,
      77.0,
      55.37
    ],
    [
      80.48,
      69.53,
      55.05,
      45.64,
      76.67,
      55.03,
      68.06
    ],
    [
      80.17,
      69.53,
      55.05,
      45.3,
      77.0,
      55.37,
      67.71,
      67.0
    ],
    [
      80.13,
      69.53,
      55.4,
      45.3,
      77.0,
      55.37,
      65.28,
      60.27,
      56.27
    ],
    [
      80.03,
      69.18,
      55.4,
      45.3,
      77.0,
      55.37,
      64.93,
      60.27,
      54.24,
      78.47
    ],
    [
      79.99,
      68.82,
      55.4,
      45.97,
      76.67,
      55.37,
      65.28,
      59.26,
      54.24,
      77.78,
      77.0
    ]
  ],
  "task_results": [
    {
      "task_id": 0,
      "elapsed_time_sec": 4.218,
      "metrics": {
        "mean_acc": 82.23,
        "task_acc": [
          82.23
        ],
        "harmonic_acc": 0.0,
        "base_avg_acc": 82.23,
        "inc_avg_acc": 0.0,
        "nll": 4.448106,
        "brier": 0.986622,
        "ece": 0.810544,
        "beta_prior": 0.3
      }
    },
    {
      "task_id": 1,
      "elapsed_time_sec": 4.461,
      "metrics": {
        "mean_acc": 80.34,
        "task_acc": [
          81.25,
          70.97
        ],
        "harmonic_acc": 75.76,
        "base_avg_acc": 81.25,
        "inc_avg_acc": 70.97,
        "nll": 4.543966,
        "brier": 0.98785,
        "ece": 0.79271,
        "beta_prior": 0.3
      }
    },
    {
      "task_id": 2,
      "elapsed_time_sec": 4.846,
      "metrics": {
        "mean_acc": 79.42,
        "task_acc": [
          81.15,
          71.33,
          70.03
        ],
        "harmonic_acc": 75.55,
        "base_avg_acc": 81.15,
        "inc_avg_acc": 70.68,
        "nll": 4.631535,
        "brier": 0.988872,
        "ece": 0.784399,
        "beta_prior": 0.3
      }
    },
    {
      "task_id": 3,
      "elapsed_time_sec": 5.249,
      "metrics": {
        "mean_acc": 75.75,
        "task_acc": [
          81.04,
          70.61,
          58.19,
          46.64
        ],
        "harmonic_acc": 67.94,
        "base_avg_acc": 81.04,
        "inc_avg_acc": 58.48,
        "nll": 4.712381,
        "brier": 0.989743,
        "ece": 0.748495,
        "beta_prior": 0.3
      }
    },
    {
      "task_id": 4,
      "elapsed_time_sec": 5.643,
      "metrics": {
        "mean_acc": 75.5,
        "task_acc": [
          80.97,
          70.25,
          55.75,
          45.64,
          76.67
        ],
        "harmonic_acc": 70.28,
        "base_avg_acc": 80.97,
        "inc_avg_acc": 62.08,
        "nll": 4.787652,
        "brier": 0.990495,
        "ece": 0.746602,
        "beta_prior": 0.3
      }
    },
    {
      "task_id": 5,
      "elapsed_time_sec": 6.085,
      "metrics": {
        "mean_acc": 73.88,
        "task_acc": [
          80.73,
          69.53,
          55.05,
          45.64,
          77.0,
          55.37
        ],
        "harmonic_acc": 69.18,
        "base_avg_acc": 80.73,
        "inc_avg_acc": 60.52,
        "nll": 4.856933,
        "brier": 0.991133,
        "ece": 0.730984,
        "beta_prior": 0.3
      }
    },
    {
      "task_id": 6,
      "elapsed_time_sec": 6.483,
      "metrics": {
        "mean_acc": 73.32,
        "task_acc": [
          80.48,
          69.53,
          55.05,
          45.64,
          76.67,
          55.03,
          68.06
        ],
        "harmonic_acc": 69.83,
        "base_avg_acc": 80.48,
        "inc_avg_acc": 61.66,
        "nll": 4.923682,
        "brier": 0.991718,
        "ece": 0.725902,
        "beta_prior": 0.3
      }
    },
    {
      "task_id": 7,
      "elapsed_time_sec": 6.906,
      "metrics": {
        "mean_acc": 72.76,
        "task_acc": [
          80.17,
          69.53,
          55.05,
          45.3,
          77.0,
          55.37,
          67.71,
          67.0
        ],
        "harmonic_acc": 70.19,
        "base_avg_acc": 80.17,
        "inc_avg_acc": 62.42,
        "nll": 4.985762,
        "brier": 0.992225,
        "ece": 0.720688,
        "beta_prior": 0.3
      }
    },
    {
      "task_id": 8,
      "elapsed_time_sec": 7.334,
      "metrics": {
        "mean_acc": 71.3,
        "task_acc": [
          80.13,
          69.53,
          55.4,
          45.3,
          77.0,
          55.37,
          65.28,
          60.27,
          56.27
        ],
        "harmonic_acc": 68.98,
        "base_avg_acc": 80.13,
        "inc_avg_acc": 60.55,
        "nll": 5.044565,
        "brier": 0.992678,
        "ece": 0.706551,
        "beta_prior": 0.3
      }
    },
    {
      "task_id": 9,
      "elapsed_time_sec": 7.699,
      "metrics": {
        "mean_acc": 71.48,
        "task_acc": [
          80.03,
          69.18,
          55.4,
          45.3,
          77.0,
          55.37,
          64.93,
          60.27,
          54.24,
          78.47
        ],
        "harmonic_acc": 70.02,
        "base_avg_acc": 80.03,
        "inc_avg_acc": 62.24,
        "nll": 5.098444,
        "brier": 0.993061,
        "ece": 0.708647,
        "beta_prior": 0.3
      }
    },
    {
      "task_id": 10,
      "elapsed_time_sec": 8.147,
      "metrics": {
        "mean_acc": 71.68,
        "task_acc": [
          79.99,
          68.82,
          55.4,
          45.97,
          76.67,
          55.37,
          65.28,
          59.26,
          54.24,
          77.78,
          77.0
        ],
        "harmonic_acc": 70.85,
        "base_avg_acc": 79.99,
        "inc_avg_acc": 63.58,
        "nll": 5.150474,
        "brier": 0.993416,
        "ece": 0.710954,
        "beta_prior": 0.3
      }
    }
  ]
}