{
  "dataset": "cub200",
  "trainer": "bimc_ensemble",
  "seed": 10,
  "runtime_sec": 80.144,
  "acc_list": [
    83.03,
    80.43,
    79.48,
    76.39,
    75.99,
    75.08,
    74.75,
    74.34,
    73.34,
    73.57,
    73.78
  ],
  "task_acc_list": [
    [
      83.03
    ],
    [
      81.15,
      73.12
    ],
    [
      80.9,
      72.04,
      72.47
    ],
    [
      80.66,
      70.25,
      60.98,
      56.04
    ],
    [
      80.1,
      70.61,
      59.23,
      54.03,
      79.67
    ],
    [
      79.89,
      69.89,
      58.89,
      55.03,
      79.33,
      65.1
    ],
    [
      79.57,
      68.82,
      58.89,
      55.7,
      79.33,
      65.1,
      73.26
    ],
    [
      79.26,
      68.46,
      59.23,
      55.7,
      78.33,
      65.44,
      72.22,
      72.73
    ],
    [
      79.22,
      68.82,
      58.89,
      54.7,
      78.33,
      65.44,
      68.06,
      63.97,
      70.85
    ],
    [
      79.16,
      68.46,
      59.23,
      55.37,
      78.33,
      64.43,
      67.71,
      63.64,
      70.17,
      80.21
    ],
    [
      79.09,
      68.46,
      59.93,
      55.37,
      78.67,
      65.1,
      67.71,
      62.29,
      69.83,
      78.82,
      79.67
    ]
  ],
  "task_results": [
    {
      "task_id": 0,
      "elapsed_time_sec": 4.451,
      "metrics": {
        "mean_acc": 83.03,
        "task_acc": [
          83.03
        ],
        "harmonic_acc": 0.0,
        "base_avg_acc": 83.03,
        "inc_avg_acc": 0.0,
        "nll": 4.462525,
        "brier": 0.986949,
        "ece": 0.818744,
        "beta_prior": 0.3
      }
    },
    {
      "task_id": 1,
      "elapsed_time_sec": 4.729,
      "metrics": {
        "mean_acc": 80.43,
        "task_acc": [
          81.15,
          73.12
        ],
        "harmonic_acc": 76.93,
        "base_avg_acc": 81.15,
        "inc_avg_acc": 73.12,
        "nll": 4.55901,
        "brier": 0.98816,
        "ece": 0.793825,
        "beta_prior": 0.3
      }
    },
    {
      "task_id": 2,
      "elapsed_time_sec": 5.127,
      "metrics": {
        "mean_acc": 79.48,
        "task_acc": [
          80.9,
          72.04,
          72.47
        ],
        "harmonic_acc": 76.33,
        "base_avg_acc": 80.9,
        "inc_avg_acc": 72.26,
        "nll": 4.646038,
        "brier": 0.989147,
        "ece": 0.785124,
        "beta_prior": 0.3
      }
    },
    {
      "task_id": 3,
      "elapsed_time_sec": 5.539,
      "metrics": {
        "mean_acc": 76.39,
        "task_acc": [
          80.66,
          70.25,
          60.98,
          56.04
        ],
        "harmonic_acc": 70.38,
        "base_avg_acc": 80.66,
        "inc_avg_acc": 62.42,
        "nll": 4.725954,
        "brier": 0.989981,
        "ece": 0.755056,
        "beta_prior": 0.3
      }
    },
    {
      "task_id": 4,
      "elapsed_time_sec": 5.963,
      "metrics": {
        "mean_acc": 75.99,
        "task_acc": [
          80.1,
          70.61,
          59.23,
          54.03,
          79.67
        ],
        "harmonic_acc": 72.3,
        "base_avg_acc": 80.1,
        "inc_avg_acc": 65.89,
        "nll": 4.800702,
        "brier": 0.990707,
        "ece": 0.751678,
        "beta_prior": 0.3
      }
    },
    {
      "task_id": 5,
      "elapsed_time_sec": 6.387,
      "metrics": {
        "mean_acc": 75.08,
        "task_acc": [
          79.89,
          69.89,
          58.89,
          55.03,
          79.33,
          65.1
        ],
        "harmonic_acc": 72.07,
        "base_avg_acc": 79.89,
        "inc_avg_acc": 65.65,
        "nll": 4.869529,
        "brier": 0.991324,
        "ece": 0.743105,
        "beta_prior": 0.3
      }
    },
    {
      "task_id": 6,
      "elapsed_time_sec": 6.841,
      "metrics": {
        "mean_acc": 74.75,
        "task_acc": [
          79.57,
          68.82,
          58.89,
          55.7,
          79.33,
          65.1,
          73.26
        ],
        "harmonic_acc": 72.66,
        "base_avg_acc": 79.57,
        "inc_avg_acc": 66.85,
        "nll": 4.935554,
        "brier": 0.991887,
        "ece": 0.740295,
        "beta_prior": 0.3
      }
    },
    {
      "task_id": 7,
      "elapsed_time_sec": 7.304,
      "metrics": {
        "mean_acc": 74.34,
        "task_acc": [
          79.26,
          68.46,
          59.23,
          55.7,
          78.33,
          65.44,
          72.22,
          72.73
        ],
        "harmonic_acc": 72.88,
        "base_avg_acc": 79.26,
        "inc_avg_acc": 67.44,
        "nll": 4.997094,
        "brier": 0.992377,
        "ece": 0.736651,
        "beta_prior": 0.3
      }
    },
    {
      "task_id": 8,
      "elapsed_time_sec": 7.723,
      "metrics": {
        "mean_acc": 73.34,
        "task_acc": [
          79.22,
          68.82,
          58.89,
          54.7,
          78.33,
          65.44,
          68.06,
          63.97,
          70.85
        ],
        "harmonic_acc": 72.09,
        "base_avg_acc": 79.22,
        "inc_avg_acc": 66.13,
        "nll": 5.055066,
        "brier": 0.992811,
        "ece": 0.726983,
        "beta_prior": 0.3
      }
    },
    {
      "task_id": 9,
      "elapsed_time_sec": 8.11,
      "metrics": {
        "mean_acc": 73.57,
        "task_acc": [
          79.16,
          68.46,
          59.23,
          55.37,
          78.33,
          64.43,
          67.71,
          63.64,
          70.17,
          80.21
        ],
        "harmonic_acc": 72.87,
        "base_avg_acc": 79.16,
        "inc_avg_acc": 67.51,
        "nll": 5.10884,
        "brier": 0.993185,
        "ece": 0.729645,
        "beta_prior": 0.3
      }
    },
    {
      "task_id": 10,
      "elapsed_time_sec": 8.59,
      "metrics": {
        "mean_acc": 73.78,
        "task_acc": [
          79.09,
          68.46,
          59.93,
          55.37,
          78.67,
          65.1,
          67.71,
          62.29,
          69.83,
          78.82,
          79.67
        ],
        "harmonic_acc": 73.46,
        "base_avg_acc": 79.09,
        "inc_avg_acc": 68.59,
        "nll": 5.160449,
        "brier": 0.993529,
        "ece": 0.732071,
        "beta_prior": 0.3
      }
    }
  ]
}