{
  "dataset": "cub200",
  "trainer": "bimc",
  "seed": 5,
  "runtime_sec": 76.205,
  "acc_list": [
    81.46,
    78.59,
    76.41,
    73.9,
    72.99,
    71.47,
    70.55,
    69.5,
    68.25,
    68.57,
    68.9
  ],
  "task_acc_list": [
    [
      81.46
    ],
    [
      80.76,
      56.27
    ],
    [
      80.73,
      55.91,
      53.31
    ],
    [
      80.73,
      55.56,
      48.43,
      50.0
    ],
    [
      80.41,
      55.56,
      44.95,
      47.65,
      70.33
    ],
    [
      80.24,
      54.48,
      44.6,
      47.99,
      69.33,
      54.7
    ],
    [
      79.99,
      54.48,
      43.55,
      47.65,
      69.33,
      54.36,
      60.76
    ],
    [
      79.78,
      54.48,
      43.55,
      47.65,
      69.0,
      54.36,
      58.33,
      57.91
    ],
    [
      79.71,
      54.48,
      43.21,
      47.32,
      69.0,
      54.03,
      57.99,
      47.81,
      59.66
    ],
    [
      79.64,
      54.48,
      43.9,
      47.32,
      69.0,
      54.03,
      57.99,
      48.15,
      58.64,
      75.0
    ],
    [
      79.92,
      52.69,
      43.21,
      46.31,
      69.0,
      53.69,
      58.68,
      47.47,
      57.97,
      75.0,
      76.67
    ]
  ],
  "task_results": [
    {
      "task_id": 0,
      "elapsed_time_sec": 4.227,
      "metrics": {
        "mean_acc": 81.46,
        "task_acc": [
          81.46
        ],
        "harmonic_acc": 0.0,
        "base_avg_acc": 81.46,
        "inc_avg_acc": 0.0,
        "nll": 4.468788,
        "brier": 0.987095,
        "ece": 0.803103,
        "beta_prior": 0.0
      }
    },
    {
      "task_id": 1,
      "elapsed_time_sec": 4.467,
      "metrics": {
        "mean_acc": 78.59,
        "task_acc": [
          80.76,
          56.27
        ],
        "harmonic_acc": 66.33,
        "base_avg_acc": 80.76,
        "inc_avg_acc": 56.27,
        "nll": 4.563164,
        "brier": 0.988249,
        "ece": 0.77541,
        "beta_prior": 0.0
      }
    },
    {
      "task_id": 2,
      "elapsed_time_sec": 4.843,
      "metrics": {
        "mean_acc": 76.41,
        "task_acc": [
          80.73,
          55.91,
          53.31
        ],
        "harmonic_acc": 65.15,
        "base_avg_acc": 80.73,
        "inc_avg_acc": 54.61,
        "nll": 4.650015,
        "brier": 0.989224,
        "ece": 0.754541,
        "beta_prior": 0.0
      }
    },
    {
      "task_id": 3,
      "elapsed_time_sec": 5.292,
      "metrics": {
        "mean_acc": 73.9,
        "task_acc": [
          80.73,
          55.56,
          48.43,
          50.0
        ],
        "harmonic_acc": 62.76,
        "base_avg_acc": 80.73,
        "inc_avg_acc": 51.33,
        "nll": 4.729752,
        "brier": 0.990048,
        "ece": 0.730135,
        "beta_prior": 0.0
      }
    },
    {
      "task_id": 4,
      "elapsed_time_sec": 5.677,
      "metrics": {
        "mean_acc": 72.99,
        "task_acc": [
          80.41,
          55.56,
          44.95,
          47.65,
          70.33
        ],
        "harmonic_acc": 65.05,
        "base_avg_acc": 80.41,
        "inc_avg_acc": 54.62,
        "nll": 4.804774,
        "brier": 0.990773,
        "ece": 0.721663,
        "beta_prior": 0.0
      }
    },
    {
      "task_id": 5,
      "elapsed_time_sec": 6.082,
      "metrics": {
        "mean_acc": 71.47,
        "task_acc": [
          80.24,
          54.48,
          44.6,
          47.99,
          69.33,
          54.7
        ],
        "harmonic_acc": 64.71,
        "base_avg_acc": 80.24,
        "inc_avg_acc": 54.22,
        "nll": 4.874115,
        "brier": 0.991393,
        "ece": 0.707069,
        "beta_prior": 0.0
      }
    },
    {
      "task_id": 6,
      "elapsed_time_sec": 6.495,
      "metrics": {
        "mean_acc": 70.55,
        "task_acc": [
          79.99,
          54.48,
          43.55,
          47.65,
          69.33,
          54.36,
          60.76
        ],
        "harmonic_acc": 65.2,
        "base_avg_acc": 79.99,
        "inc_avg_acc": 55.02,
        "nll": 4.940693,
        "brier": 0.99196,
        "ece": 0.698276,
        "beta_prior": 0.0
      }
    },
    {
      "task_id": 7,
      "elapsed_time_sec": 6.934,
      "metrics": {
        "mean_acc": 69.5,
        "task_acc": [
          79.78,
          54.48,
          43.55,
          47.65,
          69.0,
          54.36,
          58.33,
          57.91
        ],
        "harmonic_acc": 65.14,
        "base_avg_acc": 79.78,
        "inc_avg_acc": 55.04,
        "nll": 5.002904,
        "brier": 0.992454,
        "ece": 0.688217,
        "beta_prior": 0.0
      }
    },
    {
      "task_id": 8,
      "elapsed_time_sec": 7.351,
      "metrics": {
        "mean_acc": 68.25,
        "task_acc": [
          79.71,
          54.48,
          43.21,
          47.32,
          69.0,
          54.03,
          57.99,
          47.81,
          59.66
        ],
        "harmonic_acc": 64.52,
        "base_avg_acc": 79.71,
        "inc_avg_acc": 54.19,
        "nll": 5.061371,
        "brier": 0.992889,
        "ece": 0.67611,
        "beta_prior": 0.0
      }
    },
    {
      "task_id": 9,
      "elapsed_time_sec": 7.757,
      "metrics": {
        "mean_acc": 68.57,
        "task_acc": [
          79.64,
          54.48,
          43.9,
          47.32,
          69.0,
          54.03,
          57.99,
          48.15,
          58.64,
          75.0
        ],
        "harmonic_acc": 66.1,
        "base_avg_acc": 79.64,
        "inc_avg_acc": 56.5,
        "nll": 5.114937,
        "brier": 0.993257,
        "ece": 0.679618,
        "beta_prior": 0.0
      }
    },
    {
      "task_id": 10,
      "elapsed_time_sec": 8.172,
      "metrics": {
        "mean_acc": 68.9,
        "task_acc": [
          79.92,
          52.69,
          43.21,
          46.31,
          69.0,
          53.69,
          58.68,
          47.47,
          57.97,
          75.0,
          76.67
        ],
        "harmonic_acc": 67.26,
        "base_avg_acc": 79.92,
        "inc_avg_acc": 58.07,
        "nll": 5.167012,
        "brier": 0.993603,
        "ece": 0.683256,
        "beta_prior": 0.0
      }
    }
  ]
}