{
  "dataset": "cub200",
  "trainer": "bimc_oracle_joint",
  "seed": 1,
  "runtime_sec": 63.928,
  "acc_list": [
    81.98,
    79.8,
    78.92,
    75.67,
    74.9,
    73.83,
    73.13,
    72.69,
    71.67,
    72.22,
    72.16
  ],
  "task_acc_list": [
    [
      81.98
    ],
    [
      81.49,
      62.37
    ],
    [
      81.35,
      62.72,
      70.38
    ],
    [
      80.73,
      64.16,
      63.76,
      49.33
    ],
    [
      80.8,
      62.72,
      62.72,
      49.33,
      67.0
    ],
    [
      80.31,
      61.65,
      62.37,
      50.0,
      68.33,
      63.42
    ],
    [
      80.2,
      62.01,
      63.76,
      47.65,
      69.0,
      62.75,
      64.24
    ],
    [
      80.06,
      62.37,
      62.02,
      48.66,
      66.67,
      60.74,
      62.85,
      73.4
    ],
    [
      80.48,
      62.72,
      61.32,
      48.66,
      67.0,
      60.4,
      60.07,
      68.35,
      58.64
    ],
    [
      80.34,
      61.65,
      62.37,
      47.65,
      67.0,
      59.73,
      61.46,
      68.35,
      58.64,
      84.03
    ],
    [
      80.03,
      60.93,
      61.32,
      48.32,
      67.33,
      60.4,
      61.11,
      68.01,
      58.98,
      82.99,
      75.33
    ]
  ],
  "task_results": [
    {
      "task_id": 0,
      "elapsed_time_sec": 3.22,
      "metrics": {
        "mean_acc": 81.98,
        "task_acc": [
          81.98
        ],
        "harmonic_acc": 0.0,
        "base_avg_acc": 81.98,
        "inc_avg_acc": 0.0,
        "nll": 4.304688,
        "brier": 0.98291,
        "ece": 0.806252,
        "beta_prior": 0.3,
        "oracle_mode": "joint",
        "oracle_search_metric": "acc",
        "oracle_beta": 0.2,
        "oracle_delta": 0.0,
        "oracle_tau": 0.5
      }
    },
    {
      "task_id": 1,
      "elapsed_time_sec": 3.765,
      "metrics": {
        "mean_acc": 79.8,
        "task_acc": [
          81.49,
          62.37
        ],
        "harmonic_acc": 70.66,
        "base_avg_acc": 81.49,
        "inc_avg_acc": 62.37,
        "nll": 4.402344,
        "brier": 0.984375,
        "ece": 0.785627,
        "beta_prior": 0.3,
        "oracle_mode": "joint",
        "oracle_search_metric": "acc",
        "oracle_beta": 0.2,
        "oracle_delta": 0.0,
        "oracle_tau": 0.5
      }
    },
    {
      "task_id": 2,
      "elapsed_time_sec": 4.086,
      "metrics": {
        "mean_acc": 78.92,
        "task_acc": [
          81.35,
          62.72,
          70.38
        ],
        "harmonic_acc": 73.21,
        "base_avg_acc": 81.35,
        "inc_avg_acc": 66.55,
        "nll": 4.484375,
        "brier": 0.98584,
        "ece": 0.777845,
        "beta_prior": 0.3,
        "oracle_mode": "joint",
        "oracle_search_metric": "acc",
        "oracle_beta": 0.25,
        "oracle_delta": 0.0,
        "oracle_tau": 0.5
      }
    },
    {
      "task_id": 3,
      "elapsed_time_sec": 4.371,
      "metrics": {
        "mean_acc": 75.67,
        "task_acc": [
          80.73,
          64.16,
          63.76,
          49.33
        ],
        "harmonic_acc": 68.23,
        "base_avg_acc": 80.73,
        "inc_avg_acc": 59.08,
        "nll": 4.566406,
        "brier": 0.986816,
        "ece": 0.746216,
        "beta_prior": 0.3,
        "oracle_mode": "joint",
        "oracle_search_metric": "acc",
        "oracle_beta": 0.25,
        "oracle_delta": 0.0,
        "oracle_tau": 0.5
      }
    },
    {
      "task_id": 4,
      "elapsed_time_sec": 4.684,
      "metrics": {
        "mean_acc": 74.9,
        "task_acc": [
          80.8,
          62.72,
          62.72,
          49.33,
          67.0
        ],
        "harmonic_acc": 69.15,
        "base_avg_acc": 80.8,
        "inc_avg_acc": 60.44,
        "nll": 4.636719,
        "brier": 0.987793,
        "ece": 0.739234,
        "beta_prior": 0.3,
        "oracle_mode": "joint",
        "oracle_search_metric": "acc",
        "oracle_beta": 0.3,
        "oracle_delta": 0.0,
        "oracle_tau": 0.5
      }
    },
    {
      "task_id": 5,
      "elapsed_time_sec": 4.982,
      "metrics": {
        "mean_acc": 73.83,
        "task_acc": [
          80.31,
          61.65,
          62.37,
          50.0,
          68.33,
          63.42
        ],
        "harmonic_acc": 69.44,
        "base_avg_acc": 80.31,
        "inc_avg_acc": 61.15,
        "nll": 4.703125,
        "brier": 0.98877,
        "ece": 0.729163,
        "beta_prior": 0.3,
        "oracle_mode": "joint",
        "oracle_search_metric": "acc",
        "oracle_beta": 0.35,
        "oracle_delta": 0.0,
        "oracle_tau": 0.5
      }
    },
    {
      "task_id": 6,
      "elapsed_time_sec": 5.295,
      "metrics": {
        "mean_acc": 73.13,
        "task_acc": [
          80.2,
          62.01,
          63.76,
          47.65,
          69.0,
          62.75,
          64.24
        ],
        "harmonic_acc": 69.66,
        "base_avg_acc": 80.2,
        "inc_avg_acc": 61.57,
        "nll": 4.769531,
        "brier": 0.989258,
        "ece": 0.7227,
        "beta_prior": 0.3,
        "oracle_mode": "joint",
        "oracle_search_metric": "acc",
        "oracle_beta": 0.35,
        "oracle_delta": 0.0,
        "oracle_tau": 0.5
      }
    },
    {
      "task_id": 7,
      "elapsed_time_sec": 5.601,
      "metrics": {
        "mean_acc": 72.69,
        "task_acc": [
          80.06,
          62.37,
          62.02,
          48.66,
          66.67,
          60.74,
          62.85,
          73.4
        ],
        "harmonic_acc": 70.13,
        "base_avg_acc": 80.06,
        "inc_avg_acc": 62.39,
        "nll": 4.839844,
        "brier": 0.989746,
        "ece": 0.718952,
        "beta_prior": 0.3,
        "oracle_mode": "joint",
        "oracle_search_metric": "acc",
        "oracle_beta": 0.3,
        "oracle_delta": 0.0,
        "oracle_tau": 0.5
      }
    },
    {
      "task_id": 8,
      "elapsed_time_sec": 5.919,
      "metrics": {
        "mean_acc": 71.67,
        "task_acc": [
          80.48,
          62.72,
          61.32,
          48.66,
          67.0,
          60.4,
          60.07,
          68.35,
          58.64
        ],
        "harmonic_acc": 69.33,
        "base_avg_acc": 80.48,
        "inc_avg_acc": 60.9,
        "nll": 4.902344,
        "brier": 0.990723,
        "ece": 0.709189,
        "beta_prior": 0.3,
        "oracle_mode": "joint",
        "oracle_search_metric": "acc",
        "oracle_beta": 0.25,
        "oracle_delta": 0.0,
        "oracle_tau": 0.5
      }
    },
    {
      "task_id": 9,
      "elapsed_time_sec": 6.196,
      "metrics": {
        "mean_acc": 72.22,
        "task_acc": [
          80.34,
          61.65,
          62.37,
          47.65,
          67.0,
          59.73,
          61.46,
          68.35,
          58.64,
          84.03
        ],
        "harmonic_acc": 70.89,
        "base_avg_acc": 80.34,
        "inc_avg_acc": 63.43,
        "nll": 4.953125,
        "brier": 0.991211,
        "ece": 0.715109,
        "beta_prior": 0.3,
        "oracle_mode": "joint",
        "oracle_search_metric": "acc",
        "oracle_beta": 0.3,
        "oracle_delta": 0.0,
        "oracle_tau": 0.5
      }
    },
    {
      "task_id": 10,
      "elapsed_time_sec": 6.501,
      "metrics": {
        "mean_acc": 72.16,
        "task_acc": [
          80.03,
          60.93,
          61.32,
          48.32,
          67.33,
          60.4,
          61.11,
          68.01,
          58.98,
          82.99,
          75.33
        ],
        "harmonic_acc": 71.41,
        "base_avg_acc": 80.03,
        "inc_avg_acc": 64.47,
        "nll": 5.003906,
        "brier": 0.991211,
        "ece": 0.714841,
        "beta_prior": 0.3,
        "oracle_mode": "joint",
        "oracle_search_metric": "acc",
        "oracle_beta": 0.3,
        "oracle_delta": 0.0,
        "oracle_tau": 0.5
      }
    }
  ]
}