{
  "dataset": "cub200",
  "trainer": "bimc_dino_fusion",
  "seed": 7,
  "runtime_sec": 256.114,
  "acc_list": [
    86.35,
    85.52,
    85.16,
    83.93,
    83.79,
    82.57,
    82.81,
    83.45,
    83.35,
    83.96,
    84.35
  ],
  "task_acc_list": [
    [
      86.35
    ],
    [
      86.07,
      79.93
    ],
    [
      86.07,
      79.93,
      81.18
    ],
    [
      86.07,
      79.93,
      78.75,
      72.15
    ],
    [
      86.07,
      79.93,
      78.05,
      71.48,
      83.33
    ],
    [
      86.07,
      79.93,
      78.05,
      71.48,
      83.33,
      66.11
    ],
    [
      86.0,
      79.93,
      78.05,
      71.48,
      83.33,
      65.77,
      87.5
    ],
    [
      86.0,
      79.93,
      78.05,
      71.48,
      83.33,
      65.77,
      86.81,
      93.94
    ],
    [
      86.0,
      79.93,
      78.05,
      71.48,
      83.33,
      65.77,
      85.07,
      89.56,
      87.8
    ],
    [
      85.96,
      79.93,
      78.05,
      71.48,
      83.33,
      65.77,
      85.07,
      89.56,
      87.46,
      95.83
    ],
    [
      85.96,
      79.93,
      78.05,
      71.48,
      83.33,
      65.77,
      85.07,
      89.56,
      87.12,
      95.49,
      92.0
    ]
  ],
  "task_results": [
    {
      "task_id": 0,
      "elapsed_time_sec": 14.092,
      "metrics": {
        "mean_acc": 86.35,
        "task_acc": [
          86.35
        ],
        "harmonic_acc": 0.0,
        "base_avg_acc": 86.35,
        "inc_avg_acc": 0.0,
        "nll": 0.89055,
        "brier": 0.216717,
        "ece": 0.083843,
        "beta_prior": 0.0
      }
    },
    {
      "task_id": 1,
      "elapsed_time_sec": 15.368,
      "metrics": {
        "mean_acc": 85.52,
        "task_acc": [
          86.07,
          79.93
        ],
        "harmonic_acc": 82.89,
        "base_avg_acc": 86.07,
        "inc_avg_acc": 79.93,
        "nll": 0.909249,
        "brier": 0.229273,
        "ece": 0.088532,
        "beta_prior": 0.0
      }
    },
    {
      "task_id": 2,
      "elapsed_time_sec": 16.77,
      "metrics": {
        "mean_acc": 85.16,
        "task_acc": [
          86.07,
          79.93,
          81.18
        ],
        "harmonic_acc": 83.22,
        "base_avg_acc": 86.07,
        "inc_avg_acc": 80.56,
        "nll": 0.940663,
        "brier": 0.235388,
        "ece": 0.091353,
        "beta_prior": 0.0
      }
    },
    {
      "task_id": 3,
      "elapsed_time_sec": 18.241,
      "metrics": {
        "mean_acc": 83.93,
        "task_acc": [
          86.07,
          79.93,
          78.75,
          72.15
        ],
        "harmonic_acc": 81.25,
        "base_avg_acc": 86.07,
        "inc_avg_acc": 76.94,
        "nll": 1.003967,
        "brier": 0.25513,
        "ece": 0.099797,
        "beta_prior": 0.0
      }
    },
    {
      "task_id": 4,
      "elapsed_time_sec": 19.715,
      "metrics": {
        "mean_acc": 83.79,
        "task_acc": [
          86.07,
          79.93,
          78.05,
          71.48,
          83.33
        ],
        "harmonic_acc": 81.95,
        "base_avg_acc": 86.07,
        "inc_avg_acc": 78.2,
        "nll": 1.043272,
        "brier": 0.257852,
        "ece": 0.101068,
        "beta_prior": 0.0
      }
    },
    {
      "task_id": 5,
      "elapsed_time_sec": 21.18,
      "metrics": {
        "mean_acc": 82.57,
        "task_acc": [
          86.07,
          79.93,
          78.05,
          71.48,
          83.33,
          66.11
        ],
        "harmonic_acc": 80.6,
        "base_avg_acc": 86.07,
        "inc_avg_acc": 75.78,
        "nll": 1.111666,
        "brier": 0.279732,
        "ece": 0.109954,
        "beta_prior": 0.0
      }
    },
    {
      "task_id": 6,
      "elapsed_time_sec": 22.616,
      "metrics": {
        "mean_acc": 82.81,
        "task_acc": [
          86.0,
          79.93,
          78.05,
          71.48,
          83.33,
          65.77,
          87.5
        ],
        "harmonic_acc": 81.63,
        "base_avg_acc": 86.0,
        "inc_avg_acc": 77.68,
        "nll": 1.097077,
        "brier": 0.275807,
        "ece": 0.108729,
        "beta_prior": 0.0
      }
    },
    {
      "task_id": 7,
      "elapsed_time_sec": 24.184,
      "metrics": {
        "mean_acc": 83.45,
        "task_acc": [
          86.0,
          79.93,
          78.05,
          71.48,
          83.33,
          65.77,
          86.81,
          93.94
        ],
        "harmonic_acc": 82.84,
        "base_avg_acc": 86.0,
        "inc_avg_acc": 79.9,
        "nll": 1.082349,
        "brier": 0.266946,
        "ece": 0.105485,
        "beta_prior": 0.0
      }
    },
    {
      "task_id": 8,
      "elapsed_time_sec": 25.536,
      "metrics": {
        "mean_acc": 83.35,
        "task_acc": [
          86.0,
          79.93,
          78.05,
          71.48,
          83.33,
          65.77,
          85.07,
          89.56,
          87.8
        ],
        "harmonic_acc": 82.96,
        "base_avg_acc": 86.0,
        "inc_avg_acc": 80.12,
        "nll": 1.101081,
        "brier": 0.268106,
        "ece": 0.106337,
        "beta_prior": 0.0
      }
    },
    {
      "task_id": 9,
      "elapsed_time_sec": 26.891,
      "metrics": {
        "mean_acc": 83.96,
        "task_acc": [
          85.96,
          79.93,
          78.05,
          71.48,
          83.33,
          65.77,
          85.07,
          89.56,
          87.46,
          95.83
        ],
        "harmonic_acc": 83.84,
        "base_avg_acc": 85.96,
        "inc_avg_acc": 81.83,
        "nll": 1.059648,
        "brier": 0.259077,
        "ece": 0.101132,
        "beta_prior": 0.0
      }
    },
    {
      "task_id": 10,
      "elapsed_time_sec": 28.395,
      "metrics": {
        "mean_acc": 84.35,
        "task_acc": [
          85.96,
          79.93,
          78.05,
          71.48,
          83.33,
          65.77,
          85.07,
          89.56,
          87.12,
          95.49,
          92.0
        ],
        "harmonic_acc": 84.34,
        "base_avg_acc": 85.96,
        "inc_avg_acc": 82.78,
        "nll": 1.061059,
        "brier": 0.254071,
        "ece": 0.099139,
        "beta_prior": 0.0
      }
    }
  ]
}