{
  "dataset": "cub200",
  "trainer": "bimc",
  "seed": 15,
  "runtime_sec": 76.869,
  "acc_list": [
    82.23,
    80.53,
    80.0,
    76.77,
    76.27,
    74.78,
    73.91,
    73.33,
    72.05,
    72.22,
    72.13
  ],
  "task_acc_list": [
    [
      82.23
    ],
    [
      81.04,
      75.27
    ],
    [
      81.15,
      75.27,
      73.17
    ],
    [
      80.94,
      75.27,
      65.51,
      48.99
    ],
    [
      80.8,
      75.27,
      63.07,
      48.32,
      74.33
    ],
    [
      80.55,
      73.48,
      62.72,
      48.32,
      74.33,
      59.06
    ],
    [
      80.38,
      73.12,
      62.72,
      48.66,
      73.67,
      58.72,
      63.54
    ],
    [
      79.82,
      73.48,
      62.37,
      48.32,
      73.67,
      58.72,
      60.42,
      73.06
    ],
    [
      79.92,
      73.84,
      62.37,
      47.65,
      73.67,
      58.39,
      59.38,
      64.31,
      60.34
    ],
    [
      79.82,
      73.84,
      62.37,
      47.65,
      73.67,
      58.05,
      59.38,
      63.97,
      59.66,
      77.78
    ],
    [
      79.85,
      70.25,
      63.07,
      46.98,
      73.33,
      57.38,
      59.38,
      64.65,
      59.66,
      75.0,
      76.33
    ]
  ],
  "task_results": [
    {
      "task_id": 0,
      "elapsed_time_sec": 4.233,
      "metrics": {
        "mean_acc": 82.23,
        "task_acc": [
          82.23
        ],
        "harmonic_acc": 0.0,
        "base_avg_acc": 82.23,
        "inc_avg_acc": 0.0,
        "nll": 4.448106,
        "brier": 0.986622,
        "ece": 0.810544,
        "beta_prior": 0.3
      }
    },
    {
      "task_id": 1,
      "elapsed_time_sec": 4.474,
      "metrics": {
        "mean_acc": 80.53,
        "task_acc": [
          81.04,
          75.27
        ],
        "harmonic_acc": 78.05,
        "base_avg_acc": 81.04,
        "inc_avg_acc": 75.27,
        "nll": 4.543729,
        "brier": 0.987844,
        "ece": 0.794617,
        "beta_prior": 0.3
      }
    },
    {
      "task_id": 2,
      "elapsed_time_sec": 4.86,
      "metrics": {
        "mean_acc": 80.0,
        "task_acc": [
          81.15,
          75.27,
          73.17
        ],
        "harmonic_acc": 77.53,
        "base_avg_acc": 81.15,
        "inc_avg_acc": 74.22,
        "nll": 4.631308,
        "brier": 0.988868,
        "ece": 0.790228,
        "beta_prior": 0.3
      }
    },
    {
      "task_id": 3,
      "elapsed_time_sec": 5.265,
      "metrics": {
        "mean_acc": 76.77,
        "task_acc": [
          80.94,
          75.27,
          65.51,
          48.99
        ],
        "harmonic_acc": 71.01,
        "base_avg_acc": 80.94,
        "inc_avg_acc": 63.26,
        "nll": 4.712159,
        "brier": 0.989739,
        "ece": 0.758686,
        "beta_prior": 0.3
      }
    },
    {
      "task_id": 4,
      "elapsed_time_sec": 5.695,
      "metrics": {
        "mean_acc": 76.27,
        "task_acc": [
          80.8,
          75.27,
          63.07,
          48.32,
          74.33
        ],
        "harmonic_acc": 72.2,
        "base_avg_acc": 80.8,
        "inc_avg_acc": 65.25,
        "nll": 4.787232,
        "brier": 0.990488,
        "ece": 0.754295,
        "beta_prior": 0.3
      }
    },
    {
      "task_id": 5,
      "elapsed_time_sec": 6.079,
      "metrics": {
        "mean_acc": 74.78,
        "task_acc": [
          80.55,
          73.48,
          62.72,
          48.32,
          74.33,
          59.06
        ],
        "harmonic_acc": 71.07,
        "base_avg_acc": 80.55,
        "inc_avg_acc": 63.58,
        "nll": 4.856374,
        "brier": 0.991124,
        "ece": 0.739994,
        "beta_prior": 0.3
      }
    },
    {
      "task_id": 6,
      "elapsed_time_sec": 6.488,
      "metrics": {
        "mean_acc": 73.91,
        "task_acc": [
          80.38,
          73.12,
          62.72,
          48.66,
          73.67,
          58.72,
          63.54
        ],
        "harmonic_acc": 70.89,
        "base_avg_acc": 80.38,
        "inc_avg_acc": 63.4,
        "nll": 4.922968,
        "brier": 0.991708,
        "ece": 0.731747,
        "beta_prior": 0.3
      }
    },
    {
      "task_id": 7,
      "elapsed_time_sec": 6.914,
      "metrics": {
        "mean_acc": 73.33,
        "task_acc": [
          79.82,
          73.48,
          62.37,
          48.32,
          73.67,
          58.72,
          60.42,
          73.06
        ],
        "harmonic_acc": 71.22,
        "base_avg_acc": 79.82,
        "inc_avg_acc": 64.29,
        "nll": 4.985199,
        "brier": 0.992217,
        "ece": 0.726385,
        "beta_prior": 0.3
      }
    },
    {
      "task_id": 8,
      "elapsed_time_sec": 7.338,
      "metrics": {
        "mean_acc": 72.05,
        "task_acc": [
          79.92,
          73.84,
          62.37,
          47.65,
          73.67,
          58.39,
          59.38,
          64.31,
          60.34
        ],
        "harmonic_acc": 70.14,
        "base_avg_acc": 79.92,
        "inc_avg_acc": 62.49,
        "nll": 5.043827,
        "brier": 0.992669,
        "ece": 0.714037,
        "beta_prior": 0.3
      }
    },
    {
      "task_id": 9,
      "elapsed_time_sec": 7.713,
      "metrics": {
        "mean_acc": 72.22,
        "task_acc": [
          79.82,
          73.84,
          62.37,
          47.65,
          73.67,
          58.05,
          59.38,
          63.97,
          59.66,
          77.78
        ],
        "harmonic_acc": 71.07,
        "base_avg_acc": 79.82,
        "inc_avg_acc": 64.04,
        "nll": 5.097855,
        "brier": 0.993053,
        "ece": 0.716106,
        "beta_prior": 0.3
      }
    },
    {
      "task_id": 10,
      "elapsed_time_sec": 8.169,
      "metrics": {
        "mean_acc": 72.13,
        "task_acc": [
          79.85,
          70.25,
          63.07,
          46.98,
          73.33,
          57.38,
          59.38,
          64.65,
          59.66,
          75.0,
          76.33
        ],
        "harmonic_acc": 71.42,
        "base_avg_acc": 79.85,
        "inc_avg_acc": 64.6,
        "nll": 5.15004,
        "brier": 0.993411,
        "ece": 0.715439,
        "beta_prior": 0.3
      }
    }
  ]
}