{
  "dataset": "cub200",
  "trainer": "bimc",
  "seed": 8,
  "runtime_sec": 76.663,
  "acc_list": [
    81.46,
    78.97,
    77.46,
    74.68,
    73.44,
    72.08,
    70.91,
    70.23,
    68.5,
    68.78,
    68.66
  ],
  "task_acc_list": [
    [
      81.46
    ],
    [
      80.62,
      62.01
    ],
    [
      80.83,
      61.65,
      59.23
    ],
    [
      80.59,
      62.01,
      50.52,
      53.02
    ],
    [
      80.41,
      61.65,
      49.83,
      51.01,
      62.67
    ],
    [
      80.27,
      61.65,
      49.83,
      50.67,
      62.67,
      55.37
    ],
    [
      80.06,
      61.65,
      49.48,
      51.01,
      62.0,
      54.7,
      56.94
    ],
    [
      79.92,
      61.65,
      49.48,
      50.34,
      62.0,
      54.7,
      55.9,
      62.63
    ],
    [
      79.85,
      61.65,
      49.48,
      50.34,
      62.33,
      54.03,
      53.82,
      56.23,
      49.15
    ],
    [
      79.82,
      61.29,
      49.48,
      50.67,
      62.0,
      54.03,
      53.47,
      55.89,
      48.47,
      76.04
    ],
    [
      79.99,
      61.29,
      49.48,
      50.0,
      62.0,
      53.02,
      53.47,
      55.22,
      47.12,
      75.35,
      69.0
    ]
  ],
  "task_results": [
    {
      "task_id": 0,
      "elapsed_time_sec": 4.229,
      "metrics": {
        "mean_acc": 81.46,
        "task_acc": [
          81.46
        ],
        "harmonic_acc": 0.0,
        "base_avg_acc": 81.46,
        "inc_avg_acc": 0.0,
        "nll": 4.468788,
        "brier": 0.987095,
        "ece": 0.803103,
        "beta_prior": 0.0
      }
    },
    {
      "task_id": 1,
      "elapsed_time_sec": 4.492,
      "metrics": {
        "mean_acc": 78.97,
        "task_acc": [
          80.62,
          62.01
        ],
        "harmonic_acc": 70.1,
        "base_avg_acc": 80.62,
        "inc_avg_acc": 62.01,
        "nll": 4.562829,
        "brier": 0.988242,
        "ece": 0.779227,
        "beta_prior": 0.0
      }
    },
    {
      "task_id": 2,
      "elapsed_time_sec": 4.873,
      "metrics": {
        "mean_acc": 77.46,
        "task_acc": [
          80.83,
          61.65,
          59.23
        ],
        "harmonic_acc": 69.16,
        "base_avg_acc": 80.83,
        "inc_avg_acc": 60.44,
        "nll": 4.650105,
        "brier": 0.989226,
        "ece": 0.765042,
        "beta_prior": 0.0
      }
    },
    {
      "task_id": 3,
      "elapsed_time_sec": 5.281,
      "metrics": {
        "mean_acc": 74.68,
        "task_acc": [
          80.59,
          62.01,
          50.52,
          53.02
        ],
        "harmonic_acc": 65.51,
        "base_avg_acc": 80.59,
        "inc_avg_acc": 55.18,
        "nll": 4.730043,
        "brier": 0.990053,
        "ece": 0.737919,
        "beta_prior": 0.0
      }
    },
    {
      "task_id": 4,
      "elapsed_time_sec": 5.697,
      "metrics": {
        "mean_acc": 73.44,
        "task_acc": [
          80.41,
          61.65,
          49.83,
          51.01,
          62.67
        ],
        "harmonic_acc": 66.22,
        "base_avg_acc": 80.41,
        "inc_avg_acc": 56.29,
        "nll": 4.805318,
        "brier": 0.990782,
        "ece": 0.726138,
        "beta_prior": 0.0
      }
    },
    {
      "task_id": 5,
      "elapsed_time_sec": 6.105,
      "metrics": {
        "mean_acc": 72.08,
        "task_acc": [
          80.27,
          61.65,
          49.83,
          50.67,
          62.67,
          55.37
        ],
        "harmonic_acc": 66.0,
        "base_avg_acc": 80.27,
        "inc_avg_acc": 56.04,
        "nll": 4.87468,
        "brier": 0.991402,
        "ece": 0.713086,
        "beta_prior": 0.0
      }
    },
    {
      "task_id": 6,
      "elapsed_time_sec": 6.558,
      "metrics": {
        "mean_acc": 70.91,
        "task_acc": [
          80.06,
          61.65,
          49.48,
          51.01,
          62.0,
          54.7,
          56.94
        ],
        "harmonic_acc": 65.88,
        "base_avg_acc": 80.06,
        "inc_avg_acc": 55.96,
        "nll": 4.94115,
        "brier": 0.991966,
        "ece": 0.701966,
        "beta_prior": 0.0
      }
    },
    {
      "task_id": 7,
      "elapsed_time_sec": 6.941,
      "metrics": {
        "mean_acc": 70.23,
        "task_acc": [
          79.92,
          61.65,
          49.48,
          50.34,
          62.0,
          54.7,
          55.9,
          62.63
        ],
        "harmonic_acc": 66.32,
        "base_avg_acc": 79.92,
        "inc_avg_acc": 56.67,
        "nll": 5.003138,
        "brier": 0.992457,
        "ece": 0.695552,
        "beta_prior": 0.0
      }
    },
    {
      "task_id": 8,
      "elapsed_time_sec": 7.361,
      "metrics": {
        "mean_acc": 68.5,
        "task_acc": [
          79.85,
          61.65,
          49.48,
          50.34,
          62.33,
          54.03,
          53.82,
          56.23,
          49.15
        ],
        "harmonic_acc": 64.87,
        "base_avg_acc": 79.85,
        "inc_avg_acc": 54.63,
        "nll": 5.061656,
        "brier": 0.992893,
        "ece": 0.678611,
        "beta_prior": 0.0
      }
    },
    {
      "task_id": 9,
      "elapsed_time_sec": 7.774,
      "metrics": {
        "mean_acc": 68.78,
        "task_acc": [
          79.82,
          61.29,
          49.48,
          50.67,
          62.0,
          54.03,
          53.47,
          55.89,
          48.47,
          76.04
        ],
        "harmonic_acc": 66.38,
        "base_avg_acc": 79.82,
        "inc_avg_acc": 56.82,
        "nll": 5.115421,
        "brier": 0.993263,
        "ece": 0.681807,
        "beta_prior": 0.0
      }
    },
    {
      "task_id": 10,
      "elapsed_time_sec": 8.211,
      "metrics": {
        "mean_acc": 68.66,
        "task_acc": [
          79.99,
          61.29,
          49.48,
          50.0,
          62.0,
          53.02,
          53.47,
          55.22,
          47.12,
          75.35,
          69.0
        ],
        "harmonic_acc": 66.97,
        "base_avg_acc": 79.99,
        "inc_avg_acc": 57.6,
        "nll": 5.167452,
        "brier": 0.993608,
        "ece": 0.680844,
        "beta_prior": 0.0
      }
    }
  ]
}