{
  "dataset": "cub200",
  "trainer": "bimc_dino_fusion_ensemble",
  "seed": 10,
  "runtime_sec": 266.312,
  "acc_list": [
    88.16,
    86.48,
    85.83,
    85.01,
    85.23,
    83.77,
    83.96,
    84.36,
    84.17,
    84.56,
    84.93
  ],
  "task_acc_list": [
    [
      88.16
    ],
    [
      88.06,
      70.25
    ],
    [
      88.09,
      70.25,
      78.4
    ],
    [
      88.13,
      70.25,
      73.52,
      79.87
    ],
    [
      88.13,
      70.25,
      72.47,
      79.19,
      89.67
    ],
    [
      88.13,
      70.25,
      72.47,
      79.19,
      89.67,
      64.09
    ],
    [
      88.02,
      69.89,
      72.47,
      79.19,
      89.67,
      64.09,
      88.19
    ],
    [
      87.95,
      69.89,
      72.47,
      79.19,
      89.67,
      64.09,
      87.5,
      91.92
    ],
    [
      87.99,
      69.89,
      72.47,
      79.19,
      89.67,
      64.09,
      87.5,
      85.52,
      87.12
    ],
    [
      87.95,
      69.53,
      72.47,
      79.19,
      89.67,
      64.09,
      87.5,
      85.52,
      85.42,
      94.1
    ],
    [
      87.88,
      69.53,
      72.47,
      79.19,
      89.67,
      64.09,
      87.5,
      85.19,
      85.42,
      93.75,
      93.0
    ]
  ],
  "task_results": [
    {
      "task_id": 0,
      "elapsed_time_sec": 14.643,
      "metrics": {
        "mean_acc": 88.16,
        "task_acc": [
          88.16
        ],
        "harmonic_acc": 0.0,
        "base_avg_acc": 88.16,
        "inc_avg_acc": 0.0,
        "nll": 0.547428,
        "brier": 0.183482,
        "ece": 0.044411,
        "beta_prior": 0.3
      }
    },
    {
      "task_id": 1,
      "elapsed_time_sec": 15.969,
      "metrics": {
        "mean_acc": 86.48,
        "task_acc": [
          88.06,
          70.25
        ],
        "harmonic_acc": 78.15,
        "base_avg_acc": 88.06,
        "inc_avg_acc": 70.25,
        "nll": 0.616325,
        "brier": 0.208155,
        "ece": 0.038375,
        "beta_prior": 0.3
      }
    },
    {
      "task_id": 2,
      "elapsed_time_sec": 17.5,
      "metrics": {
        "mean_acc": 85.83,
        "task_acc": [
          88.09,
          70.25,
          78.4
        ],
        "harmonic_acc": 80.62,
        "base_avg_acc": 88.09,
        "inc_avg_acc": 74.32,
        "nll": 0.636829,
        "brier": 0.216594,
        "ece": 0.037047,
        "beta_prior": 0.3
      }
    },
    {
      "task_id": 3,
      "elapsed_time_sec": 18.946,
      "metrics": {
        "mean_acc": 85.01,
        "task_acc": [
          88.13,
          70.25,
          73.52,
          79.87
        ],
        "harmonic_acc": 80.77,
        "base_avg_acc": 88.13,
        "inc_avg_acc": 74.55,
        "nll": 0.675481,
        "brier": 0.228703,
        "ece": 0.045069,
        "beta_prior": 0.3
      }
    },
    {
      "task_id": 4,
      "elapsed_time_sec": 20.464,
      "metrics": {
        "mean_acc": 85.23,
        "task_acc": [
          88.13,
          70.25,
          72.47,
          79.19,
          89.67
        ],
        "harmonic_acc": 82.7,
        "base_avg_acc": 88.13,
        "inc_avg_acc": 77.9,
        "nll": 0.677722,
        "brier": 0.226609,
        "ece": 0.034915,
        "beta_prior": 0.3
      }
    },
    {
      "task_id": 5,
      "elapsed_time_sec": 21.995,
      "metrics": {
        "mean_acc": 83.77,
        "task_acc": [
          88.13,
          70.25,
          72.47,
          79.19,
          89.67,
          64.09
        ],
        "harmonic_acc": 81.11,
        "base_avg_acc": 88.13,
        "inc_avg_acc": 75.13,
        "nll": 0.72794,
        "brier": 0.243534,
        "ece": 0.044932,
        "beta_prior": 0.3
      }
    },
    {
      "task_id": 6,
      "elapsed_time_sec": 23.476,
      "metrics": {
        "mean_acc": 83.96,
        "task_acc": [
          88.02,
          69.89,
          72.47,
          79.19,
          89.67,
          64.09,
          88.19
        ],
        "harmonic_acc": 82.28,
        "base_avg_acc": 88.02,
        "inc_avg_acc": 77.25,
        "nll": 0.732918,
        "brier": 0.24075,
        "ece": 0.046248,
        "beta_prior": 0.3
      }
    },
    {
      "task_id": 7,
      "elapsed_time_sec": 25.084,
      "metrics": {
        "mean_acc": 84.36,
        "task_acc": [
          87.95,
          69.89,
          72.47,
          79.19,
          89.67,
          64.09,
          87.5,
          91.92
        ],
        "harmonic_acc": 83.37,
        "base_avg_acc": 87.95,
        "inc_avg_acc": 79.25,
        "nll": 0.72668,
        "brier": 0.23428,
        "ece": 0.051833,
        "beta_prior": 0.3
      }
    },
    {
      "task_id": 8,
      "elapsed_time_sec": 26.591,
      "metrics": {
        "mean_acc": 84.17,
        "task_acc": [
          87.99,
          69.89,
          72.47,
          79.19,
          89.67,
          64.09,
          87.5,
          85.52,
          87.12
        ],
        "harmonic_acc": 83.49,
        "base_avg_acc": 87.99,
        "inc_avg_acc": 79.43,
        "nll": 0.745781,
        "brier": 0.237617,
        "ece": 0.055522,
        "beta_prior": 0.3
      }
    },
    {
      "task_id": 9,
      "elapsed_time_sec": 27.922,
      "metrics": {
        "mean_acc": 84.56,
        "task_acc": [
          87.95,
          69.53,
          72.47,
          79.19,
          89.67,
          64.09,
          87.5,
          85.52,
          85.42,
          94.1
        ],
        "harmonic_acc": 84.24,
        "base_avg_acc": 87.95,
        "inc_avg_acc": 80.83,
        "nll": 0.731625,
        "brier": 0.232192,
        "ece": 0.056075,
        "beta_prior": 0.3
      }
    },
    {
      "task_id": 10,
      "elapsed_time_sec": 29.549,
      "metrics": {
        "mean_acc": 84.93,
        "task_acc": [
          87.88,
          69.53,
          72.47,
          79.19,
          89.67,
          64.09,
          87.5,
          85.19,
          85.42,
          93.75,
          93.0
        ],
        "harmonic_acc": 84.83,
        "base_avg_acc": 87.88,
        "inc_avg_acc": 81.98,
        "nll": 0.728291,
        "brier": 0.228495,
        "ece": 0.058859,
        "beta_prior": 0.3
      }
    }
  ]
}