{
  "dataset": "cub200",
  "trainer": "bimc_ensemble",
  "seed": 1,
  "runtime_sec": 82.354,
  "acc_list": [
    83.03,
    80.69,
    79.77,
    76.58,
    75.62,
    74.8,
    73.84,
    73.77,
    72.59,
    72.59,
    72.68
  ],
  "task_acc_list": [
    [
      83.03
    ],
    [
      81.11,
      76.34
    ],
    [
      80.9,
      75.99,
      72.13
    ],
    [
      80.87,
      74.91,
      63.76,
      49.33
    ],
    [
      80.2,
      74.55,
      61.67,
      48.66,
      73.0
    ],
    [
      80.17,
      72.4,
      61.67,
      49.66,
      73.33,
      64.77
    ],
    [
      79.33,
      71.33,
      62.37,
      48.99,
      73.33,
      64.43,
      69.1
    ],
    [
      79.43,
      71.33,
      61.67,
      48.66,
      73.0,
      64.77,
      67.36,
      74.41
    ],
    [
      79.5,
      71.68,
      60.98,
      48.66,
      72.67,
      64.43,
      62.5,
      67.34,
      65.08
    ],
    [
      79.16,
      71.33,
      61.32,
      48.32,
      73.33,
      63.76,
      62.15,
      67.0,
      61.02,
      81.25
    ],
    [
      79.02,
      70.97,
      60.98,
      46.98,
      73.0,
      63.42,
      63.19,
      66.67,
      60.68,
      81.6,
      77.67
    ]
  ],
  "task_results": [
    {
      "task_id": 0,
      "elapsed_time_sec": 4.533,
      "metrics": {
        "mean_acc": 83.03,
        "task_acc": [
          83.03
        ],
        "harmonic_acc": 0.0,
        "base_avg_acc": 83.03,
        "inc_avg_acc": 0.0,
        "nll": 4.462525,
        "brier": 0.986949,
        "ece": 0.818744,
        "beta_prior": 0.3
      }
    },
    {
      "task_id": 1,
      "elapsed_time_sec": 4.848,
      "metrics": {
        "mean_acc": 80.69,
        "task_acc": [
          81.11,
          76.34
        ],
        "harmonic_acc": 78.65,
        "base_avg_acc": 81.11,
        "inc_avg_acc": 76.34,
        "nll": 4.558913,
        "brier": 0.988158,
        "ece": 0.79637,
        "beta_prior": 0.3
      }
    },
    {
      "task_id": 2,
      "elapsed_time_sec": 5.254,
      "metrics": {
        "mean_acc": 79.77,
        "task_acc": [
          80.9,
          75.99,
          72.13
        ],
        "harmonic_acc": 77.33,
        "base_avg_acc": 80.9,
        "inc_avg_acc": 74.06,
        "nll": 4.645692,
        "brier": 0.98914,
        "ece": 0.788036,
        "beta_prior": 0.3
      }
    },
    {
      "task_id": 3,
      "elapsed_time_sec": 5.702,
      "metrics": {
        "mean_acc": 76.58,
        "task_acc": [
          80.87,
          74.91,
          63.76,
          49.33
        ],
        "harmonic_acc": 70.61,
        "base_avg_acc": 80.87,
        "inc_avg_acc": 62.67,
        "nll": 4.72567,
        "brier": 0.989976,
        "ece": 0.756931,
        "beta_prior": 0.3
      }
    },
    {
      "task_id": 4,
      "elapsed_time_sec": 6.158,
      "metrics": {
        "mean_acc": 75.62,
        "task_acc": [
          80.2,
          74.55,
          61.67,
          48.66,
          73.0
        ],
        "harmonic_acc": 71.48,
        "base_avg_acc": 80.2,
        "inc_avg_acc": 64.47,
        "nll": 4.800398,
        "brier": 0.990702,
        "ece": 0.747951,
        "beta_prior": 0.3
      }
    },
    {
      "task_id": 5,
      "elapsed_time_sec": 6.585,
      "metrics": {
        "mean_acc": 74.8,
        "task_acc": [
          80.17,
          72.4,
          61.67,
          49.66,
          73.33,
          64.77
        ],
        "harmonic_acc": 71.4,
        "base_avg_acc": 80.17,
        "inc_avg_acc": 64.37,
        "nll": 4.869056,
        "brier": 0.991317,
        "ece": 0.740326,
        "beta_prior": 0.3
      }
    },
    {
      "task_id": 6,
      "elapsed_time_sec": 7.022,
      "metrics": {
        "mean_acc": 73.84,
        "task_acc": [
          79.33,
          71.33,
          62.37,
          48.99,
          73.33,
          64.43,
          69.1
        ],
        "harmonic_acc": 71.41,
        "base_avg_acc": 79.33,
        "inc_avg_acc": 64.92,
        "nll": 4.935135,
        "brier": 0.991881,
        "ece": 0.731189,
        "beta_prior": 0.3
      }
    },
    {
      "task_id": 7,
      "elapsed_time_sec": 7.495,
      "metrics": {
        "mean_acc": 73.77,
        "task_acc": [
          79.43,
          71.33,
          61.67,
          48.66,
          73.0,
          64.77,
          67.36,
          74.41
        ],
        "harmonic_acc": 72.03,
        "base_avg_acc": 79.43,
        "inc_avg_acc": 65.89,
        "nll": 4.996862,
        "brier": 0.992374,
        "ece": 0.730947,
        "beta_prior": 0.3
      }
    },
    {
      "task_id": 8,
      "elapsed_time_sec": 7.965,
      "metrics": {
        "mean_acc": 72.59,
        "task_acc": [
          79.5,
          71.68,
          60.98,
          48.66,
          72.67,
          64.43,
          62.5,
          67.34,
          65.08
        ],
        "harmonic_acc": 71.02,
        "base_avg_acc": 79.5,
        "inc_avg_acc": 64.17,
        "nll": 5.055062,
        "brier": 0.992811,
        "ece": 0.719491,
        "beta_prior": 0.3
      }
    },
    {
      "task_id": 9,
      "elapsed_time_sec": 8.366,
      "metrics": {
        "mean_acc": 72.59,
        "task_acc": [
          79.16,
          71.33,
          61.32,
          48.32,
          73.33,
          63.76,
          62.15,
          67.0,
          61.02,
          81.25
        ],
        "harmonic_acc": 71.68,
        "base_avg_acc": 79.16,
        "inc_avg_acc": 65.5,
        "nll": 5.108747,
        "brier": 0.993184,
        "ece": 0.719815,
        "beta_prior": 0.3
      }
    },
    {
      "task_id": 10,
      "elapsed_time_sec": 8.923,
      "metrics": {
        "mean_acc": 72.68,
        "task_acc": [
          79.02,
          70.97,
          60.98,
          46.98,
          73.0,
          63.42,
          63.19,
          66.67,
          60.68,
          81.6,
          77.67
        ],
        "harmonic_acc": 72.23,
        "base_avg_acc": 79.02,
        "inc_avg_acc": 66.52,
        "nll": 5.160463,
        "brier": 0.993529,
        "ece": 0.721025,
        "beta_prior": 0.3
      }
    }
  ]
}