{
  "dataset": "cub200",
  "trainer": "bimc_dino_fusion_ensemble",
  "seed": 9,
  "runtime_sec": 265.726,
  "acc_list": [
    88.16,
    86.67,
    86.56,
    85.41,
    85.7,
    84.81,
    84.94,
    85.42,
    84.65,
    85.17,
    85.43
  ],
  "task_acc_list": [
    [
      88.16
    ],
    [
      88.16,
      71.33
    ],
    [
      88.2,
      70.97,
      85.37
    ],
    [
      88.23,
      70.97,
      79.09,
      77.85
    ],
    [
      88.16,
      71.33,
      78.4,
      77.18,
      91.0
    ],
    [
      88.23,
      70.97,
      78.05,
      77.52,
      91.0,
      72.48
    ],
    [
      88.09,
      70.97,
      78.05,
      77.52,
      91.0,
      72.15,
      88.54
    ],
    [
      87.99,
      70.61,
      78.05,
      77.52,
      91.0,
      72.15,
      88.19,
      94.61
    ],
    [
      87.92,
      70.97,
      78.05,
      77.18,
      91.0,
      72.15,
      86.46,
      84.51,
      84.41
    ],
    [
      87.81,
      70.97,
      78.05,
      77.18,
      91.0,
      72.15,
      86.46,
      84.51,
      84.07,
      95.83
    ],
    [
      87.85,
      71.33,
      78.05,
      77.18,
      91.0,
      71.81,
      86.46,
      83.84,
      83.73,
      95.14,
      91.67
    ]
  ],
  "task_results": [
    {
      "task_id": 0,
      "elapsed_time_sec": 14.648,
      "metrics": {
        "mean_acc": 88.16,
        "task_acc": [
          88.16
        ],
        "harmonic_acc": 0.0,
        "base_avg_acc": 88.16,
        "inc_avg_acc": 0.0,
        "nll": 0.547428,
        "brier": 0.183482,
        "ece": 0.044411,
        "beta_prior": 0.3
      }
    },
    {
      "task_id": 1,
      "elapsed_time_sec": 15.953,
      "metrics": {
        "mean_acc": 86.67,
        "task_acc": [
          88.16,
          71.33
        ],
        "harmonic_acc": 78.86,
        "base_avg_acc": 88.16,
        "inc_avg_acc": 71.33,
        "nll": 0.594511,
        "brier": 0.203397,
        "ece": 0.035724,
        "beta_prior": 0.3
      }
    },
    {
      "task_id": 2,
      "elapsed_time_sec": 17.428,
      "metrics": {
        "mean_acc": 86.56,
        "task_acc": [
          88.2,
          70.97,
          85.37
        ],
        "harmonic_acc": 82.88,
        "base_avg_acc": 88.2,
        "inc_avg_acc": 78.17,
        "nll": 0.609312,
        "brier": 0.206098,
        "ece": 0.035562,
        "beta_prior": 0.3
      }
    },
    {
      "task_id": 3,
      "elapsed_time_sec": 18.909,
      "metrics": {
        "mean_acc": 85.41,
        "task_acc": [
          88.23,
          70.97,
          79.09,
          77.85
        ],
        "harmonic_acc": 81.64,
        "base_avg_acc": 88.23,
        "inc_avg_acc": 75.97,
        "nll": 0.662905,
        "brier": 0.22308,
        "ece": 0.043795,
        "beta_prior": 0.3
      }
    },
    {
      "task_id": 4,
      "elapsed_time_sec": 20.465,
      "metrics": {
        "mean_acc": 85.7,
        "task_acc": [
          88.16,
          71.33,
          78.4,
          77.18,
          91.0
        ],
        "harmonic_acc": 83.59,
        "base_avg_acc": 88.16,
        "inc_avg_acc": 79.48,
        "nll": 0.661809,
        "brier": 0.219095,
        "ece": 0.03457,
        "beta_prior": 0.3
      }
    },
    {
      "task_id": 5,
      "elapsed_time_sec": 21.946,
      "metrics": {
        "mean_acc": 84.81,
        "task_acc": [
          88.23,
          70.97,
          78.05,
          77.52,
          91.0,
          72.48
        ],
        "harmonic_acc": 82.8,
        "base_avg_acc": 88.23,
        "inc_avg_acc": 78.0,
        "nll": 0.692137,
        "brier": 0.231047,
        "ece": 0.039965,
        "beta_prior": 0.3
      }
    },
    {
      "task_id": 6,
      "elapsed_time_sec": 23.456,
      "metrics": {
        "mean_acc": 84.94,
        "task_acc": [
          88.09,
          70.97,
          78.05,
          77.52,
          91.0,
          72.15,
          88.54
        ],
        "harmonic_acc": 83.69,
        "base_avg_acc": 88.09,
        "inc_avg_acc": 79.7,
        "nll": 0.698068,
        "brier": 0.228916,
        "ece": 0.044641,
        "beta_prior": 0.3
      }
    },
    {
      "task_id": 7,
      "elapsed_time_sec": 24.936,
      "metrics": {
        "mean_acc": 85.42,
        "task_acc": [
          87.99,
          70.61,
          78.05,
          77.52,
          91.0,
          72.15,
          88.19,
          94.61
        ],
        "harmonic_acc": 84.75,
        "base_avg_acc": 87.99,
        "inc_avg_acc": 81.73,
        "nll": 0.689048,
        "brier": 0.221838,
        "ece": 0.047979,
        "beta_prior": 0.3
      }
    },
    {
      "task_id": 8,
      "elapsed_time_sec": 26.581,
      "metrics": {
        "mean_acc": 84.65,
        "task_acc": [
          87.92,
          70.97,
          78.05,
          77.18,
          91.0,
          72.15,
          86.46,
          84.51,
          84.41
        ],
        "harmonic_acc": 84.1,
        "base_avg_acc": 87.92,
        "inc_avg_acc": 80.59,
        "nll": 0.724024,
        "brier": 0.2318,
        "ece": 0.053247,
        "beta_prior": 0.3
      }
    },
    {
      "task_id": 9,
      "elapsed_time_sec": 27.917,
      "metrics": {
        "mean_acc": 85.17,
        "task_acc": [
          87.81,
          70.97,
          78.05,
          77.18,
          91.0,
          72.15,
          86.46,
          84.51,
          84.07,
          95.83
        ],
        "harmonic_acc": 84.94,
        "base_avg_acc": 87.81,
        "inc_avg_acc": 82.25,
        "nll": 0.70863,
        "brier": 0.225006,
        "ece": 0.053058,
        "beta_prior": 0.3
      }
    },
    {
      "task_id": 10,
      "elapsed_time_sec": 29.438,
      "metrics": {
        "mean_acc": 85.43,
        "task_acc": [
          87.85,
          71.33,
          78.05,
          77.18,
          91.0,
          71.81,
          86.46,
          83.84,
          83.73,
          95.14,
          91.67
        ],
        "harmonic_acc": 85.37,
        "base_avg_acc": 87.85,
        "inc_avg_acc": 83.02,
        "nll": 0.706935,
        "brier": 0.221903,
        "ece": 0.054706,
        "beta_prior": 0.3
      }
    }
  ]
}