{
  "dataset": "cub200",
  "trainer": "bimc",
  "seed": 8,
  "runtime_sec": 77.141,
  "acc_list": [
    82.23,
    80.5,
    79.21,
    76.13,
    75.55,
    74.29,
    73.62,
    73.41,
    71.96,
    72.32,
    72.45
  ],
  "task_acc_list": [
    [
      82.23
    ],
    [
      81.49,
      70.25
    ],
    [
      81.39,
      69.89,
      66.55
    ],
    [
      81.18,
      69.53,
      55.75,
      53.36
    ],
    [
      81.04,
      69.53,
      54.01,
      50.34,
      74.33
    ],
    [
      80.87,
      68.1,
      53.66,
      50.67,
      72.33,
      62.42
    ],
    [
      80.55,
      68.1,
      52.61,
      50.34,
      73.0,
      62.08,
      67.71
    ],
    [
      80.27,
      68.1,
      52.61,
      50.34,
      72.67,
      62.42,
      65.28,
      75.08
    ],
    [
      80.24,
      67.74,
      52.61,
      50.34,
      72.33,
      62.08,
      63.89,
      68.35,
      57.29
    ],
    [
      80.03,
      67.74,
      52.61,
      50.0,
      73.33,
      61.41,
      64.58,
      68.69,
      56.27,
      80.9
    ],
    [
      80.13,
      67.03,
      52.61,
      49.33,
      73.33,
      61.41,
      63.89,
      68.35,
      55.93,
      80.56,
      77.0
    ]
  ],
  "task_results": [
    {
      "task_id": 0,
      "elapsed_time_sec": 4.224,
      "metrics": {
        "mean_acc": 82.23,
        "task_acc": [
          82.23
        ],
        "harmonic_acc": 0.0,
        "base_avg_acc": 82.23,
        "inc_avg_acc": 0.0,
        "nll": 4.448106,
        "brier": 0.986622,
        "ece": 0.810544,
        "beta_prior": 0.3
      }
    },
    {
      "task_id": 1,
      "elapsed_time_sec": 4.495,
      "metrics": {
        "mean_acc": 80.5,
        "task_acc": [
          81.49,
          70.25
        ],
        "harmonic_acc": 75.45,
        "base_avg_acc": 81.49,
        "inc_avg_acc": 70.25,
        "nll": 4.543826,
        "brier": 0.987847,
        "ece": 0.7943,
        "beta_prior": 0.3
      }
    },
    {
      "task_id": 2,
      "elapsed_time_sec": 4.858,
      "metrics": {
        "mean_acc": 79.21,
        "task_acc": [
          81.39,
          69.89,
          66.55
        ],
        "harmonic_acc": 74.23,
        "base_avg_acc": 81.39,
        "inc_avg_acc": 68.22,
        "nll": 4.631649,
        "brier": 0.988874,
        "ece": 0.782358,
        "beta_prior": 0.3
      }
    },
    {
      "task_id": 3,
      "elapsed_time_sec": 5.247,
      "metrics": {
        "mean_acc": 76.13,
        "task_acc": [
          81.18,
          69.53,
          55.75,
          53.36
        ],
        "harmonic_acc": 68.7,
        "base_avg_acc": 81.18,
        "inc_avg_acc": 59.55,
        "nll": 4.712353,
        "brier": 0.989743,
        "ece": 0.75225,
        "beta_prior": 0.3
      }
    },
    {
      "task_id": 4,
      "elapsed_time_sec": 5.664,
      "metrics": {
        "mean_acc": 75.55,
        "task_acc": [
          81.04,
          69.53,
          54.01,
          50.34,
          74.33
        ],
        "harmonic_acc": 70.29,
        "base_avg_acc": 81.04,
        "inc_avg_acc": 62.05,
        "nll": 4.787664,
        "brier": 0.990495,
        "ece": 0.747098,
        "beta_prior": 0.3
      }
    },
    {
      "task_id": 5,
      "elapsed_time_sec": 6.069,
      "metrics": {
        "mean_acc": 74.29,
        "task_acc": [
          80.87,
          68.1,
          53.66,
          50.67,
          72.33,
          62.42
        ],
        "harmonic_acc": 69.83,
        "base_avg_acc": 80.87,
        "inc_avg_acc": 61.44,
        "nll": 4.856994,
        "brier": 0.991134,
        "ece": 0.735146,
        "beta_prior": 0.3
      }
    },
    {
      "task_id": 6,
      "elapsed_time_sec": 6.453,
      "metrics": {
        "mean_acc": 73.62,
        "task_acc": [
          80.55,
          68.1,
          52.61,
          50.34,
          73.0,
          62.08,
          67.71
        ],
        "harmonic_acc": 70.26,
        "base_avg_acc": 80.55,
        "inc_avg_acc": 62.31,
        "nll": 4.923686,
        "brier": 0.991718,
        "ece": 0.728936,
        "beta_prior": 0.3
      }
    },
    {
      "task_id": 7,
      "elapsed_time_sec": 6.87,
      "metrics": {
        "mean_acc": 73.41,
        "task_acc": [
          80.27,
          68.1,
          52.61,
          50.34,
          72.67,
          62.42,
          65.28,
          75.08
        ],
        "harmonic_acc": 71.08,
        "base_avg_acc": 80.27,
        "inc_avg_acc": 63.79,
        "nll": 4.985824,
        "brier": 0.992226,
        "ece": 0.727205,
        "beta_prior": 0.3
      }
    },
    {
      "task_id": 8,
      "elapsed_time_sec": 7.291,
      "metrics": {
        "mean_acc": 71.96,
        "task_acc": [
          80.24,
          67.74,
          52.61,
          50.34,
          72.33,
          62.08,
          63.89,
          68.35,
          57.29
        ],
        "harmonic_acc": 69.84,
        "base_avg_acc": 80.24,
        "inc_avg_acc": 61.83,
        "nll": 5.044497,
        "brier": 0.992677,
        "ece": 0.713082,
        "beta_prior": 0.3
      }
    },
    {
      "task_id": 9,
      "elapsed_time_sec": 7.695,
      "metrics": {
        "mean_acc": 72.32,
        "task_acc": [
          80.03,
          67.74,
          52.61,
          50.0,
          73.33,
          61.41,
          64.58,
          68.69,
          56.27,
          80.9
        ],
        "harmonic_acc": 71.09,
        "base_avg_acc": 80.03,
        "inc_avg_acc": 63.95,
        "nll": 5.098473,
        "brier": 0.993061,
        "ece": 0.717021,
        "beta_prior": 0.3
      }
    },
    {
      "task_id": 10,
      "elapsed_time_sec": 8.127,
      "metrics": {
        "mean_acc": 72.45,
        "task_acc": [
          80.13,
          67.03,
          52.61,
          49.33,
          73.33,
          61.41,
          63.89,
          68.35,
          55.93,
          80.56,
          77.0
        ],
        "harmonic_acc": 71.74,
        "base_avg_acc": 80.13,
        "inc_avg_acc": 64.94,
        "nll": 5.15048,
        "brier": 0.993416,
        "ece": 0.718722,
        "beta_prior": 0.3
      }
    }
  ]
}