{
  "dataset": "cub200",
  "trainer": "bimc_dino_fusion_ensemble",
  "seed": 13,
  "runtime_sec": 253.008,
  "acc_list": [
    88.16,
    86.76,
    85.98,
    84.84,
    84.83,
    83.43,
    83.94,
    84.14,
    83.96,
    84.33,
    84.71
  ],
  "task_acc_list": [
    [
      88.16
    ],
    [
      88.13,
      72.76
    ],
    [
      88.13,
      72.76,
      77.35
    ],
    [
      88.09,
      72.4,
      75.61,
      74.16
    ],
    [
      88.06,
      72.4,
      74.22,
      73.15,
      87.33
    ],
    [
      88.09,
      72.04,
      74.22,
      73.15,
      87.33,
      64.43
    ],
    [
      88.13,
      72.04,
      74.22,
      73.15,
      87.33,
      64.43,
      91.32
    ],
    [
      88.06,
      72.04,
      74.22,
      73.15,
      87.33,
      64.43,
      89.93,
      89.23
    ],
    [
      87.92,
      71.68,
      74.22,
      73.15,
      87.33,
      64.09,
      89.24,
      86.87,
      86.1
    ],
    [
      87.85,
      71.68,
      74.22,
      73.15,
      87.33,
      64.09,
      89.24,
      86.87,
      85.76,
      92.01
    ],
    [
      87.74,
      71.68,
      74.22,
      73.15,
      87.33,
      63.76,
      89.24,
      86.2,
      85.76,
      92.01,
      93.67
    ]
  ],
  "task_results": [
    {
      "task_id": 0,
      "elapsed_time_sec": 13.883,
      "metrics": {
        "mean_acc": 88.16,
        "task_acc": [
          88.16
        ],
        "harmonic_acc": 0.0,
        "base_avg_acc": 88.16,
        "inc_avg_acc": 0.0,
        "nll": 0.547428,
        "brier": 0.183482,
        "ece": 0.044411,
        "beta_prior": 0.3
      }
    },
    {
      "task_id": 1,
      "elapsed_time_sec": 15.118,
      "metrics": {
        "mean_acc": 86.76,
        "task_acc": [
          88.13,
          72.76
        ],
        "harmonic_acc": 79.71,
        "base_avg_acc": 88.13,
        "inc_avg_acc": 72.76,
        "nll": 0.595356,
        "brier": 0.202198,
        "ece": 0.036416,
        "beta_prior": 0.3
      }
    },
    {
      "task_id": 2,
      "elapsed_time_sec": 16.515,
      "metrics": {
        "mean_acc": 85.98,
        "task_acc": [
          88.13,
          72.76,
          77.35
        ],
        "harmonic_acc": 81.07,
        "base_avg_acc": 88.13,
        "inc_avg_acc": 75.06,
        "nll": 0.617945,
        "brier": 0.212282,
        "ece": 0.036338,
        "beta_prior": 0.3
      }
    },
    {
      "task_id": 3,
      "elapsed_time_sec": 17.957,
      "metrics": {
        "mean_acc": 84.84,
        "task_acc": [
          88.09,
          72.4,
          75.61,
          74.16
        ],
        "harmonic_acc": 80.47,
        "base_avg_acc": 88.09,
        "inc_avg_acc": 74.06,
        "nll": 0.667803,
        "brier": 0.229741,
        "ece": 0.046331,
        "beta_prior": 0.3
      }
    },
    {
      "task_id": 4,
      "elapsed_time_sec": 19.417,
      "metrics": {
        "mean_acc": 84.83,
        "task_acc": [
          88.06,
          72.4,
          74.22,
          73.15,
          87.33
        ],
        "harmonic_acc": 82.03,
        "base_avg_acc": 88.06,
        "inc_avg_acc": 76.78,
        "nll": 0.672906,
        "brier": 0.229613,
        "ece": 0.043221,
        "beta_prior": 0.3
      }
    },
    {
      "task_id": 5,
      "elapsed_time_sec": 20.952,
      "metrics": {
        "mean_acc": 83.43,
        "task_acc": [
          88.09,
          72.04,
          74.22,
          73.15,
          87.33,
          64.43
        ],
        "harmonic_acc": 80.57,
        "base_avg_acc": 88.09,
        "inc_avg_acc": 74.23,
        "nll": 0.711429,
        "brier": 0.24568,
        "ece": 0.037468,
        "beta_prior": 0.3
      }
    },
    {
      "task_id": 6,
      "elapsed_time_sec": 22.339,
      "metrics": {
        "mean_acc": 83.94,
        "task_acc": [
          88.13,
          72.04,
          74.22,
          73.15,
          87.33,
          64.43,
          91.32
        ],
        "harmonic_acc": 82.24,
        "base_avg_acc": 88.13,
        "inc_avg_acc": 77.08,
        "nll": 0.713729,
        "brier": 0.241337,
        "ece": 0.039571,
        "beta_prior": 0.3
      }
    },
    {
      "task_id": 7,
      "elapsed_time_sec": 23.812,
      "metrics": {
        "mean_acc": 84.14,
        "task_acc": [
          88.06,
          72.04,
          74.22,
          73.15,
          87.33,
          64.43,
          89.93,
          89.23
        ],
        "harmonic_acc": 83.07,
        "base_avg_acc": 88.06,
        "inc_avg_acc": 78.62,
        "nll": 0.715601,
        "brier": 0.238496,
        "ece": 0.045347,
        "beta_prior": 0.3
      }
    },
    {
      "task_id": 8,
      "elapsed_time_sec": 25.2,
      "metrics": {
        "mean_acc": 83.96,
        "task_acc": [
          87.92,
          71.68,
          74.22,
          73.15,
          87.33,
          64.09,
          89.24,
          86.87,
          86.1
        ],
        "harmonic_acc": 83.27,
        "base_avg_acc": 87.92,
        "inc_avg_acc": 79.09,
        "nll": 0.732006,
        "brier": 0.239916,
        "ece": 0.050356,
        "beta_prior": 0.3
      }
    },
    {
      "task_id": 9,
      "elapsed_time_sec": 26.607,
      "metrics": {
        "mean_acc": 84.33,
        "task_acc": [
          87.85,
          71.68,
          74.22,
          73.15,
          87.33,
          64.09,
          89.24,
          86.87,
          85.76,
          92.01
        ],
        "harmonic_acc": 84.01,
        "base_avg_acc": 87.85,
        "inc_avg_acc": 80.48,
        "nll": 0.718245,
        "brier": 0.235047,
        "ece": 0.054724,
        "beta_prior": 0.3
      }
    },
    {
      "task_id": 10,
      "elapsed_time_sec": 27.946,
      "metrics": {
        "mean_acc": 84.71,
        "task_acc": [
          87.74,
          71.68,
          74.22,
          73.15,
          87.33,
          63.76,
          89.24,
          86.2,
          85.76,
          92.01,
          93.67
        ],
        "harmonic_acc": 84.61,
        "base_avg_acc": 87.74,
        "inc_avg_acc": 81.7,
        "nll": 0.715666,
        "brier": 0.231044,
        "ece": 0.055045,
        "beta_prior": 0.3
      }
    }
  ]
}