{
  "dataset": "cub200",
  "trainer": "bimc_dino_fusion_ensemble",
  "seed": 2,
  "runtime_sec": 254.793,
  "acc_list": [
    88.16,
    86.38,
    86.21,
    84.87,
    84.88,
    83.61,
    83.81,
    84.52,
    84.29,
    84.73,
    85.0
  ],
  "task_acc_list": [
    [
      88.16
    ],
    [
      88.2,
      67.74
    ],
    [
      88.23,
      67.74,
      83.97
    ],
    [
      88.23,
      67.74,
      78.75,
      74.5
    ],
    [
      88.23,
      67.74,
      76.31,
      74.16,
      87.67
    ],
    [
      88.27,
      67.38,
      76.31,
      74.16,
      87.67,
      66.44
    ],
    [
      88.09,
      66.67,
      76.31,
      74.16,
      87.67,
      66.44,
      89.24
    ],
    [
      88.09,
      67.03,
      76.31,
      74.16,
      87.67,
      66.44,
      89.24,
      95.29
    ],
    [
      88.06,
      66.67,
      76.31,
      74.16,
      87.67,
      66.11,
      87.15,
      90.91,
      87.8
    ],
    [
      87.99,
      66.67,
      76.31,
      74.16,
      87.67,
      66.11,
      87.15,
      90.91,
      87.12,
      94.1
    ],
    [
      87.92,
      66.67,
      76.31,
      74.16,
      87.67,
      65.77,
      87.15,
      90.57,
      87.12,
      93.75,
      91.67
    ]
  ],
  "task_results": [
    {
      "task_id": 0,
      "elapsed_time_sec": 13.852,
      "metrics": {
        "mean_acc": 88.16,
        "task_acc": [
          88.16
        ],
        "harmonic_acc": 0.0,
        "base_avg_acc": 88.16,
        "inc_avg_acc": 0.0,
        "nll": 0.547428,
        "brier": 0.183482,
        "ece": 0.044411,
        "beta_prior": 0.3
      }
    },
    {
      "task_id": 1,
      "elapsed_time_sec": 15.133,
      "metrics": {
        "mean_acc": 86.38,
        "task_acc": [
          88.2,
          67.74
        ],
        "harmonic_acc": 76.63,
        "base_avg_acc": 88.2,
        "inc_avg_acc": 67.74,
        "nll": 0.602538,
        "brier": 0.206208,
        "ece": 0.035824,
        "beta_prior": 0.3
      }
    },
    {
      "task_id": 2,
      "elapsed_time_sec": 16.508,
      "metrics": {
        "mean_acc": 86.21,
        "task_acc": [
          88.23,
          67.74,
          83.97
        ],
        "harmonic_acc": 81.58,
        "base_avg_acc": 88.23,
        "inc_avg_acc": 75.85,
        "nll": 0.619729,
        "brier": 0.210508,
        "ece": 0.032771,
        "beta_prior": 0.3
      }
    },
    {
      "task_id": 3,
      "elapsed_time_sec": 17.939,
      "metrics": {
        "mean_acc": 84.87,
        "task_acc": [
          88.23,
          67.74,
          78.75,
          74.5
        ],
        "harmonic_acc": 80.29,
        "base_avg_acc": 88.23,
        "inc_avg_acc": 73.66,
        "nll": 0.6705,
        "brier": 0.228758,
        "ece": 0.045782,
        "beta_prior": 0.3
      }
    },
    {
      "task_id": 4,
      "elapsed_time_sec": 19.411,
      "metrics": {
        "mean_acc": 84.88,
        "task_acc": [
          88.23,
          67.74,
          76.31,
          74.16,
          87.67
        ],
        "harmonic_acc": 81.93,
        "base_avg_acc": 88.23,
        "inc_avg_acc": 76.47,
        "nll": 0.677485,
        "brier": 0.229541,
        "ece": 0.039002,
        "beta_prior": 0.3
      }
    },
    {
      "task_id": 5,
      "elapsed_time_sec": 20.787,
      "metrics": {
        "mean_acc": 83.61,
        "task_acc": [
          88.27,
          67.38,
          76.31,
          74.16,
          87.67,
          66.44
        ],
        "harmonic_acc": 80.74,
        "base_avg_acc": 88.27,
        "inc_avg_acc": 74.39,
        "nll": 0.725296,
        "brier": 0.245554,
        "ece": 0.042161,
        "beta_prior": 0.3
      }
    },
    {
      "task_id": 6,
      "elapsed_time_sec": 22.171,
      "metrics": {
        "mean_acc": 83.81,
        "task_acc": [
          88.09,
          66.67,
          76.31,
          74.16,
          87.67,
          66.44,
          89.24
        ],
        "harmonic_acc": 82.03,
        "base_avg_acc": 88.09,
        "inc_avg_acc": 76.75,
        "nll": 0.728098,
        "brier": 0.241826,
        "ece": 0.051142,
        "beta_prior": 0.3
      }
    },
    {
      "task_id": 7,
      "elapsed_time_sec": 23.615,
      "metrics": {
        "mean_acc": 84.52,
        "task_acc": [
          88.09,
          67.03,
          76.31,
          74.16,
          87.67,
          66.44,
          89.24,
          95.29
        ],
        "harmonic_acc": 83.55,
        "base_avg_acc": 88.09,
        "inc_avg_acc": 79.45,
        "nll": 0.718504,
        "brier": 0.233412,
        "ece": 0.054099,
        "beta_prior": 0.3
      }
    },
    {
      "task_id": 8,
      "elapsed_time_sec": 25.036,
      "metrics": {
        "mean_acc": 84.29,
        "task_acc": [
          88.06,
          66.67,
          76.31,
          74.16,
          87.67,
          66.11,
          87.15,
          90.91,
          87.8
        ],
        "harmonic_acc": 83.62,
        "base_avg_acc": 88.06,
        "inc_avg_acc": 79.6,
        "nll": 0.734542,
        "brier": 0.236048,
        "ece": 0.059326,
        "beta_prior": 0.3
      }
    },
    {
      "task_id": 9,
      "elapsed_time_sec": 26.369,
      "metrics": {
        "mean_acc": 84.73,
        "task_acc": [
          87.99,
          66.67,
          76.31,
          74.16,
          87.67,
          66.11,
          87.15,
          90.91,
          87.12,
          94.1
        ],
        "harmonic_acc": 84.42,
        "base_avg_acc": 87.99,
        "inc_avg_acc": 81.13,
        "nll": 0.72018,
        "brier": 0.230278,
        "ece": 0.059428,
        "beta_prior": 0.3
      }
    },
    {
      "task_id": 10,
      "elapsed_time_sec": 27.822,
      "metrics": {
        "mean_acc": 85.0,
        "task_acc": [
          87.92,
          66.67,
          76.31,
          74.16,
          87.67,
          65.77,
          87.15,
          90.57,
          87.12,
          93.75,
          91.67
        ],
        "harmonic_acc": 84.9,
        "base_avg_acc": 87.92,
        "inc_avg_acc": 82.08,
        "nll": 0.718088,
        "brier": 0.226973,
        "ece": 0.060232,
        "beta_prior": 0.3
      }
    }
  ]
}