{
  "dataset": "cub200",
  "trainer": "bimc_dino_fusion",
  "seed": 16,
  "runtime_sec": 258.081,
  "acc_list": [
    86.35,
    85.24,
    84.66,
    83.91,
    83.79,
    82.29,
    82.75,
    83.06,
    83.0,
    83.51,
    83.9
  ],
  "task_acc_list": [
    [
      86.35
    ],
    [
      86.14,
      75.99
    ],
    [
      86.14,
      75.99,
      78.4
    ],
    [
      86.14,
      75.99,
      75.26,
      78.19
    ],
    [
      86.14,
      75.99,
      74.56,
      77.18,
      84.0
    ],
    [
      86.14,
      75.99,
      74.56,
      77.18,
      84.0,
      62.08
    ],
    [
      86.07,
      75.63,
      74.56,
      77.18,
      84.0,
      62.08,
      90.62
    ],
    [
      86.07,
      75.63,
      74.56,
      77.18,
      84.0,
      62.08,
      89.93,
      88.55
    ],
    [
      86.07,
      75.63,
      74.56,
      77.18,
      84.0,
      61.74,
      89.24,
      87.21,
      84.41
    ],
    [
      86.07,
      75.63,
      74.56,
      77.18,
      84.0,
      61.74,
      89.24,
      87.21,
      83.39,
      93.75
    ],
    [
      86.07,
      75.63,
      74.56,
      77.18,
      84.0,
      61.41,
      89.24,
      86.53,
      83.05,
      93.75,
      92.33
    ]
  ],
  "task_results": [
    {
      "task_id": 0,
      "elapsed_time_sec": 14.219,
      "metrics": {
        "mean_acc": 86.35,
        "task_acc": [
          86.35
        ],
        "harmonic_acc": 0.0,
        "base_avg_acc": 86.35,
        "inc_avg_acc": 0.0,
        "nll": 0.89055,
        "brier": 0.216717,
        "ece": 0.083843,
        "beta_prior": 0.0
      }
    },
    {
      "task_id": 1,
      "elapsed_time_sec": 15.547,
      "metrics": {
        "mean_acc": 85.24,
        "task_acc": [
          86.14,
          75.99
        ],
        "harmonic_acc": 80.75,
        "base_avg_acc": 86.14,
        "inc_avg_acc": 75.99,
        "nll": 0.912606,
        "brier": 0.233431,
        "ece": 0.092639,
        "beta_prior": 0.0
      }
    },
    {
      "task_id": 2,
      "elapsed_time_sec": 16.936,
      "metrics": {
        "mean_acc": 84.66,
        "task_acc": [
          86.14,
          75.99,
          78.4
        ],
        "harmonic_acc": 81.42,
        "base_avg_acc": 86.14,
        "inc_avg_acc": 77.19,
        "nll": 0.930275,
        "brier": 0.242903,
        "ece": 0.096587,
        "beta_prior": 0.0
      }
    },
    {
      "task_id": 3,
      "elapsed_time_sec": 18.448,
      "metrics": {
        "mean_acc": 83.91,
        "task_acc": [
          86.14,
          75.99,
          75.26,
          78.19
        ],
        "harmonic_acc": 81.02,
        "base_avg_acc": 86.14,
        "inc_avg_acc": 76.48,
        "nll": 0.995175,
        "brier": 0.256399,
        "ece": 0.101752,
        "beta_prior": 0.0
      }
    },
    {
      "task_id": 4,
      "elapsed_time_sec": 19.918,
      "metrics": {
        "mean_acc": 83.79,
        "task_acc": [
          86.14,
          75.99,
          74.56,
          77.18,
          84.0
        ],
        "harmonic_acc": 81.83,
        "base_avg_acc": 86.14,
        "inc_avg_acc": 77.93,
        "nll": 1.012848,
        "brier": 0.257044,
        "ece": 0.1015,
        "beta_prior": 0.0
      }
    },
    {
      "task_id": 5,
      "elapsed_time_sec": 21.267,
      "metrics": {
        "mean_acc": 82.29,
        "task_acc": [
          86.14,
          75.99,
          74.56,
          77.18,
          84.0,
          62.08
        ],
        "harmonic_acc": 80.05,
        "base_avg_acc": 86.14,
        "inc_avg_acc": 74.76,
        "nll": 1.122191,
        "brier": 0.282613,
        "ece": 0.112602,
        "beta_prior": 0.0
      }
    },
    {
      "task_id": 6,
      "elapsed_time_sec": 22.721,
      "metrics": {
        "mean_acc": 82.75,
        "task_acc": [
          86.07,
          75.63,
          74.56,
          77.18,
          84.0,
          62.08,
          90.62
        ],
        "harmonic_acc": 81.47,
        "base_avg_acc": 86.07,
        "inc_avg_acc": 77.34,
        "nll": 1.116692,
        "brier": 0.275908,
        "ece": 0.1101,
        "beta_prior": 0.0
      }
    },
    {
      "task_id": 7,
      "elapsed_time_sec": 24.18,
      "metrics": {
        "mean_acc": 83.06,
        "task_acc": [
          86.07,
          75.63,
          74.56,
          77.18,
          84.0,
          62.08,
          89.93,
          88.55
        ],
        "harmonic_acc": 82.3,
        "base_avg_acc": 86.07,
        "inc_avg_acc": 78.85,
        "nll": 1.11416,
        "brier": 0.271362,
        "ece": 0.10908,
        "beta_prior": 0.0
      }
    },
    {
      "task_id": 8,
      "elapsed_time_sec": 25.647,
      "metrics": {
        "mean_acc": 83.0,
        "task_acc": [
          86.07,
          75.63,
          74.56,
          77.18,
          84.0,
          61.74,
          89.24,
          87.21,
          84.41
        ],
        "harmonic_acc": 82.52,
        "base_avg_acc": 86.07,
        "inc_avg_acc": 79.25,
        "nll": 1.155892,
        "brier": 0.273174,
        "ece": 0.110553,
        "beta_prior": 0.0
      }
    },
    {
      "task_id": 9,
      "elapsed_time_sec": 27.043,
      "metrics": {
        "mean_acc": 83.51,
        "task_acc": [
          86.07,
          75.63,
          74.56,
          77.18,
          84.0,
          61.74,
          89.24,
          87.21,
          83.39,
          93.75
        ],
        "harmonic_acc": 83.32,
        "base_avg_acc": 86.07,
        "inc_avg_acc": 80.74,
        "nll": 1.111919,
        "brier": 0.264744,
        "ece": 0.105775,
        "beta_prior": 0.0
      }
    },
    {
      "task_id": 10,
      "elapsed_time_sec": 28.545,
      "metrics": {
        "mean_acc": 83.9,
        "task_acc": [
          86.07,
          75.63,
          74.56,
          77.18,
          84.0,
          61.41,
          89.24,
          86.53,
          83.05,
          93.75,
          92.33
        ],
        "harmonic_acc": 83.86,
        "base_avg_acc": 86.07,
        "inc_avg_acc": 81.77,
        "nll": 1.11464,
        "brier": 0.259629,
        "ece": 0.103534,
        "beta_prior": 0.0
      }
    }
  ]
}