{
  "dataset": "cub200",
  "trainer": "bimc",
  "seed": 3,
  "runtime_sec": 76.198,
  "acc_list": [
    81.46,
    78.62,
    76.91,
    73.66,
    72.24,
    71.15,
    70.31,
    69.35,
    67.83,
    68.0,
    67.93
  ],
  "task_acc_list": [
    [
      81.46
    ],
    [
      80.69,
      57.35
    ],
    [
      80.52,
      57.71,
      59.58
    ],
    [
      80.45,
      56.99,
      50.52,
      46.31
    ],
    [
      80.31,
      56.99,
      49.13,
      44.63,
      59.0
    ],
    [
      80.17,
      56.27,
      49.13,
      45.3,
      59.0,
      57.72
    ],
    [
      80.1,
      56.63,
      49.13,
      44.3,
      58.67,
      57.72,
      59.38
    ],
    [
      79.82,
      55.91,
      49.13,
      44.97,
      58.33,
      58.05,
      56.25,
      60.27
    ],
    [
      79.71,
      55.91,
      49.13,
      44.63,
      59.0,
      57.38,
      53.82,
      53.2,
      53.22
    ],
    [
      79.57,
      55.91,
      49.13,
      44.97,
      59.33,
      56.71,
      55.21,
      52.86,
      50.85,
      73.96
    ],
    [
      79.85,
      54.48,
      48.43,
      43.96,
      59.0,
      55.7,
      54.86,
      52.53,
      49.83,
      72.22,
      71.67
    ]
  ],
  "task_results": [
    {
      "task_id": 0,
      "elapsed_time_sec": 4.211,
      "metrics": {
        "mean_acc": 81.46,
        "task_acc": [
          81.46
        ],
        "harmonic_acc": 0.0,
        "base_avg_acc": 81.46,
        "inc_avg_acc": 0.0,
        "nll": 4.468788,
        "brier": 0.987095,
        "ece": 0.803103,
        "beta_prior": 0.0
      }
    },
    {
      "task_id": 1,
      "elapsed_time_sec": 4.476,
      "metrics": {
        "mean_acc": 78.62,
        "task_acc": [
          80.69,
          57.35
        ],
        "harmonic_acc": 67.05,
        "base_avg_acc": 80.69,
        "inc_avg_acc": 57.35,
        "nll": 4.56304,
        "brier": 0.988246,
        "ece": 0.775728,
        "beta_prior": 0.0
      }
    },
    {
      "task_id": 2,
      "elapsed_time_sec": 4.851,
      "metrics": {
        "mean_acc": 76.91,
        "task_acc": [
          80.52,
          57.71,
          59.58
        ],
        "harmonic_acc": 67.86,
        "base_avg_acc": 80.52,
        "inc_avg_acc": 58.64,
        "nll": 4.650189,
        "brier": 0.989228,
        "ece": 0.759502,
        "beta_prior": 0.0
      }
    },
    {
      "task_id": 3,
      "elapsed_time_sec": 5.249,
      "metrics": {
        "mean_acc": 73.66,
        "task_acc": [
          80.45,
          56.99,
          50.52,
          46.31
        ],
        "harmonic_acc": 62.63,
        "base_avg_acc": 80.45,
        "inc_avg_acc": 51.27,
        "nll": 4.729884,
        "brier": 0.990051,
        "ece": 0.727721,
        "beta_prior": 0.0
      }
    },
    {
      "task_id": 4,
      "elapsed_time_sec": 5.661,
      "metrics": {
        "mean_acc": 72.24,
        "task_acc": [
          80.31,
          56.99,
          49.13,
          44.63,
          59.0
        ],
        "harmonic_acc": 63.45,
        "base_avg_acc": 80.31,
        "inc_avg_acc": 52.44,
        "nll": 4.80499,
        "brier": 0.990777,
        "ece": 0.714216,
        "beta_prior": 0.0
      }
    },
    {
      "task_id": 5,
      "elapsed_time_sec": 6.1,
      "metrics": {
        "mean_acc": 71.15,
        "task_acc": [
          80.17,
          56.27,
          49.13,
          45.3,
          59.0,
          57.72
        ],
        "harmonic_acc": 64.16,
        "base_avg_acc": 80.17,
        "inc_avg_acc": 53.48,
        "nll": 4.874252,
        "brier": 0.991396,
        "ece": 0.703834,
        "beta_prior": 0.0
      }
    },
    {
      "task_id": 6,
      "elapsed_time_sec": 6.502,
      "metrics": {
        "mean_acc": 70.31,
        "task_acc": [
          80.1,
          56.63,
          49.13,
          44.3,
          58.67,
          57.72,
          59.38
        ],
        "harmonic_acc": 64.73,
        "base_avg_acc": 80.1,
        "inc_avg_acc": 54.31,
        "nll": 4.940464,
        "brier": 0.991957,
        "ece": 0.695891,
        "beta_prior": 0.0
      }
    },
    {
      "task_id": 7,
      "elapsed_time_sec": 6.954,
      "metrics": {
        "mean_acc": 69.35,
        "task_acc": [
          79.82,
          55.91,
          49.13,
          44.97,
          58.33,
          58.05,
          56.25,
          60.27
        ],
        "harmonic_acc": 64.92,
        "base_avg_acc": 79.82,
        "inc_avg_acc": 54.7,
        "nll": 5.002594,
        "brier": 0.99245,
        "ece": 0.68679,
        "beta_prior": 0.0
      }
    },
    {
      "task_id": 8,
      "elapsed_time_sec": 7.347,
      "metrics": {
        "mean_acc": 67.83,
        "task_acc": [
          79.71,
          55.91,
          49.13,
          44.63,
          59.0,
          57.38,
          53.82,
          53.2,
          53.22
        ],
        "harmonic_acc": 63.87,
        "base_avg_acc": 79.71,
        "inc_avg_acc": 53.29,
        "nll": 5.061283,
        "brier": 0.992889,
        "ece": 0.671885,
        "beta_prior": 0.0
      }
    },
    {
      "task_id": 9,
      "elapsed_time_sec": 7.747,
      "metrics": {
        "mean_acc": 68.0,
        "task_acc": [
          79.57,
          55.91,
          49.13,
          44.97,
          59.33,
          56.71,
          55.21,
          52.86,
          50.85,
          73.96
        ],
        "harmonic_acc": 65.35,
        "base_avg_acc": 79.57,
        "inc_avg_acc": 55.44,
        "nll": 5.1149,
        "brier": 0.993257,
        "ece": 0.673976,
        "beta_prior": 0.0
      }
    },
    {
      "task_id": 10,
      "elapsed_time_sec": 8.179,
      "metrics": {
        "mean_acc": 67.93,
        "task_acc": [
          79.85,
          54.48,
          48.43,
          43.96,
          59.0,
          55.7,
          54.86,
          52.53,
          49.83,
          72.22,
          71.67
        ],
        "harmonic_acc": 66.02,
        "base_avg_acc": 79.85,
        "inc_avg_acc": 56.27,
        "nll": 5.166986,
        "brier": 0.993603,
        "ece": 0.67359,
        "beta_prior": 0.0
      }
    }
  ]
}