{
  "dataset": "cub200",
  "trainer": "bimc_dino_fusion_ensemble",
  "seed": 18,
  "runtime_sec": 252.134,
  "acc_list": [
    88.16,
    86.57,
    86.06,
    85.17,
    85.18,
    83.96,
    84.24,
    84.57,
    84.34,
    84.73,
    85.16
  ],
  "task_acc_list": [
    [
      88.16
    ],
    [
      88.09,
      70.97
    ],
    [
      87.99,
      70.97,
      81.53
    ],
    [
      88.02,
      71.33,
      76.31,
      79.19
    ],
    [
      88.09,
      70.97,
      73.52,
      78.19,
      88.67
    ],
    [
      88.09,
      70.61,
      73.52,
      78.19,
      88.67,
      67.79
    ],
    [
      87.95,
      70.61,
      73.52,
      78.19,
      88.67,
      67.79,
      89.93
    ],
    [
      87.88,
      70.61,
      73.52,
      78.19,
      88.67,
      67.79,
      89.24,
      90.91
    ],
    [
      87.81,
      70.61,
      73.52,
      78.19,
      88.67,
      67.45,
      88.89,
      85.52,
      87.46
    ],
    [
      87.81,
      70.61,
      73.52,
      78.19,
      88.67,
      67.45,
      88.89,
      85.52,
      85.76,
      93.4
    ],
    [
      87.81,
      70.97,
      73.52,
      78.19,
      88.67,
      67.45,
      88.89,
      85.52,
      85.76,
      93.4,
      92.67
    ]
  ],
  "task_results": [
    {
      "task_id": 0,
      "elapsed_time_sec": 13.842,
      "metrics": {
        "mean_acc": 88.16,
        "task_acc": [
          88.16
        ],
        "harmonic_acc": 0.0,
        "base_avg_acc": 88.16,
        "inc_avg_acc": 0.0,
        "nll": 0.547428,
        "brier": 0.183482,
        "ece": 0.044411,
        "beta_prior": 0.3
      }
    },
    {
      "task_id": 1,
      "elapsed_time_sec": 15.099,
      "metrics": {
        "mean_acc": 86.57,
        "task_acc": [
          88.09,
          70.97
        ],
        "harmonic_acc": 78.61,
        "base_avg_acc": 88.09,
        "inc_avg_acc": 70.97,
        "nll": 0.590917,
        "brier": 0.202098,
        "ece": 0.037519,
        "beta_prior": 0.3
      }
    },
    {
      "task_id": 2,
      "elapsed_time_sec": 16.479,
      "metrics": {
        "mean_acc": 86.06,
        "task_acc": [
          87.99,
          70.97,
          81.53
        ],
        "harmonic_acc": 81.7,
        "base_avg_acc": 87.99,
        "inc_avg_acc": 76.25,
        "nll": 0.611187,
        "brier": 0.207474,
        "ece": 0.034348,
        "beta_prior": 0.3
      }
    },
    {
      "task_id": 3,
      "elapsed_time_sec": 17.891,
      "metrics": {
        "mean_acc": 85.17,
        "task_acc": [
          88.02,
          71.33,
          76.31,
          79.19
        ],
        "harmonic_acc": 81.34,
        "base_avg_acc": 88.02,
        "inc_avg_acc": 75.61,
        "nll": 0.651129,
        "brier": 0.221248,
        "ece": 0.044066,
        "beta_prior": 0.3
      }
    },
    {
      "task_id": 4,
      "elapsed_time_sec": 19.292,
      "metrics": {
        "mean_acc": 85.18,
        "task_acc": [
          88.09,
          70.97,
          73.52,
          78.19,
          88.67
        ],
        "harmonic_acc": 82.65,
        "base_avg_acc": 88.09,
        "inc_avg_acc": 77.84,
        "nll": 0.660828,
        "brier": 0.221817,
        "ece": 0.039752,
        "beta_prior": 0.3
      }
    },
    {
      "task_id": 5,
      "elapsed_time_sec": 20.832,
      "metrics": {
        "mean_acc": 83.96,
        "task_acc": [
          88.09,
          70.61,
          73.52,
          78.19,
          88.67,
          67.79
        ],
        "harmonic_acc": 81.46,
        "base_avg_acc": 88.09,
        "inc_avg_acc": 75.76,
        "nll": 0.719353,
        "brier": 0.238033,
        "ece": 0.045312,
        "beta_prior": 0.3
      }
    },
    {
      "task_id": 6,
      "elapsed_time_sec": 22.174,
      "metrics": {
        "mean_acc": 84.24,
        "task_acc": [
          87.95,
          70.61,
          73.52,
          78.19,
          88.67,
          67.79,
          89.93
        ],
        "harmonic_acc": 82.74,
        "base_avg_acc": 87.95,
        "inc_avg_acc": 78.12,
        "nll": 0.719553,
        "brier": 0.233922,
        "ece": 0.046595,
        "beta_prior": 0.3
      }
    },
    {
      "task_id": 7,
      "elapsed_time_sec": 23.657,
      "metrics": {
        "mean_acc": 84.57,
        "task_acc": [
          87.88,
          70.61,
          73.52,
          78.19,
          88.67,
          67.79,
          89.24,
          90.91
        ],
        "harmonic_acc": 83.67,
        "base_avg_acc": 87.88,
        "inc_avg_acc": 79.85,
        "nll": 0.717508,
        "brier": 0.228838,
        "ece": 0.053792,
        "beta_prior": 0.3
      }
    },
    {
      "task_id": 8,
      "elapsed_time_sec": 24.986,
      "metrics": {
        "mean_acc": 84.34,
        "task_acc": [
          87.81,
          70.61,
          73.52,
          78.19,
          88.67,
          67.45,
          88.89,
          85.52,
          87.46
        ],
        "harmonic_acc": 83.74,
        "base_avg_acc": 87.81,
        "inc_avg_acc": 80.04,
        "nll": 0.74049,
        "brier": 0.23244,
        "ece": 0.057165,
        "beta_prior": 0.3
      }
    },
    {
      "task_id": 9,
      "elapsed_time_sec": 26.484,
      "metrics": {
        "mean_acc": 84.73,
        "task_acc": [
          87.81,
          70.61,
          73.52,
          78.19,
          88.67,
          67.45,
          88.89,
          85.52,
          85.76,
          93.4
        ],
        "harmonic_acc": 84.45,
        "base_avg_acc": 87.81,
        "inc_avg_acc": 81.33,
        "nll": 0.726837,
        "brier": 0.227937,
        "ece": 0.057431,
        "beta_prior": 0.3
      }
    },
    {
      "task_id": 10,
      "elapsed_time_sec": 27.829,
      "metrics": {
        "mean_acc": 85.16,
        "task_acc": [
          87.81,
          70.97,
          73.52,
          78.19,
          88.67,
          67.45,
          88.89,
          85.52,
          85.76,
          93.4,
          92.67
        ],
        "harmonic_acc": 85.07,
        "base_avg_acc": 87.81,
        "inc_avg_acc": 82.5,
        "nll": 0.722238,
        "brier": 0.223591,
        "ece": 0.061302,
        "beta_prior": 0.3
      }
    }
  ]
}