{
  "dataset": "cub200",
  "trainer": "bimc",
  "seed": 12,
  "runtime_sec": 76.792,
  "acc_list": [
    81.46,
    78.56,
    76.5,
    73.71,
    72.37,
    71.31,
    70.85,
    70.09,
    68.36,
    68.64,
    68.1
  ],
  "task_acc_list": [
    [
      81.46
    ],
    [
      80.73,
      56.27
    ],
    [
      80.69,
      56.27,
      54.36
    ],
    [
      80.62,
      55.56,
      48.78,
      48.32
    ],
    [
      80.2,
      55.56,
      46.34,
      46.98,
      63.33
    ],
    [
      80.34,
      55.91,
      46.34,
      46.64,
      63.33,
      55.7
    ],
    [
      80.27,
      54.84,
      45.64,
      46.64,
      64.0,
      55.7,
      65.62
    ],
    [
      80.1,
      55.56,
      45.64,
      46.64,
      63.67,
      55.7,
      62.85,
      62.29
    ],
    [
      80.06,
      55.2,
      45.3,
      45.64,
      63.67,
      55.7,
      59.72,
      50.84,
      56.27
    ],
    [
      79.85,
      55.56,
      45.64,
      45.64,
      63.67,
      55.37,
      60.07,
      50.84,
      52.88,
      78.47
    ],
    [
      79.92,
      55.2,
      45.64,
      45.3,
      63.33,
      54.7,
      59.72,
      49.49,
      52.88,
      78.12,
      61.33
    ]
  ],
  "task_results": [
    {
      "task_id": 0,
      "elapsed_time_sec": 4.24,
      "metrics": {
        "mean_acc": 81.46,
        "task_acc": [
          81.46
        ],
        "harmonic_acc": 0.0,
        "base_avg_acc": 81.46,
        "inc_avg_acc": 0.0,
        "nll": 4.468788,
        "brier": 0.987095,
        "ece": 0.803103,
        "beta_prior": 0.0
      }
    },
    {
      "task_id": 1,
      "elapsed_time_sec": 4.514,
      "metrics": {
        "mean_acc": 78.56,
        "task_acc": [
          80.73,
          56.27
        ],
        "harmonic_acc": 66.32,
        "base_avg_acc": 80.73,
        "inc_avg_acc": 56.27,
        "nll": 4.563004,
        "brier": 0.988245,
        "ece": 0.775091,
        "beta_prior": 0.0
      }
    },
    {
      "task_id": 2,
      "elapsed_time_sec": 4.887,
      "metrics": {
        "mean_acc": 76.5,
        "task_acc": [
          80.69,
          56.27,
          54.36
        ],
        "harmonic_acc": 65.64,
        "base_avg_acc": 80.69,
        "inc_avg_acc": 55.32,
        "nll": 4.650285,
        "brier": 0.989229,
        "ece": 0.755421,
        "beta_prior": 0.0
      }
    },
    {
      "task_id": 3,
      "elapsed_time_sec": 5.289,
      "metrics": {
        "mean_acc": 73.71,
        "task_acc": [
          80.62,
          55.56,
          48.78,
          48.32
        ],
        "harmonic_acc": 62.39,
        "base_avg_acc": 80.62,
        "inc_avg_acc": 50.89,
        "nll": 4.730507,
        "brier": 0.990061,
        "ece": 0.728267,
        "beta_prior": 0.0
      }
    },
    {
      "task_id": 4,
      "elapsed_time_sec": 5.713,
      "metrics": {
        "mean_acc": 72.37,
        "task_acc": [
          80.2,
          55.56,
          46.34,
          46.98,
          63.33
        ],
        "harmonic_acc": 63.86,
        "base_avg_acc": 80.2,
        "inc_avg_acc": 53.05,
        "nll": 4.806072,
        "brier": 0.990794,
        "ece": 0.715469,
        "beta_prior": 0.0
      }
    },
    {
      "task_id": 5,
      "elapsed_time_sec": 6.106,
      "metrics": {
        "mean_acc": 71.31,
        "task_acc": [
          80.34,
          55.91,
          46.34,
          46.64,
          63.33,
          55.7
        ],
        "harmonic_acc": 64.29,
        "base_avg_acc": 80.34,
        "inc_avg_acc": 53.58,
        "nll": 4.875166,
        "brier": 0.991409,
        "ece": 0.705461,
        "beta_prior": 0.0
      }
    },
    {
      "task_id": 6,
      "elapsed_time_sec": 6.52,
      "metrics": {
        "mean_acc": 70.85,
        "task_acc": [
          80.27,
          54.84,
          45.64,
          46.64,
          64.0,
          55.7,
          65.62
        ],
        "harmonic_acc": 65.56,
        "base_avg_acc": 80.27,
        "inc_avg_acc": 55.41,
        "nll": 4.941525,
        "brier": 0.991972,
        "ece": 0.701319,
        "beta_prior": 0.0
      }
    },
    {
      "task_id": 7,
      "elapsed_time_sec": 6.991,
      "metrics": {
        "mean_acc": 70.09,
        "task_acc": [
          80.1,
          55.56,
          45.64,
          46.64,
          63.67,
          55.7,
          62.85,
          62.29
        ],
        "harmonic_acc": 65.95,
        "base_avg_acc": 80.1,
        "inc_avg_acc": 56.05,
        "nll": 5.00331,
        "brier": 0.992459,
        "ece": 0.694127,
        "beta_prior": 0.0
      }
    },
    {
      "task_id": 8,
      "elapsed_time_sec": 7.388,
      "metrics": {
        "mean_acc": 68.36,
        "task_acc": [
          80.06,
          55.2,
          45.3,
          45.64,
          63.67,
          55.7,
          59.72,
          50.84,
          56.27
        ],
        "harmonic_acc": 64.53,
        "base_avg_acc": 80.06,
        "inc_avg_acc": 54.04,
        "nll": 5.061802,
        "brier": 0.992895,
        "ece": 0.677268,
        "beta_prior": 0.0
      }
    },
    {
      "task_id": 9,
      "elapsed_time_sec": 7.78,
      "metrics": {
        "mean_acc": 68.64,
        "task_acc": [
          79.85,
          55.56,
          45.64,
          45.64,
          63.67,
          55.37,
          60.07,
          50.84,
          52.88,
          78.47
        ],
        "harmonic_acc": 66.15,
        "base_avg_acc": 79.85,
        "inc_avg_acc": 56.46,
        "nll": 5.115441,
        "brier": 0.993263,
        "ece": 0.680351,
        "beta_prior": 0.0
      }
    },
    {
      "task_id": 10,
      "elapsed_time_sec": 8.224,
      "metrics": {
        "mean_acc": 68.1,
        "task_acc": [
          79.92,
          55.2,
          45.64,
          45.3,
          63.33,
          54.7,
          59.72,
          49.49,
          52.88,
          78.12,
          61.33
        ],
        "harmonic_acc": 66.25,
        "base_avg_acc": 79.92,
        "inc_avg_acc": 56.57,
        "nll": 5.167695,
        "brier": 0.993611,
        "ece": 0.675322,
        "beta_prior": 0.0
      }
    }
  ]
}