{
  "dataset": "cub200",
  "trainer": "bimc_ensemble",
  "seed": 18,
  "runtime_sec": 76.477,
  "acc_list": [
    83.03,
    80.97,
    79.91,
    76.66,
    76.02,
    74.83,
    74.14,
    73.65,
    72.21,
    72.02,
    72.13
  ],
  "task_acc_list": [
    [
      83.03
    ],
    [
      81.49,
      75.63
    ],
    [
      81.11,
      75.27,
      72.47
    ],
    [
      81.15,
      73.84,
      62.02,
      50.34
    ],
    [
      80.38,
      73.12,
      59.58,
      47.65,
      81.0
    ],
    [
      80.38,
      72.04,
      58.89,
      46.64,
      80.0,
      62.42
    ],
    [
      79.71,
      70.61,
      59.23,
      47.32,
      80.0,
      62.42,
      70.83
    ],
    [
      79.64,
      70.61,
      58.54,
      45.97,
      80.67,
      62.42,
      69.79,
      69.02
    ],
    [
      79.64,
      69.53,
      58.89,
      45.97,
      80.67,
      62.08,
      66.67,
      57.24,
      64.07
    ],
    [
      79.22,
      69.89,
      58.54,
      46.31,
      80.67,
      62.08,
      65.62,
      56.23,
      61.36,
      77.43
    ],
    [
      79.12,
      69.18,
      59.93,
      46.64,
      80.33,
      62.42,
      65.62,
      53.87,
      60.68,
      77.43,
      77.0
    ]
  ],
  "task_results": [
    {
      "task_id": 0,
      "elapsed_time_sec": 4.237,
      "metrics": {
        "mean_acc": 83.03,
        "task_acc": [
          83.03
        ],
        "harmonic_acc": 0.0,
        "base_avg_acc": 83.03,
        "inc_avg_acc": 0.0,
        "nll": 4.462525,
        "brier": 0.986949,
        "ece": 0.818744,
        "beta_prior": 0.3
      }
    },
    {
      "task_id": 1,
      "elapsed_time_sec": 4.488,
      "metrics": {
        "mean_acc": 80.97,
        "task_acc": [
          81.49,
          75.63
        ],
        "harmonic_acc": 78.45,
        "base_avg_acc": 81.49,
        "inc_avg_acc": 75.63,
        "nll": 4.558805,
        "brier": 0.988156,
        "ece": 0.799233,
        "beta_prior": 0.3
      }
    },
    {
      "task_id": 2,
      "elapsed_time_sec": 4.854,
      "metrics": {
        "mean_acc": 79.91,
        "task_acc": [
          81.11,
          75.27,
          72.47
        ],
        "harmonic_acc": 77.32,
        "base_avg_acc": 81.11,
        "inc_avg_acc": 73.87,
        "nll": 4.645598,
        "brier": 0.989139,
        "ece": 0.789494,
        "beta_prior": 0.3
      }
    },
    {
      "task_id": 3,
      "elapsed_time_sec": 5.269,
      "metrics": {
        "mean_acc": 76.66,
        "task_acc": [
          81.15,
          73.84,
          62.02,
          50.34
        ],
        "harmonic_acc": 70.34,
        "base_avg_acc": 81.15,
        "inc_avg_acc": 62.07,
        "nll": 4.725777,
        "brier": 0.989978,
        "ece": 0.757737,
        "beta_prior": 0.3
      }
    },
    {
      "task_id": 4,
      "elapsed_time_sec": 5.673,
      "metrics": {
        "mean_acc": 76.02,
        "task_acc": [
          80.38,
          73.12,
          59.58,
          47.65,
          81.0
        ],
        "harmonic_acc": 72.08,
        "base_avg_acc": 80.38,
        "inc_avg_acc": 65.34,
        "nll": 4.800373,
        "brier": 0.990701,
        "ece": 0.751923,
        "beta_prior": 0.3
      }
    },
    {
      "task_id": 5,
      "elapsed_time_sec": 6.099,
      "metrics": {
        "mean_acc": 74.83,
        "task_acc": [
          80.38,
          72.04,
          58.89,
          46.64,
          80.0,
          62.42
        ],
        "harmonic_acc": 71.26,
        "base_avg_acc": 80.38,
        "inc_avg_acc": 64.0,
        "nll": 4.869089,
        "brier": 0.991317,
        "ece": 0.740558,
        "beta_prior": 0.3
      }
    },
    {
      "task_id": 6,
      "elapsed_time_sec": 6.507,
      "metrics": {
        "mean_acc": 74.14,
        "task_acc": [
          79.71,
          70.61,
          59.23,
          47.32,
          80.0,
          62.42,
          70.83
        ],
        "harmonic_acc": 71.65,
        "base_avg_acc": 79.71,
        "inc_avg_acc": 65.07,
        "nll": 4.935112,
        "brier": 0.991881,
        "ece": 0.734223,
        "beta_prior": 0.3
      }
    },
    {
      "task_id": 7,
      "elapsed_time_sec": 6.93,
      "metrics": {
        "mean_acc": 73.65,
        "task_acc": [
          79.64,
          70.61,
          58.54,
          45.97,
          80.67,
          62.42,
          69.79,
          69.02
        ],
        "harmonic_acc": 71.75,
        "base_avg_acc": 79.64,
        "inc_avg_acc": 65.29,
        "nll": 4.996852,
        "brier": 0.992373,
        "ece": 0.729725,
        "beta_prior": 0.3
      }
    },
    {
      "task_id": 8,
      "elapsed_time_sec": 7.344,
      "metrics": {
        "mean_acc": 72.21,
        "task_acc": [
          79.64,
          69.53,
          58.89,
          45.97,
          80.67,
          62.08,
          66.67,
          57.24,
          64.07
        ],
        "harmonic_acc": 70.44,
        "base_avg_acc": 79.64,
        "inc_avg_acc": 63.14,
        "nll": 5.055107,
        "brier": 0.992811,
        "ece": 0.715649,
        "beta_prior": 0.3
      }
    },
    {
      "task_id": 9,
      "elapsed_time_sec": 7.74,
      "metrics": {
        "mean_acc": 72.02,
        "task_acc": [
          79.22,
          69.89,
          58.54,
          46.31,
          80.67,
          62.08,
          65.62,
          56.23,
          61.36,
          77.43
        ],
        "harmonic_acc": 70.95,
        "base_avg_acc": 79.22,
        "inc_avg_acc": 64.24,
        "nll": 5.108837,
        "brier": 0.993185,
        "ece": 0.714173,
        "beta_prior": 0.3
      }
    },
    {
      "task_id": 10,
      "elapsed_time_sec": 8.165,
      "metrics": {
        "mean_acc": 72.13,
        "task_acc": [
          79.12,
          69.18,
          59.93,
          46.64,
          80.33,
          62.42,
          65.62,
          53.87,
          60.68,
          77.43,
          77.0
        ],
        "harmonic_acc": 71.55,
        "base_avg_acc": 79.12,
        "inc_avg_acc": 65.31,
        "nll": 5.160559,
        "brier": 0.99353,
        "ece": 0.715501,
        "beta_prior": 0.3
      }
    }
  ]
}