{
  "dataset": "cub200",
  "trainer": "bimc",
  "seed": 10,
  "runtime_sec": 81.163,
  "acc_list": [
    82.23,
    79.8,
    78.63,
    75.86,
    75.45,
    74.13,
    73.71,
    73.22,
    72.24,
    72.46,
    72.39
  ],
  "task_acc_list": [
    [
      82.23
    ],
    [
      81.25,
      64.87
    ],
    [
      81.08,
      64.52,
      67.94
    ],
    [
      80.87,
      63.8,
      57.84,
      56.38
    ],
    [
      80.69,
      63.44,
      56.45,
      54.36,
      75.67
    ],
    [
      80.55,
      64.16,
      56.1,
      54.36,
      75.33,
      57.72
    ],
    [
      80.24,
      64.16,
      56.79,
      54.36,
      74.67,
      57.05,
      71.18
    ],
    [
      80.1,
      63.8,
      56.79,
      54.36,
      74.0,
      57.38,
      70.14,
      68.69
    ],
    [
      80.06,
      64.16,
      56.45,
      54.36,
      74.0,
      56.71,
      67.71,
      59.93,
      68.14
    ],
    [
      80.17,
      63.44,
      55.75,
      54.36,
      74.0,
      56.38,
      67.71,
      59.6,
      68.47,
      77.08
    ],
    [
      80.03,
      63.44,
      56.79,
      54.03,
      74.0,
      56.04,
      67.71,
      59.26,
      68.47,
      75.35,
      74.0
    ]
  ],
  "task_results": [
    {
      "task_id": 0,
      "elapsed_time_sec": 4.434,
      "metrics": {
        "mean_acc": 82.23,
        "task_acc": [
          82.23
        ],
        "harmonic_acc": 0.0,
        "base_avg_acc": 82.23,
        "inc_avg_acc": 0.0,
        "nll": 4.448106,
        "brier": 0.986622,
        "ece": 0.810544,
        "beta_prior": 0.3
      }
    },
    {
      "task_id": 1,
      "elapsed_time_sec": 4.716,
      "metrics": {
        "mean_acc": 79.8,
        "task_acc": [
          81.25,
          64.87
        ],
        "harmonic_acc": 72.14,
        "base_avg_acc": 81.25,
        "inc_avg_acc": 64.87,
        "nll": 4.54438,
        "brier": 0.987858,
        "ece": 0.787305,
        "beta_prior": 0.3
      }
    },
    {
      "task_id": 2,
      "elapsed_time_sec": 5.132,
      "metrics": {
        "mean_acc": 78.63,
        "task_acc": [
          81.08,
          64.52,
          67.94
        ],
        "harmonic_acc": 72.91,
        "base_avg_acc": 81.08,
        "inc_avg_acc": 66.23,
        "nll": 4.632109,
        "brier": 0.988883,
        "ece": 0.776532,
        "beta_prior": 0.3
      }
    },
    {
      "task_id": 3,
      "elapsed_time_sec": 5.55,
      "metrics": {
        "mean_acc": 75.86,
        "task_acc": [
          80.87,
          63.8,
          57.84,
          56.38
        ],
        "harmonic_acc": 68.45,
        "base_avg_acc": 80.87,
        "inc_avg_acc": 59.34,
        "nll": 4.712624,
        "brier": 0.989748,
        "ece": 0.74957,
        "beta_prior": 0.3
      }
    },
    {
      "task_id": 4,
      "elapsed_time_sec": 5.975,
      "metrics": {
        "mean_acc": 75.45,
        "task_acc": [
          80.69,
          63.44,
          56.45,
          54.36,
          75.67
        ],
        "harmonic_acc": 70.43,
        "base_avg_acc": 80.69,
        "inc_avg_acc": 62.48,
        "nll": 4.787958,
        "brier": 0.9905,
        "ece": 0.746108,
        "beta_prior": 0.3
      }
    },
    {
      "task_id": 5,
      "elapsed_time_sec": 6.391,
      "metrics": {
        "mean_acc": 74.13,
        "task_acc": [
          80.55,
          64.16,
          56.1,
          54.36,
          75.33,
          57.72
        ],
        "harmonic_acc": 69.77,
        "base_avg_acc": 80.55,
        "inc_avg_acc": 61.53,
        "nll": 4.857387,
        "brier": 0.99114,
        "ece": 0.73353,
        "beta_prior": 0.3
      }
    },
    {
      "task_id": 6,
      "elapsed_time_sec": 6.855,
      "metrics": {
        "mean_acc": 73.71,
        "task_acc": [
          80.24,
          64.16,
          56.79,
          54.36,
          74.67,
          57.05,
          71.18
        ],
        "harmonic_acc": 70.6,
        "base_avg_acc": 80.24,
        "inc_avg_acc": 63.04,
        "nll": 4.924023,
        "brier": 0.991723,
        "ece": 0.729806,
        "beta_prior": 0.3
      }
    },
    {
      "task_id": 7,
      "elapsed_time_sec": 7.331,
      "metrics": {
        "mean_acc": 73.22,
        "task_acc": [
          80.1,
          63.8,
          56.79,
          54.36,
          74.0,
          57.38,
          70.14,
          68.69
        ],
        "harmonic_acc": 70.9,
        "base_avg_acc": 80.1,
        "inc_avg_acc": 63.59,
        "nll": 4.986104,
        "brier": 0.99223,
        "ece": 0.725374,
        "beta_prior": 0.3
      }
    },
    {
      "task_id": 8,
      "elapsed_time_sec": 7.712,
      "metrics": {
        "mean_acc": 72.24,
        "task_acc": [
          80.06,
          64.16,
          56.45,
          54.36,
          74.0,
          56.71,
          67.71,
          59.93,
          68.14
        ],
        "harmonic_acc": 70.31,
        "base_avg_acc": 80.06,
        "inc_avg_acc": 62.68,
        "nll": 5.044528,
        "brier": 0.992678,
        "ece": 0.715964,
        "beta_prior": 0.3
      }
    },
    {
      "task_id": 9,
      "elapsed_time_sec": 8.114,
      "metrics": {
        "mean_acc": 72.46,
        "task_acc": [
          80.17,
          63.44,
          55.75,
          54.36,
          74.0,
          56.38,
          67.71,
          59.6,
          68.47,
          77.08
        ],
        "harmonic_acc": 71.23,
        "base_avg_acc": 80.17,
        "inc_avg_acc": 64.09,
        "nll": 5.098499,
        "brier": 0.993061,
        "ece": 0.718477,
        "beta_prior": 0.3
      }
    },
    {
      "task_id": 10,
      "elapsed_time_sec": 8.588,
      "metrics": {
        "mean_acc": 72.39,
        "task_acc": [
          80.03,
          63.44,
          56.79,
          54.03,
          74.0,
          56.04,
          67.71,
          59.26,
          68.47,
          75.35,
          74.0
        ],
        "harmonic_acc": 71.68,
        "base_avg_acc": 80.03,
        "inc_avg_acc": 64.91,
        "nll": 5.150538,
        "brier": 0.993417,
        "ece": 0.718032,
        "beta_prior": 0.3
      }
    }
  ]
}