{
  "dataset": "cub200",
  "trainer": "bimc_ensemble",
  "seed": 9,
  "runtime_sec": 79.895,
  "acc_list": [
    83.03,
    81.2,
    80.09,
    76.72,
    76.71,
    75.52,
    74.38,
    74.1,
    72.9,
    73.04,
    72.9
  ],
  "task_acc_list": [
    [
      83.03
    ],
    [
      81.28,
      80.29
    ],
    [
      80.76,
      78.85,
      74.56
    ],
    [
      80.69,
      77.42,
      61.67,
      52.35
    ],
    [
      80.38,
      77.06,
      59.58,
      51.34,
      83.0
    ],
    [
      80.17,
      75.63,
      58.89,
      52.35,
      83.0,
      62.42
    ],
    [
      79.33,
      75.27,
      58.19,
      51.01,
      83.33,
      62.42,
      67.71
    ],
    [
      79.22,
      74.91,
      59.23,
      51.68,
      83.0,
      61.74,
      65.97,
      72.05
    ],
    [
      78.95,
      74.19,
      59.23,
      51.68,
      82.67,
      62.08,
      62.85,
      65.32,
      66.1
    ],
    [
      78.81,
      75.27,
      58.54,
      51.68,
      82.67,
      61.74,
      62.85,
      64.65,
      62.71,
      81.25
    ],
    [
      78.84,
      70.61,
      58.54,
      51.34,
      83.0,
      60.74,
      62.5,
      63.64,
      62.71,
      79.86,
      78.0
    ]
  ],
  "task_results": [
    {
      "task_id": 0,
      "elapsed_time_sec": 4.41,
      "metrics": {
        "mean_acc": 83.03,
        "task_acc": [
          83.03
        ],
        "harmonic_acc": 0.0,
        "base_avg_acc": 83.03,
        "inc_avg_acc": 0.0,
        "nll": 4.462525,
        "brier": 0.986949,
        "ece": 0.818744,
        "beta_prior": 0.3
      }
    },
    {
      "task_id": 1,
      "elapsed_time_sec": 4.694,
      "metrics": {
        "mean_acc": 81.2,
        "task_acc": [
          81.28,
          80.29
        ],
        "harmonic_acc": 80.78,
        "base_avg_acc": 81.28,
        "inc_avg_acc": 80.29,
        "nll": 4.558581,
        "brier": 0.988151,
        "ece": 0.801457,
        "beta_prior": 0.3
      }
    },
    {
      "task_id": 2,
      "elapsed_time_sec": 5.11,
      "metrics": {
        "mean_acc": 80.09,
        "task_acc": [
          80.76,
          78.85,
          74.56
        ],
        "harmonic_acc": 78.68,
        "base_avg_acc": 80.76,
        "inc_avg_acc": 76.7,
        "nll": 4.645554,
        "brier": 0.989138,
        "ece": 0.791242,
        "beta_prior": 0.3
      }
    },
    {
      "task_id": 3,
      "elapsed_time_sec": 5.542,
      "metrics": {
        "mean_acc": 76.72,
        "task_acc": [
          80.69,
          77.42,
          61.67,
          52.35
        ],
        "harmonic_acc": 71.27,
        "base_avg_acc": 80.69,
        "inc_avg_acc": 63.81,
        "nll": 4.725755,
        "brier": 0.989978,
        "ece": 0.758273,
        "beta_prior": 0.3
      }
    },
    {
      "task_id": 4,
      "elapsed_time_sec": 5.963,
      "metrics": {
        "mean_acc": 76.71,
        "task_acc": [
          80.38,
          77.06,
          59.58,
          51.34,
          83.0
        ],
        "harmonic_acc": 73.52,
        "base_avg_acc": 80.38,
        "inc_avg_acc": 67.74,
        "nll": 4.800228,
        "brier": 0.990699,
        "ece": 0.758874,
        "beta_prior": 0.3
      }
    },
    {
      "task_id": 5,
      "elapsed_time_sec": 6.374,
      "metrics": {
        "mean_acc": 75.52,
        "task_acc": [
          80.17,
          75.63,
          58.89,
          52.35,
          83.0,
          62.42
        ],
        "harmonic_acc": 72.67,
        "base_avg_acc": 80.17,
        "inc_avg_acc": 66.46,
        "nll": 4.869215,
        "brier": 0.991319,
        "ece": 0.747494,
        "beta_prior": 0.3
      }
    },
    {
      "task_id": 6,
      "elapsed_time_sec": 6.815,
      "metrics": {
        "mean_acc": 74.38,
        "task_acc": [
          79.33,
          75.27,
          58.19,
          51.01,
          83.33,
          62.42,
          67.71
        ],
        "harmonic_acc": 72.24,
        "base_avg_acc": 79.33,
        "inc_avg_acc": 66.32,
        "nll": 4.935381,
        "brier": 0.991885,
        "ece": 0.736609,
        "beta_prior": 0.3
      }
    },
    {
      "task_id": 7,
      "elapsed_time_sec": 7.249,
      "metrics": {
        "mean_acc": 74.1,
        "task_acc": [
          79.22,
          74.91,
          59.23,
          51.68,
          83.0,
          61.74,
          65.97,
          72.05
        ],
        "harmonic_acc": 72.56,
        "base_avg_acc": 79.22,
        "inc_avg_acc": 66.94,
        "nll": 4.996924,
        "brier": 0.992374,
        "ece": 0.734206,
        "beta_prior": 0.3
      }
    },
    {
      "task_id": 8,
      "elapsed_time_sec": 7.685,
      "metrics": {
        "mean_acc": 72.9,
        "task_acc": [
          78.95,
          74.19,
          59.23,
          51.68,
          82.67,
          62.08,
          62.85,
          65.32,
          66.1
        ],
        "harmonic_acc": 71.61,
        "base_avg_acc": 78.95,
        "inc_avg_acc": 65.52,
        "nll": 5.055195,
        "brier": 0.992812,
        "ece": 0.722566,
        "beta_prior": 0.3
      }
    },
    {
      "task_id": 9,
      "elapsed_time_sec": 8.1,
      "metrics": {
        "mean_acc": 73.04,
        "task_acc": [
          78.81,
          75.27,
          58.54,
          51.68,
          82.67,
          61.74,
          62.85,
          64.65,
          62.71,
          81.25
        ],
        "harmonic_acc": 72.32,
        "base_avg_acc": 78.81,
        "inc_avg_acc": 66.82,
        "nll": 5.108827,
        "brier": 0.993185,
        "ece": 0.724367,
        "beta_prior": 0.3
      }
    },
    {
      "task_id": 10,
      "elapsed_time_sec": 8.576,
      "metrics": {
        "mean_acc": 72.9,
        "task_acc": [
          78.84,
          70.61,
          58.54,
          51.34,
          83.0,
          60.74,
          62.5,
          63.64,
          62.71,
          79.86,
          78.0
        ],
        "harmonic_acc": 72.49,
        "base_avg_acc": 78.84,
        "inc_avg_acc": 67.09,
        "nll": 5.160525,
        "brier": 0.99353,
        "ece": 0.723269,
        "beta_prior": 0.3
      }
    }
  ]
}