{
  "dataset": "cub200",
  "trainer": "bimc",
  "seed": 1,
  "runtime_sec": 75.001,
  "acc_list": [
    82.23,
    77.51,
    74.17,
    70.52,
    68.74,
    66.37,
    64.46,
    62.51,
    60.58,
    59.92,
    59.27
  ],
  "task_acc_list": [
    [
      82.23
    ],
    [
      81.88,
      32.62
    ],
    [
      81.88,
      32.62,
      37.63
    ],
    [
      81.88,
      32.62,
      28.22,
      37.58
    ],
    [
      81.7,
      32.26,
      28.22,
      36.24,
      50.0
    ],
    [
      81.7,
      30.82,
      28.57,
      36.24,
      50.0,
      35.23
    ],
    [
      81.35,
      30.82,
      28.57,
      35.57,
      51.0,
      35.23,
      38.89
    ],
    [
      81.35,
      30.82,
      28.57,
      35.91,
      50.67,
      35.23,
      38.19,
      33.0
    ],
    [
      81.22,
      30.82,
      28.57,
      35.57,
      51.0,
      35.23,
      36.46,
      27.27,
      37.29
    ],
    [
      81.18,
      30.82,
      28.57,
      35.91,
      50.33,
      34.56,
      36.46,
      27.27,
      36.61,
      50.0
    ],
    [
      81.15,
      30.82,
      28.92,
      35.23,
      51.33,
      34.56,
      36.46,
      25.93,
      36.95,
      49.31,
      48.67
    ]
  ],
  "task_results": [
    {
      "task_id": 0,
      "elapsed_time_sec": 4.215,
      "metrics": {
        "mean_acc": 82.23,
        "task_acc": [
          82.23
        ],
        "harmonic_acc": 0.0,
        "base_avg_acc": 82.23,
        "inc_avg_acc": 0.0,
        "nll": 4.448106,
        "brier": 0.986622,
        "ece": 0.810544,
        "beta_prior": 0.3
      }
    },
    {
      "task_id": 1,
      "elapsed_time_sec": 4.47,
      "metrics": {
        "mean_acc": 77.51,
        "task_acc": [
          81.88,
          32.62
        ],
        "harmonic_acc": 46.65,
        "base_avg_acc": 81.88,
        "inc_avg_acc": 32.62,
        "nll": 4.544546,
        "brier": 0.98786,
        "ece": 0.764371,
        "beta_prior": 0.3
      }
    },
    {
      "task_id": 2,
      "elapsed_time_sec": 4.881,
      "metrics": {
        "mean_acc": 74.17,
        "task_acc": [
          81.88,
          32.62,
          37.63
        ],
        "harmonic_acc": 49.16,
        "base_avg_acc": 81.88,
        "inc_avg_acc": 35.12,
        "nll": 4.632573,
        "brier": 0.98889,
        "ece": 0.731897,
        "beta_prior": 0.3
      }
    },
    {
      "task_id": 3,
      "elapsed_time_sec": 5.326,
      "metrics": {
        "mean_acc": 70.52,
        "task_acc": [
          81.88,
          32.62,
          28.22,
          37.58
        ],
        "harmonic_acc": 46.84,
        "base_avg_acc": 81.88,
        "inc_avg_acc": 32.81,
        "nll": 4.713924,
        "brier": 0.989768,
        "ece": 0.696164,
        "beta_prior": 0.3
      }
    },
    {
      "task_id": 4,
      "elapsed_time_sec": 5.684,
      "metrics": {
        "mean_acc": 68.74,
        "task_acc": [
          81.7,
          32.26,
          28.22,
          36.24,
          50.0
        ],
        "harmonic_acc": 50.63,
        "base_avg_acc": 81.7,
        "inc_avg_acc": 36.68,
        "nll": 4.788973,
        "brier": 0.990514,
        "ece": 0.679048,
        "beta_prior": 0.3
      }
    },
    {
      "task_id": 5,
      "elapsed_time_sec": 6.109,
      "metrics": {
        "mean_acc": 66.37,
        "task_acc": [
          81.7,
          30.82,
          28.57,
          36.24,
          50.0,
          35.23
        ],
        "harmonic_acc": 50.14,
        "base_avg_acc": 81.7,
        "inc_avg_acc": 36.17,
        "nll": 4.858567,
        "brier": 0.991155,
        "ece": 0.655827,
        "beta_prior": 0.3
      }
    },
    {
      "task_id": 6,
      "elapsed_time_sec": 6.508,
      "metrics": {
        "mean_acc": 64.46,
        "task_acc": [
          81.35,
          30.82,
          28.57,
          35.57,
          51.0,
          35.23,
          38.89
        ],
        "harmonic_acc": 50.56,
        "base_avg_acc": 81.35,
        "inc_avg_acc": 36.68,
        "nll": 4.925372,
        "brier": 0.99174,
        "ece": 0.637227,
        "beta_prior": 0.3
      }
    },
    {
      "task_id": 7,
      "elapsed_time_sec": 6.938,
      "metrics": {
        "mean_acc": 62.51,
        "task_acc": [
          81.35,
          30.82,
          28.57,
          35.91,
          50.67,
          35.23,
          38.19,
          33.0
        ],
        "harmonic_acc": 49.97,
        "base_avg_acc": 81.35,
        "inc_avg_acc": 36.06,
        "nll": 4.98801,
        "brier": 0.992252,
        "ece": 0.618236,
        "beta_prior": 0.3
      }
    },
    {
      "task_id": 8,
      "elapsed_time_sec": 7.362,
      "metrics": {
        "mean_acc": 60.58,
        "task_acc": [
          81.22,
          30.82,
          28.57,
          35.57,
          51.0,
          35.23,
          36.46,
          27.27,
          37.29
        ],
        "harmonic_acc": 49.19,
        "base_avg_acc": 81.22,
        "inc_avg_acc": 35.28,
        "nll": 5.046888,
        "brier": 0.992704,
        "ece": 0.599336,
        "beta_prior": 0.3
      }
    },
    {
      "task_id": 9,
      "elapsed_time_sec": 7.758,
      "metrics": {
        "mean_acc": 59.92,
        "task_acc": [
          81.18,
          30.82,
          28.57,
          35.91,
          50.33,
          34.56,
          36.46,
          27.27,
          36.61,
          50.0
        ],
        "harmonic_acc": 50.57,
        "base_avg_acc": 81.18,
        "inc_avg_acc": 36.73,
        "nll": 5.100496,
        "brier": 0.993082,
        "ece": 0.593033,
        "beta_prior": 0.3
      }
    },
    {
      "task_id": 10,
      "elapsed_time_sec": 8.21,
      "metrics": {
        "mean_acc": 59.27,
        "task_acc": [
          81.15,
          30.82,
          28.92,
          35.23,
          51.33,
          34.56,
          36.46,
          25.93,
          36.95,
          49.31,
          48.67
        ],
        "harmonic_acc": 51.59,
        "base_avg_acc": 81.15,
        "inc_avg_acc": 37.82,
        "nll": 5.15278,
        "brier": 0.993439,
        "ece": 0.586826,
        "beta_prior": 0.3
      }
    }
  ]
}