{
  "dataset": "cub200",
  "trainer": "bimc_ensemble",
  "seed": 3,
  "runtime_sec": 79.612,
  "acc_list": [
    83.03,
    80.62,
    79.24,
    75.86,
    75.3,
    74.48,
    73.41,
    73.18,
    71.88,
    72.15,
    71.99
  ],
  "task_acc_list": [
    [
      83.03
    ],
    [
      81.15,
      75.27
    ],
    [
      80.59,
      74.55,
      70.38
    ],
    [
      80.69,
      73.48,
      57.14,
      49.66
    ],
    [
      80.17,
      73.48,
      57.49,
      47.32,
      75.33
    ],
    [
      80.1,
      70.61,
      55.75,
      47.65,
      75.33,
      68.12
    ],
    [
      79.54,
      69.53,
      55.75,
      47.99,
      74.67,
      67.11,
      65.28
    ],
    [
      79.12,
      69.53,
      55.75,
      47.65,
      74.67,
      67.11,
      65.28,
      74.07
    ],
    [
      79.05,
      69.53,
      55.75,
      45.97,
      75.0,
      67.45,
      62.85,
      62.96,
      65.42
    ],
    [
      78.91,
      69.53,
      55.75,
      46.31,
      75.0,
      66.78,
      63.19,
      62.63,
      64.07,
      80.21
    ],
    [
      78.91,
      64.52,
      55.4,
      45.97,
      75.0,
      66.78,
      61.81,
      60.27,
      63.05,
      79.51,
      79.67
    ]
  ],
  "task_results": [
    {
      "task_id": 0,
      "elapsed_time_sec": 4.417,
      "metrics": {
        "mean_acc": 83.03,
        "task_acc": [
          83.03
        ],
        "harmonic_acc": 0.0,
        "base_avg_acc": 83.03,
        "inc_avg_acc": 0.0,
        "nll": 4.462525,
        "brier": 0.986949,
        "ece": 0.818744,
        "beta_prior": 0.3
      }
    },
    {
      "task_id": 1,
      "elapsed_time_sec": 4.692,
      "metrics": {
        "mean_acc": 80.62,
        "task_acc": [
          81.15,
          75.27
        ],
        "harmonic_acc": 78.1,
        "base_avg_acc": 81.15,
        "inc_avg_acc": 75.27,
        "nll": 4.558752,
        "brier": 0.988155,
        "ece": 0.795731,
        "beta_prior": 0.3
      }
    },
    {
      "task_id": 2,
      "elapsed_time_sec": 5.085,
      "metrics": {
        "mean_acc": 79.24,
        "task_acc": [
          80.59,
          74.55,
          70.38
        ],
        "harmonic_acc": 76.31,
        "base_avg_acc": 80.59,
        "inc_avg_acc": 72.46,
        "nll": 4.64576,
        "brier": 0.989142,
        "ece": 0.782788,
        "beta_prior": 0.3
      }
    },
    {
      "task_id": 3,
      "elapsed_time_sec": 5.495,
      "metrics": {
        "mean_acc": 75.86,
        "task_acc": [
          80.69,
          73.48,
          57.14,
          49.66
        ],
        "harmonic_acc": 68.89,
        "base_avg_acc": 80.69,
        "inc_avg_acc": 60.09,
        "nll": 4.725739,
        "brier": 0.989977,
        "ece": 0.749688,
        "beta_prior": 0.3
      }
    },
    {
      "task_id": 4,
      "elapsed_time_sec": 5.957,
      "metrics": {
        "mean_acc": 75.3,
        "task_acc": [
          80.17,
          73.48,
          57.49,
          47.32,
          75.33
        ],
        "harmonic_acc": 70.81,
        "base_avg_acc": 80.17,
        "inc_avg_acc": 63.4,
        "nll": 4.80037,
        "brier": 0.990701,
        "ece": 0.744723,
        "beta_prior": 0.3
      }
    },
    {
      "task_id": 5,
      "elapsed_time_sec": 6.379,
      "metrics": {
        "mean_acc": 74.48,
        "task_acc": [
          80.1,
          70.61,
          55.75,
          47.65,
          75.33,
          68.12
        ],
        "harmonic_acc": 70.84,
        "base_avg_acc": 80.1,
        "inc_avg_acc": 63.49,
        "nll": 4.86902,
        "brier": 0.991316,
        "ece": 0.737089,
        "beta_prior": 0.3
      }
    },
    {
      "task_id": 6,
      "elapsed_time_sec": 6.799,
      "metrics": {
        "mean_acc": 73.41,
        "task_acc": [
          79.54,
          69.53,
          55.75,
          47.99,
          74.67,
          67.11,
          65.28
        ],
        "harmonic_acc": 70.55,
        "base_avg_acc": 79.54,
        "inc_avg_acc": 63.39,
        "nll": 4.934902,
        "brier": 0.991878,
        "ece": 0.726852,
        "beta_prior": 0.3
      }
    },
    {
      "task_id": 7,
      "elapsed_time_sec": 7.253,
      "metrics": {
        "mean_acc": 73.18,
        "task_acc": [
          79.12,
          69.53,
          55.75,
          47.65,
          74.67,
          67.11,
          65.28,
          74.07
        ],
        "harmonic_acc": 71.29,
        "base_avg_acc": 79.12,
        "inc_avg_acc": 64.87,
        "nll": 4.996575,
        "brier": 0.99237,
        "ece": 0.72504,
        "beta_prior": 0.3
      }
    },
    {
      "task_id": 8,
      "elapsed_time_sec": 7.671,
      "metrics": {
        "mean_acc": 71.88,
        "task_acc": [
          79.05,
          69.53,
          55.75,
          45.97,
          75.0,
          67.45,
          62.85,
          62.96,
          65.42
        ],
        "harmonic_acc": 70.19,
        "base_avg_acc": 79.05,
        "inc_avg_acc": 63.12,
        "nll": 5.05488,
        "brier": 0.992808,
        "ece": 0.712382,
        "beta_prior": 0.3
      }
    },
    {
      "task_id": 9,
      "elapsed_time_sec": 8.085,
      "metrics": {
        "mean_acc": 72.15,
        "task_acc": [
          78.91,
          69.53,
          55.75,
          46.31,
          75.0,
          66.78,
          63.19,
          62.63,
          64.07,
          80.21
        ],
        "harmonic_acc": 71.18,
        "base_avg_acc": 78.91,
        "inc_avg_acc": 64.83,
        "nll": 5.108574,
        "brier": 0.993182,
        "ece": 0.715446,
        "beta_prior": 0.3
      }
    },
    {
      "task_id": 10,
      "elapsed_time_sec": 8.533,
      "metrics": {
        "mean_acc": 71.99,
        "task_acc": [
          78.91,
          64.52,
          55.4,
          45.97,
          75.0,
          66.78,
          61.81,
          60.27,
          63.05,
          79.51,
          79.67
        ],
        "harmonic_acc": 71.4,
        "base_avg_acc": 78.91,
        "inc_avg_acc": 65.2,
        "nll": 5.160182,
        "brier": 0.993526,
        "ece": 0.714118,
        "beta_prior": 0.3
      }
    }
  ]
}