{
  "baseline": {
    "full": {
      "base_acc": 88.25,
      "correct_count": 8317,
      "full_acc": 83.17,
      "novel_acc": 75.55
    },
    "visual": {
      "base_acc": 88.233,
      "correct_count": 8390,
      "full_acc": 83.9,
      "novel_acc": 77.4
    }
  },
  "completed_at": "2026-05-19T01:37:00+06:00",
  "data_cfg": "configs/datasets/cifar100.yaml",
  "dataset_key": "CIFAR100",
  "dataset_name": "CIFAR100",
  "framework": "tric_dinov2",
  "gains": {
    "mean_full_gain": 0.0,
    "mean_visual_gain": 0.0,
    "refined_full_gain": -1.85,
    "refined_visual_gain": -2.09
  },
  "geometry": {
    "mean_orig_proto_cos": 1.0,
    "mean_refined_vs_mean_cos": 0.967738,
    "mean_refined_vs_orig_cos": 0.967738,
    "novel_basis_rank_max": 3,
    "novel_basis_rank_mean": 3.0,
    "novel_basis_rank_min": 3,
    "novel_class_count": 40,
    "novel_support_count_max": 5,
    "novel_support_count_mean": 5.0,
    "novel_support_count_min": 5,
    "per_class_competitor_cos": {
      "60": 0.474453,
      "61": 0.666182,
      "62": 0.332159,
      "63": 0.470777,
      "64": 0.576572,
      "65": 0.398252,
      "66": 0.363495,
      "67": 0.550783,
      "68": 0.474453,
      "69": 0.296123,
      "70": 0.332159,
      "71": 0.56539,
      "72": 0.530941,
      "73": 0.550783,
      "74": 0.675447,
      "75": 0.415107,
      "76": 0.303966,
      "77": 0.321735,
      "78": 0.502019,
      "79": 0.441716,
      "80": 0.404241,
      "81": 0.520331,
      "82": 0.283105,
      "83": 0.30308,
      "84": 0.382135,
      "85": 0.395934,
      "86": 0.234395,
      "87": 0.285258,
      "88": 0.626144,
      "89": 0.443539,
      "90": 0.422542,
      "91": 0.368735,
      "92": 0.329235,
      "93": 0.356357,
      "94": 0.32618,
      "95": 0.653582,
      "96": 0.623113,
      "97": 0.313593,
      "98": 0.552435,
      "99": 0.502019
    },
    "per_class_mean_to_refined_cos": {
      "60": 0.936671,
      "61": 0.984749,
      "62": 0.992364,
      "63": 0.92704,
      "64": 0.875839,
      "65": 0.974225,
      "66": 0.93413,
      "67": 0.968872,
      "68": 0.911957,
      "69": 0.993169,
      "70": 0.991787,
      "71": 0.963982,
      "72": 0.951401,
      "73": 0.97449,
      "74": 0.879399,
      "75": 0.993049,
      "76": 0.966459,
      "77": 0.968701,
      "78": 0.988274,
      "79": 0.988657,
      "80": 0.963914,
      "81": 0.966941,
      "82": 0.993517,
      "83": 0.993721,
      "84": 0.974544,
      "85": 0.991349,
      "86": 0.991596,
      "87": 0.974891,
      "88": 0.964703,
      "89": 0.972799,
      "90": 0.979852,
      "91": 0.990274,
      "92": 0.993338,
      "93": 0.964802,
      "94": 0.971886,
      "95": 0.988562,
      "96": 0.937166,
      "97": 0.972767,
      "98": 0.975697,
      "99": 0.981999
    },
    "per_class_orig_to_mean_cos": {
      "60": 1.0,
      "61": 1.0,
      "62": 1.0,
      "63": 1.0,
      "64": 1.0,
      "65": 1.0,
      "66": 1.0,
      "67": 1.0,
      "68": 1.0,
      "69": 1.0,
      "70": 1.0,
      "71": 1.0,
      "72": 1.0,
      "73": 1.0,
      "74": 1.0,
      "75": 1.0,
      "76": 1.0,
      "77": 1.0,
      "78": 1.0,
      "79": 1.0,
      "80": 1.0,
      "81": 1.0,
      "82": 1.0,
      "83": 1.0,
      "84": 1.0,
      "85": 1.0,
      "86": 1.0,
      "87": 1.0,
      "88": 1.0,
      "89": 1.0,
      "90": 1.0,
      "91": 1.0,
      "92": 1.0,
      "93": 1.0,
      "94": 1.0,
      "95": 1.0,
      "96": 1.0,
      "97": 1.0,
      "98": 1.0,
      "99": 1.0
    },
    "per_class_total_refine_delta_norm": {
      "60": 0.119109,
      "61": 0.133763,
      "62": 0.116418,
      "63": 0.122636,
      "64": 0.12466,
      "65": 0.112945,
      "66": 0.133791,
      "67": 0.122975,
      "68": 0.119436,
      "69": 0.111043,
      "70": 0.114448,
      "71": 0.124169,
      "72": 0.121494,
      "73": 0.133287,
      "74": 0.130227,
      "75": 0.117773,
      "76": 0.114204,
      "77": 0.114389,
      "78": 0.118766,
      "79": 0.117981,
      "80": 0.116639,
      "81": 0.12468,
      "82": 0.113654,
      "83": 0.110837,
      "84": 0.113885,
      "85": 0.11702,
      "86": 0.113128,
      "87": 0.109816,
      "88": 0.128718,
      "89": 0.119453,
      "90": 0.119856,
      "91": 0.117043,
      "92": 0.113393,
      "93": 0.120845,
      "94": 0.113859,
      "95": 0.124636,
      "96": 0.127718,
      "97": 0.110513,
      "98": 0.123781,
      "99": 0.124163
    },
    "per_class_unique_component_norm": {
      "60": 0.061426,
      "61": 0.062553,
      "62": 0.08784,
      "63": 0.063638,
      "64": 0.072611,
      "65": 0.058468,
      "66": 0.136116,
      "67": 0.029649,
      "68": 0.058803,
      "69": 0.038709,
      "70": 0.044572,
      "71": 0.036219,
      "72": 0.048123,
      "73": 0.085797,
      "74": 0.058655,
      "75": 0.045416,
      "76": 0.072832,
      "77": 0.07469,
      "78": 0.103047,
      "79": 0.077235,
      "80": 0.033417,
      "81": 0.053969,
      "82": 0.069098,
      "83": 0.011699,
      "84": 0.019562,
      "85": 0.045764,
      "86": 0.091538,
      "87": 0.024214,
      "88": 0.041126,
      "89": 0.045989,
      "90": 0.040432,
      "91": 0.044177,
      "92": 0.021798,
      "93": 0.100724,
      "94": 0.058551,
      "95": 0.058315,
      "96": 0.065905,
      "97": 0.036575,
      "98": 0.036139,
      "99": 0.032306
    },
    "shared_energy_ratio": 0.067035,
    "shared_rank_used": 1
  },
  "host": "NDAG-M-Lab",
  "mean_rebuild": {
    "full": {
      "base_acc": 88.25,
      "correct_count": 8317,
      "full_acc": 83.17,
      "novel_acc": 75.55
    },
    "visual": {
      "base_acc": 88.233,
      "correct_count": 8390,
      "full_acc": 83.9,
      "novel_acc": 77.4
    }
  },
  "num_base_classes": 60,
  "num_seen_classes": 100,
  "params": {
    "beta_residual": 0.15,
    "eps": 1e-12,
    "lambda_unique": 0.35,
    "novel_only": true,
    "shared_rank": 1,
    "subspace_rank": 3,
    "weighted_unique": true
  },
  "refined": {
    "full": {
      "base_acc": 88.6,
      "correct_count": 8132,
      "full_acc": 81.32,
      "novel_acc": 70.4
    },
    "visual": {
      "base_acc": 88.9,
      "correct_count": 8181,
      "full_acc": 81.81,
      "novel_acc": 71.175
    }
  },
  "runtime_sec": 320.368,
  "seed": 1,
  "started_at": "2026-05-19T01:31:40+06:00",
  "train_cfg": "configs/trainers/bimc_dino_fusion.yaml"
}