{
  "dataset": "cub200",
  "trainer": "bimc_dino_fusion_ensemble",
  "seed": 7,
  "runtime_sec": 251.067,
  "acc_list": [
    88.16,
    86.96,
    86.68,
    85.52,
    85.43,
    84.23,
    84.57,
    85.07,
    84.84,
    85.31,
    85.64
  ],
  "task_acc_list": [
    [
      88.16
    ],
    [
      88.13,
      74.91
    ],
    [
      88.13,
      74.19,
      84.32
    ],
    [
      88.13,
      74.19,
      81.18,
      75.17
    ],
    [
      88.02,
      74.19,
      80.84,
      74.5,
      86.33
    ],
    [
      88.02,
      74.19,
      80.84,
      74.16,
      86.33,
      68.46
    ],
    [
      88.09,
      73.84,
      80.84,
      74.16,
      86.33,
      68.12,
      89.58
    ],
    [
      87.99,
      73.84,
      80.84,
      74.16,
      86.33,
      68.12,
      89.24,
      94.28
    ],
    [
      87.99,
      73.84,
      80.84,
      74.16,
      86.33,
      68.12,
      87.15,
      89.56,
      87.8
    ],
    [
      87.92,
      73.84,
      80.84,
      74.16,
      86.33,
      68.12,
      87.15,
      89.56,
      87.12,
      95.14
    ],
    [
      87.81,
      73.84,
      80.84,
      74.16,
      86.33,
      67.79,
      87.15,
      89.56,
      86.78,
      95.14,
      93.33
    ]
  ],
  "task_results": [
    {
      "task_id": 0,
      "elapsed_time_sec": 13.803,
      "metrics": {
        "mean_acc": 88.16,
        "task_acc": [
          88.16
        ],
        "harmonic_acc": 0.0,
        "base_avg_acc": 88.16,
        "inc_avg_acc": 0.0,
        "nll": 0.547428,
        "brier": 0.183482,
        "ece": 0.044411,
        "beta_prior": 0.3
      }
    },
    {
      "task_id": 1,
      "elapsed_time_sec": 15.052,
      "metrics": {
        "mean_acc": 86.96,
        "task_acc": [
          88.13,
          74.91
        ],
        "harmonic_acc": 80.98,
        "base_avg_acc": 88.13,
        "inc_avg_acc": 74.91,
        "nll": 0.588037,
        "brier": 0.198898,
        "ece": 0.032824,
        "beta_prior": 0.3
      }
    },
    {
      "task_id": 2,
      "elapsed_time_sec": 16.42,
      "metrics": {
        "mean_acc": 86.68,
        "task_acc": [
          88.13,
          74.19,
          84.32
        ],
        "harmonic_acc": 83.46,
        "base_avg_acc": 88.13,
        "inc_avg_acc": 79.26,
        "nll": 0.607155,
        "brier": 0.203892,
        "ece": 0.031839,
        "beta_prior": 0.3
      }
    },
    {
      "task_id": 3,
      "elapsed_time_sec": 17.847,
      "metrics": {
        "mean_acc": 85.52,
        "task_acc": [
          88.13,
          74.19,
          81.18,
          75.17
        ],
        "harmonic_acc": 82.1,
        "base_avg_acc": 88.13,
        "inc_avg_acc": 76.85,
        "nll": 0.651924,
        "brier": 0.220179,
        "ece": 0.036824,
        "beta_prior": 0.3
      }
    },
    {
      "task_id": 4,
      "elapsed_time_sec": 19.277,
      "metrics": {
        "mean_acc": 85.43,
        "task_acc": [
          88.02,
          74.19,
          80.84,
          74.5,
          86.33
        ],
        "harmonic_acc": 83.25,
        "base_avg_acc": 88.02,
        "inc_avg_acc": 78.96,
        "nll": 0.663051,
        "brier": 0.221967,
        "ece": 0.036381,
        "beta_prior": 0.3
      }
    },
    {
      "task_id": 5,
      "elapsed_time_sec": 20.7,
      "metrics": {
        "mean_acc": 84.23,
        "task_acc": [
          88.02,
          74.19,
          80.84,
          74.16,
          86.33,
          68.46
        ],
        "harmonic_acc": 82.03,
        "base_avg_acc": 88.02,
        "inc_avg_acc": 76.8,
        "nll": 0.70169,
        "brier": 0.237689,
        "ece": 0.039556,
        "beta_prior": 0.3
      }
    },
    {
      "task_id": 6,
      "elapsed_time_sec": 22.107,
      "metrics": {
        "mean_acc": 84.57,
        "task_acc": [
          88.09,
          73.84,
          80.84,
          74.16,
          86.33,
          68.12,
          89.58
        ],
        "harmonic_acc": 83.19,
        "base_avg_acc": 88.09,
        "inc_avg_acc": 78.81,
        "nll": 0.703124,
        "brier": 0.234314,
        "ece": 0.043574,
        "beta_prior": 0.3
      }
    },
    {
      "task_id": 7,
      "elapsed_time_sec": 23.676,
      "metrics": {
        "mean_acc": 85.07,
        "task_acc": [
          87.99,
          73.84,
          80.84,
          74.16,
          86.33,
          68.12,
          89.24,
          94.28
        ],
        "harmonic_acc": 84.34,
        "base_avg_acc": 87.99,
        "inc_avg_acc": 80.97,
        "nll": 0.695474,
        "brier": 0.227639,
        "ece": 0.048979,
        "beta_prior": 0.3
      }
    },
    {
      "task_id": 8,
      "elapsed_time_sec": 24.988,
      "metrics": {
        "mean_acc": 84.84,
        "task_acc": [
          87.99,
          73.84,
          80.84,
          74.16,
          86.33,
          68.12,
          87.15,
          89.56,
          87.8
        ],
        "harmonic_acc": 84.34,
        "base_avg_acc": 87.99,
        "inc_avg_acc": 80.97,
        "nll": 0.710448,
        "brier": 0.23024,
        "ece": 0.049841,
        "beta_prior": 0.3
      }
    },
    {
      "task_id": 9,
      "elapsed_time_sec": 26.29,
      "metrics": {
        "mean_acc": 85.31,
        "task_acc": [
          87.92,
          73.84,
          80.84,
          74.16,
          86.33,
          68.12,
          87.15,
          89.56,
          87.12,
          95.14
        ],
        "harmonic_acc": 85.11,
        "base_avg_acc": 87.92,
        "inc_avg_acc": 82.47,
        "nll": 0.696181,
        "brier": 0.224401,
        "ece": 0.049748,
        "beta_prior": 0.3
      }
    },
    {
      "task_id": 10,
      "elapsed_time_sec": 27.77,
      "metrics": {
        "mean_acc": 85.64,
        "task_acc": [
          87.81,
          73.84,
          80.84,
          74.16,
          86.33,
          67.79,
          87.15,
          89.56,
          86.78,
          95.14,
          93.33
        ],
        "harmonic_acc": 85.6,
        "base_avg_acc": 87.81,
        "inc_avg_acc": 83.49,
        "nll": 0.694925,
        "brier": 0.221062,
        "ece": 0.0516,
        "beta_prior": 0.3
      }
    }
  ]
}