{
  "dataset": "cub200",
  "trainer": "bimc_ensemble",
  "seed": 6,
  "runtime_sec": 79.705,
  "acc_list": [
    83.03,
    80.81,
    79.94,
    76.66,
    76.32,
    74.97,
    73.99,
    73.51,
    72.17,
    72.17,
    72.13
  ],
  "task_acc_list": [
    [
      83.03
    ],
    [
      80.97,
      79.21
    ],
    [
      80.69,
      79.21,
      73.17
    ],
    [
      80.48,
      77.78,
      61.32,
      53.69
    ],
    [
      80.03,
      78.85,
      60.63,
      51.34,
      78.33
    ],
    [
      79.92,
      76.7,
      59.23,
      50.67,
      78.33,
      61.74
    ],
    [
      78.88,
      75.63,
      60.28,
      50.34,
      78.67,
      63.76,
      67.71
    ],
    [
      78.7,
      75.63,
      59.58,
      49.66,
      79.0,
      63.76,
      64.93,
      71.38
    ],
    [
      78.77,
      75.63,
      59.93,
      50.34,
      78.33,
      62.75,
      62.15,
      59.6,
      64.41
    ],
    [
      78.6,
      75.63,
      58.89,
      50.0,
      78.67,
      62.42,
      62.5,
      59.93,
      60.34,
      78.82
    ],
    [
      78.49,
      71.33,
      58.89,
      50.0,
      78.33,
      63.09,
      62.5,
      57.58,
      59.66,
      78.47,
      79.33
    ]
  ],
  "task_results": [
    {
      "task_id": 0,
      "elapsed_time_sec": 4.418,
      "metrics": {
        "mean_acc": 83.03,
        "task_acc": [
          83.03
        ],
        "harmonic_acc": 0.0,
        "base_avg_acc": 83.03,
        "inc_avg_acc": 0.0,
        "nll": 4.462525,
        "brier": 0.986949,
        "ece": 0.818744,
        "beta_prior": 0.3
      }
    },
    {
      "task_id": 1,
      "elapsed_time_sec": 4.706,
      "metrics": {
        "mean_acc": 80.81,
        "task_acc": [
          80.97,
          79.21
        ],
        "harmonic_acc": 80.08,
        "base_avg_acc": 80.97,
        "inc_avg_acc": 79.21,
        "nll": 4.558486,
        "brier": 0.988149,
        "ece": 0.797638,
        "beta_prior": 0.3
      }
    },
    {
      "task_id": 2,
      "elapsed_time_sec": 5.094,
      "metrics": {
        "mean_acc": 79.94,
        "task_acc": [
          80.69,
          79.21,
          73.17
        ],
        "harmonic_acc": 78.38,
        "base_avg_acc": 80.69,
        "inc_avg_acc": 76.19,
        "nll": 4.645545,
        "brier": 0.989138,
        "ece": 0.789785,
        "beta_prior": 0.3
      }
    },
    {
      "task_id": 3,
      "elapsed_time_sec": 5.505,
      "metrics": {
        "mean_acc": 76.66,
        "task_acc": [
          80.48,
          77.78,
          61.32,
          53.69
        ],
        "harmonic_acc": 71.46,
        "base_avg_acc": 80.48,
        "inc_avg_acc": 64.26,
        "nll": 4.72569,
        "brier": 0.989976,
        "ece": 0.757736,
        "beta_prior": 0.3
      }
    },
    {
      "task_id": 4,
      "elapsed_time_sec": 5.948,
      "metrics": {
        "mean_acc": 76.32,
        "task_acc": [
          80.03,
          78.85,
          60.63,
          51.34,
          78.33
        ],
        "harmonic_acc": 73.11,
        "base_avg_acc": 80.03,
        "inc_avg_acc": 67.29,
        "nll": 4.800527,
        "brier": 0.990704,
        "ece": 0.754904,
        "beta_prior": 0.3
      }
    },
    {
      "task_id": 5,
      "elapsed_time_sec": 6.351,
      "metrics": {
        "mean_acc": 74.97,
        "task_acc": [
          79.92,
          76.7,
          59.23,
          50.67,
          78.33,
          61.74
        ],
        "harmonic_acc": 71.89,
        "base_avg_acc": 79.92,
        "inc_avg_acc": 65.33,
        "nll": 4.869359,
        "brier": 0.991322,
        "ece": 0.741947,
        "beta_prior": 0.3
      }
    },
    {
      "task_id": 6,
      "elapsed_time_sec": 6.805,
      "metrics": {
        "mean_acc": 73.99,
        "task_acc": [
          78.88,
          75.63,
          60.28,
          50.34,
          78.67,
          63.76,
          67.71
        ],
        "harmonic_acc": 71.91,
        "base_avg_acc": 78.88,
        "inc_avg_acc": 66.06,
        "nll": 4.935373,
        "brier": 0.991885,
        "ece": 0.732708,
        "beta_prior": 0.3
      }
    },
    {
      "task_id": 7,
      "elapsed_time_sec": 7.227,
      "metrics": {
        "mean_acc": 73.51,
        "task_acc": [
          78.7,
          75.63,
          59.58,
          49.66,
          79.0,
          63.76,
          64.93,
          71.38
        ],
        "harmonic_acc": 71.96,
        "base_avg_acc": 78.7,
        "inc_avg_acc": 66.28,
        "nll": 4.997087,
        "brier": 0.992377,
        "ece": 0.728301,
        "beta_prior": 0.3
      }
    },
    {
      "task_id": 8,
      "elapsed_time_sec": 7.679,
      "metrics": {
        "mean_acc": 72.17,
        "task_acc": [
          78.77,
          75.63,
          59.93,
          50.34,
          78.33,
          62.75,
          62.15,
          59.6,
          64.41
        ],
        "harmonic_acc": 70.71,
        "base_avg_acc": 78.77,
        "inc_avg_acc": 64.14,
        "nll": 5.055176,
        "brier": 0.992812,
        "ece": 0.715266,
        "beta_prior": 0.3
      }
    },
    {
      "task_id": 9,
      "elapsed_time_sec": 8.097,
      "metrics": {
        "mean_acc": 72.17,
        "task_acc": [
          78.6,
          75.63,
          58.89,
          50.0,
          78.67,
          62.42,
          62.5,
          59.93,
          60.34,
          78.82
        ],
        "harmonic_acc": 71.3,
        "base_avg_acc": 78.6,
        "inc_avg_acc": 65.24,
        "nll": 5.108976,
        "brier": 0.993187,
        "ece": 0.71563,
        "beta_prior": 0.3
      }
    },
    {
      "task_id": 10,
      "elapsed_time_sec": 8.548,
      "metrics": {
        "mean_acc": 72.13,
        "task_acc": [
          78.49,
          71.33,
          58.89,
          50.0,
          78.33,
          63.09,
          62.5,
          57.58,
          59.66,
          78.47,
          79.33
        ],
        "harmonic_acc": 71.66,
        "base_avg_acc": 78.49,
        "inc_avg_acc": 65.92,
        "nll": 5.160642,
        "brier": 0.993531,
        "ece": 0.715502,
        "beta_prior": 0.3
      }
    }
  ]
}