{
  "dataset": "cub200",
  "trainer": "bimc_dino_fusion",
  "seed": 1,
  "runtime_sec": 255.921,
  "acc_list": [
    86.35,
    85.43,
    84.81,
    83.56,
    83.66,
    82.09,
    82.57,
    83.2,
    83.12,
    83.71,
    84.1
  ],
  "task_acc_list": [
    [
      86.35
    ],
    [
      86.21,
      77.42
    ],
    [
      86.21,
      77.42,
      78.05
    ],
    [
      86.21,
      77.42,
      74.56,
      72.48
    ],
    [
      86.21,
      77.42,
      73.87,
      70.81,
      87.33
    ],
    [
      86.21,
      77.42,
      73.87,
      70.81,
      87.33,
      60.74
    ],
    [
      86.14,
      77.06,
      73.87,
      70.81,
      87.33,
      60.74,
      90.97
    ],
    [
      86.14,
      77.06,
      73.87,
      70.81,
      87.33,
      60.74,
      89.93,
      93.94
    ],
    [
      86.14,
      77.06,
      73.87,
      70.81,
      87.33,
      60.4,
      89.58,
      89.56,
      86.78
    ],
    [
      86.14,
      77.06,
      73.87,
      70.81,
      87.33,
      60.4,
      89.58,
      89.56,
      85.76,
      95.49
    ],
    [
      86.14,
      77.06,
      73.87,
      70.81,
      87.33,
      60.07,
      89.58,
      89.56,
      85.76,
      95.49,
      91.67
    ]
  ],
  "task_results": [
    {
      "task_id": 0,
      "elapsed_time_sec": 14.075,
      "metrics": {
        "mean_acc": 86.35,
        "task_acc": [
          86.35
        ],
        "harmonic_acc": 0.0,
        "base_avg_acc": 86.35,
        "inc_avg_acc": 0.0,
        "nll": 0.89055,
        "brier": 0.216717,
        "ece": 0.083843,
        "beta_prior": 0.0
      }
    },
    {
      "task_id": 1,
      "elapsed_time_sec": 15.42,
      "metrics": {
        "mean_acc": 85.43,
        "task_acc": [
          86.21,
          77.42
        ],
        "harmonic_acc": 81.58,
        "base_avg_acc": 86.21,
        "inc_avg_acc": 77.42,
        "nll": 0.91422,
        "brier": 0.232949,
        "ece": 0.090379,
        "beta_prior": 0.0
      }
    },
    {
      "task_id": 2,
      "elapsed_time_sec": 16.756,
      "metrics": {
        "mean_acc": 84.81,
        "task_acc": [
          86.21,
          77.42,
          78.05
        ],
        "harmonic_acc": 81.75,
        "base_avg_acc": 86.21,
        "inc_avg_acc": 77.74,
        "nll": 0.926889,
        "brier": 0.241061,
        "ece": 0.096106,
        "beta_prior": 0.0
      }
    },
    {
      "task_id": 3,
      "elapsed_time_sec": 18.208,
      "metrics": {
        "mean_acc": 83.56,
        "task_acc": [
          86.21,
          77.42,
          74.56,
          72.48
        ],
        "harmonic_acc": 80.11,
        "base_avg_acc": 86.21,
        "inc_avg_acc": 74.82,
        "nll": 1.049636,
        "brier": 0.262642,
        "ece": 0.104894,
        "beta_prior": 0.0
      }
    },
    {
      "task_id": 4,
      "elapsed_time_sec": 19.747,
      "metrics": {
        "mean_acc": 83.66,
        "task_acc": [
          86.21,
          77.42,
          73.87,
          70.81,
          87.33
        ],
        "harmonic_acc": 81.54,
        "base_avg_acc": 86.21,
        "inc_avg_acc": 77.36,
        "nll": 1.062438,
        "brier": 0.261391,
        "ece": 0.103788,
        "beta_prior": 0.0
      }
    },
    {
      "task_id": 5,
      "elapsed_time_sec": 21.243,
      "metrics": {
        "mean_acc": 82.09,
        "task_acc": [
          86.21,
          77.42,
          73.87,
          70.81,
          87.33,
          60.74
        ],
        "harmonic_acc": 79.66,
        "base_avg_acc": 86.21,
        "inc_avg_acc": 74.03,
        "nll": 1.161559,
        "brier": 0.287602,
        "ece": 0.116269,
        "beta_prior": 0.0
      }
    },
    {
      "task_id": 6,
      "elapsed_time_sec": 22.577,
      "metrics": {
        "mean_acc": 82.57,
        "task_acc": [
          86.14,
          77.06,
          73.87,
          70.81,
          87.33,
          60.74,
          90.97
        ],
        "harmonic_acc": 81.2,
        "base_avg_acc": 86.14,
        "inc_avg_acc": 76.8,
        "nll": 1.14325,
        "brier": 0.280368,
        "ece": 0.113031,
        "beta_prior": 0.0
      }
    },
    {
      "task_id": 7,
      "elapsed_time_sec": 24.049,
      "metrics": {
        "mean_acc": 83.2,
        "task_acc": [
          86.14,
          77.06,
          73.87,
          70.81,
          87.33,
          60.74,
          89.93,
          93.94
        ],
        "harmonic_acc": 82.47,
        "base_avg_acc": 86.14,
        "inc_avg_acc": 79.1,
        "nll": 1.134192,
        "brier": 0.270815,
        "ece": 0.109216,
        "beta_prior": 0.0
      }
    },
    {
      "task_id": 8,
      "elapsed_time_sec": 25.503,
      "metrics": {
        "mean_acc": 83.12,
        "task_acc": [
          86.14,
          77.06,
          73.87,
          70.81,
          87.33,
          60.4,
          89.58,
          89.56,
          86.78
        ],
        "harmonic_acc": 82.65,
        "base_avg_acc": 86.14,
        "inc_avg_acc": 79.42,
        "nll": 1.149265,
        "brier": 0.273099,
        "ece": 0.109994,
        "beta_prior": 0.0
      }
    },
    {
      "task_id": 9,
      "elapsed_time_sec": 26.971,
      "metrics": {
        "mean_acc": 83.71,
        "task_acc": [
          86.14,
          77.06,
          73.87,
          70.81,
          87.33,
          60.4,
          89.58,
          89.56,
          85.76,
          95.49
        ],
        "harmonic_acc": 83.54,
        "base_avg_acc": 86.14,
        "inc_avg_acc": 81.1,
        "nll": 1.10723,
        "brier": 0.263368,
        "ece": 0.104553,
        "beta_prior": 0.0
      }
    },
    {
      "task_id": 10,
      "elapsed_time_sec": 28.365,
      "metrics": {
        "mean_acc": 84.1,
        "task_acc": [
          86.14,
          77.06,
          73.87,
          70.81,
          87.33,
          60.07,
          89.58,
          89.56,
          85.76,
          95.49,
          91.67
        ],
        "harmonic_acc": 84.08,
        "base_avg_acc": 86.14,
        "inc_avg_acc": 82.12,
        "nll": 1.11074,
        "brier": 0.257991,
        "ece": 0.102291,
        "beta_prior": 0.0
      }
    }
  ]
}