{
  "dataset": "cub200",
  "trainer": "bimc_adaptive_risk_base_auto_ensemble",
  "seed": 1,
  "runtime_sec": 88.229,
  "acc_list": [
    82.3,
    79.73,
    78.8,
    75.35,
    74.9,
    73.58,
    72.76,
    72.49,
    70.98,
    71.0,
    70.94
  ],
  "task_acc_list": [
    [
      82.3
    ],
    [
      80.1,
      75.99
    ],
    [
      79.85,
      75.63,
      71.43
    ],
    [
      79.75,
      74.19,
      62.02,
      46.98
    ],
    [
      79.22,
      74.91,
      60.63,
      44.97,
      77.0
    ],
    [
      78.91,
      68.1,
      59.93,
      44.97,
      77.0,
      65.77
    ],
    [
      78.28,
      67.74,
      59.93,
      43.96,
      76.67,
      66.11,
      68.06
    ],
    [
      78.18,
      67.03,
      60.28,
      44.3,
      76.0,
      65.1,
      65.97,
      73.06
    ],
    [
      78.28,
      66.67,
      59.58,
      43.29,
      76.0,
      65.77,
      60.76,
      63.97,
      60.34
    ],
    [
      77.97,
      66.31,
      59.93,
      43.96,
      76.0,
      65.1,
      60.76,
      63.64,
      57.29,
      78.12
    ],
    [
      77.65,
      64.87,
      58.19,
      42.95,
      76.33,
      65.44,
      60.07,
      63.3,
      56.27,
      77.78,
      78.33
    ]
  ],
  "task_results": [
    {
      "task_id": 0,
      "elapsed_time_sec": 6.109,
      "metrics": {
        "mean_acc": 82.3,
        "task_acc": [
          82.3
        ],
        "harmonic_acc": 0.0,
        "base_avg_acc": 82.3,
        "inc_avg_acc": 0.0,
        "nll": 4.458662,
        "brier": 0.986861,
        "ece": 0.811366,
        "beta_prior": 0.5,
        "session_beta": 0.5
      }
    },
    {
      "task_id": 1,
      "elapsed_time_sec": 5.363,
      "metrics": {
        "mean_acc": 79.73,
        "task_acc": [
          80.1,
          75.99
        ],
        "harmonic_acc": 77.99,
        "base_avg_acc": 80.1,
        "inc_avg_acc": 75.99,
        "nll": 4.555418,
        "brier": 0.988086,
        "ece": 0.786786,
        "beta_prior": 0.5,
        "session_beta": 0.47
      }
    },
    {
      "task_id": 2,
      "elapsed_time_sec": 5.773,
      "metrics": {
        "mean_acc": 78.8,
        "task_acc": [
          79.85,
          75.63,
          71.43
        ],
        "harmonic_acc": 76.56,
        "base_avg_acc": 79.85,
        "inc_avg_acc": 73.53,
        "nll": 4.642168,
        "brier": 0.989074,
        "ece": 0.778379,
        "beta_prior": 0.5,
        "session_beta": 0.5
      }
    },
    {
      "task_id": 3,
      "elapsed_time_sec": 6.199,
      "metrics": {
        "mean_acc": 75.35,
        "task_acc": [
          79.75,
          74.19,
          62.02,
          46.98
        ],
        "harmonic_acc": 69.17,
        "base_avg_acc": 79.75,
        "inc_avg_acc": 61.06,
        "nll": 4.722196,
        "brier": 0.989916,
        "ece": 0.744559,
        "beta_prior": 0.5,
        "session_beta": 0.47
      }
    },
    {
      "task_id": 4,
      "elapsed_time_sec": 6.614,
      "metrics": {
        "mean_acc": 74.9,
        "task_acc": [
          79.22,
          74.91,
          60.63,
          44.97,
          77.0
        ],
        "harmonic_acc": 71.03,
        "base_avg_acc": 79.22,
        "inc_avg_acc": 64.38,
        "nll": 4.796628,
        "brier": 0.990641,
        "ece": 0.740718,
        "beta_prior": 0.5,
        "session_beta": 0.5
      }
    },
    {
      "task_id": 5,
      "elapsed_time_sec": 7.035,
      "metrics": {
        "mean_acc": 73.58,
        "task_acc": [
          78.91,
          68.1,
          59.93,
          44.97,
          77.0,
          65.77
        ],
        "harmonic_acc": 70.16,
        "base_avg_acc": 78.91,
        "inc_avg_acc": 63.15,
        "nll": 4.865003,
        "brier": 0.991256,
        "ece": 0.728042,
        "beta_prior": 0.5,
        "session_beta": 0.5
      }
    },
    {
      "task_id": 6,
      "elapsed_time_sec": 7.475,
      "metrics": {
        "mean_acc": 72.76,
        "task_acc": [
          78.28,
          67.74,
          59.93,
          43.96,
          76.67,
          66.11,
          68.06
        ],
        "harmonic_acc": 70.27,
        "base_avg_acc": 78.28,
        "inc_avg_acc": 63.74,
        "nll": 4.930936,
        "brier": 0.991822,
        "ece": 0.72032,
        "beta_prior": 0.5,
        "session_beta": 0.5
      }
    },
    {
      "task_id": 7,
      "elapsed_time_sec": 7.909,
      "metrics": {
        "mean_acc": 72.49,
        "task_acc": [
          78.18,
          67.03,
          60.28,
          44.3,
          76.0,
          65.1,
          65.97,
          73.06
        ],
        "harmonic_acc": 70.7,
        "base_avg_acc": 78.18,
        "inc_avg_acc": 64.53,
        "nll": 4.992473,
        "brier": 0.992315,
        "ece": 0.718087,
        "beta_prior": 0.5,
        "session_beta": 0.5
      }
    },
    {
      "task_id": 8,
      "elapsed_time_sec": 8.347,
      "metrics": {
        "mean_acc": 70.98,
        "task_acc": [
          78.28,
          66.67,
          59.58,
          43.29,
          76.0,
          65.77,
          60.76,
          63.97,
          60.34
        ],
        "harmonic_acc": 69.22,
        "base_avg_acc": 78.28,
        "inc_avg_acc": 62.05,
        "nll": 5.05053,
        "brier": 0.992754,
        "ece": 0.703325,
        "beta_prior": 0.5,
        "session_beta": 0.5
      }
    },
    {
      "task_id": 9,
      "elapsed_time_sec": 8.793,
      "metrics": {
        "mean_acc": 71.0,
        "task_acc": [
          77.97,
          66.31,
          59.93,
          43.96,
          76.0,
          65.1,
          60.76,
          63.64,
          57.29,
          78.12
        ],
        "harmonic_acc": 69.97,
        "base_avg_acc": 77.97,
        "inc_avg_acc": 63.46,
        "nll": 5.104155,
        "brier": 0.99313,
        "ece": 0.70395,
        "beta_prior": 0.5,
        "session_beta": 0.5
      }
    },
    {
      "task_id": 10,
      "elapsed_time_sec": 9.238,
      "metrics": {
        "mean_acc": 70.94,
        "task_acc": [
          77.65,
          64.87,
          58.19,
          42.95,
          76.33,
          65.44,
          60.07,
          63.3,
          56.27,
          77.78,
          78.33
        ],
        "harmonic_acc": 70.38,
        "base_avg_acc": 77.65,
        "inc_avg_acc": 64.35,
        "nll": 5.155622,
        "brier": 0.993475,
        "ece": 0.703563,
        "beta_prior": 0.5,
        "session_beta": 0.5
      }
    }
  ]
}