{
  "dataset": "cub200",
  "trainer": "bimc",
  "seed": 16,
  "runtime_sec": 76.659,
  "acc_list": [
    82.23,
    80.34,
    79.18,
    76.74,
    76.19,
    74.97,
    74.43,
    73.87,
    72.57,
    72.64,
    72.56
  ],
  "task_acc_list": [
    [
      82.23
    ],
    [
      81.22,
      71.33
    ],
    [
      81.18,
      70.97,
      67.25
    ],
    [
      81.15,
      70.25,
      56.79,
      59.73
    ],
    [
      80.9,
      70.61,
      55.4,
      59.06,
      73.33
    ],
    [
      80.73,
      70.25,
      55.4,
      58.05,
      73.33,
      61.41
    ],
    [
      80.52,
      70.25,
      54.36,
      59.06,
      73.0,
      61.07,
      69.1
    ],
    [
      80.24,
      70.25,
      55.4,
      58.39,
      72.0,
      60.74,
      68.4,
      69.7
    ],
    [
      80.27,
      70.25,
      55.05,
      58.39,
      72.67,
      60.74,
      65.62,
      61.95,
      60.68
    ],
    [
      80.13,
      70.61,
      54.7,
      58.72,
      72.67,
      60.4,
      65.62,
      61.62,
      58.64,
      77.78
    ],
    [
      80.34,
      70.25,
      52.96,
      58.39,
      73.33,
      59.73,
      64.93,
      61.95,
      57.29,
      77.78,
      73.0
    ]
  ],
  "task_results": [
    {
      "task_id": 0,
      "elapsed_time_sec": 4.21,
      "metrics": {
        "mean_acc": 82.23,
        "task_acc": [
          82.23
        ],
        "harmonic_acc": 0.0,
        "base_avg_acc": 82.23,
        "inc_avg_acc": 0.0,
        "nll": 4.448106,
        "brier": 0.986622,
        "ece": 0.810544,
        "beta_prior": 0.3
      }
    },
    {
      "task_id": 1,
      "elapsed_time_sec": 4.481,
      "metrics": {
        "mean_acc": 80.34,
        "task_acc": [
          81.22,
          71.33
        ],
        "harmonic_acc": 75.95,
        "base_avg_acc": 81.22,
        "inc_avg_acc": 71.33,
        "nll": 4.54409,
        "brier": 0.987852,
        "ece": 0.79271,
        "beta_prior": 0.3
      }
    },
    {
      "task_id": 2,
      "elapsed_time_sec": 4.859,
      "metrics": {
        "mean_acc": 79.18,
        "task_acc": [
          81.18,
          70.97,
          67.25
        ],
        "harmonic_acc": 74.66,
        "base_avg_acc": 81.18,
        "inc_avg_acc": 69.11,
        "nll": 4.631495,
        "brier": 0.988871,
        "ece": 0.782065,
        "beta_prior": 0.3
      }
    },
    {
      "task_id": 3,
      "elapsed_time_sec": 5.279,
      "metrics": {
        "mean_acc": 76.74,
        "task_acc": [
          81.15,
          70.25,
          56.79,
          59.73
        ],
        "harmonic_acc": 70.46,
        "base_avg_acc": 81.15,
        "inc_avg_acc": 62.26,
        "nll": 4.712184,
        "brier": 0.98974,
        "ece": 0.758418,
        "beta_prior": 0.3
      }
    },
    {
      "task_id": 4,
      "elapsed_time_sec": 5.674,
      "metrics": {
        "mean_acc": 76.19,
        "task_acc": [
          80.9,
          70.61,
          55.4,
          59.06,
          73.33
        ],
        "harmonic_acc": 71.84,
        "base_avg_acc": 80.9,
        "inc_avg_acc": 64.6,
        "nll": 4.787589,
        "brier": 0.990494,
        "ece": 0.753553,
        "beta_prior": 0.3
      }
    },
    {
      "task_id": 5,
      "elapsed_time_sec": 6.101,
      "metrics": {
        "mean_acc": 74.97,
        "task_acc": [
          80.73,
          70.25,
          55.4,
          58.05,
          73.33,
          61.41
        ],
        "harmonic_acc": 71.2,
        "base_avg_acc": 80.73,
        "inc_avg_acc": 63.69,
        "nll": 4.857001,
        "brier": 0.991134,
        "ece": 0.741849,
        "beta_prior": 0.3
      }
    },
    {
      "task_id": 6,
      "elapsed_time_sec": 6.503,
      "metrics": {
        "mean_acc": 74.43,
        "task_acc": [
          80.52,
          70.25,
          54.36,
          59.06,
          73.0,
          61.07,
          69.1
        ],
        "harmonic_acc": 71.61,
        "base_avg_acc": 80.52,
        "inc_avg_acc": 64.47,
        "nll": 4.923556,
        "brier": 0.991717,
        "ece": 0.736954,
        "beta_prior": 0.3
      }
    },
    {
      "task_id": 7,
      "elapsed_time_sec": 6.916,
      "metrics": {
        "mean_acc": 73.87,
        "task_acc": [
          80.24,
          70.25,
          55.4,
          58.39,
          72.0,
          60.74,
          68.4,
          69.7
        ],
        "harmonic_acc": 71.81,
        "base_avg_acc": 80.24,
        "inc_avg_acc": 64.98,
        "nll": 4.985868,
        "brier": 0.992227,
        "ece": 0.731888,
        "beta_prior": 0.3
      }
    },
    {
      "task_id": 8,
      "elapsed_time_sec": 7.35,
      "metrics": {
        "mean_acc": 72.57,
        "task_acc": [
          80.27,
          70.25,
          55.05,
          58.39,
          72.67,
          60.74,
          65.62,
          61.95,
          60.68
        ],
        "harmonic_acc": 70.7,
        "base_avg_acc": 80.27,
        "inc_avg_acc": 63.17,
        "nll": 5.044534,
        "brier": 0.992678,
        "ece": 0.719229,
        "beta_prior": 0.3
      }
    },
    {
      "task_id": 9,
      "elapsed_time_sec": 7.721,
      "metrics": {
        "mean_acc": 72.64,
        "task_acc": [
          80.13,
          70.61,
          54.7,
          58.72,
          72.67,
          60.4,
          65.62,
          61.62,
          58.64,
          77.78
        ],
        "harmonic_acc": 71.49,
        "base_avg_acc": 80.13,
        "inc_avg_acc": 64.53,
        "nll": 5.098315,
        "brier": 0.993059,
        "ece": 0.720296,
        "beta_prior": 0.3
      }
    },
    {
      "task_id": 10,
      "elapsed_time_sec": 8.173,
      "metrics": {
        "mean_acc": 72.56,
        "task_acc": [
          80.34,
          70.25,
          52.96,
          58.39,
          73.33,
          59.73,
          64.93,
          61.95,
          57.29,
          77.78,
          73.0
        ],
        "harmonic_acc": 71.84,
        "base_avg_acc": 80.34,
        "inc_avg_acc": 64.96,
        "nll": 5.150479,
        "brier": 0.993416,
        "ece": 0.719757,
        "beta_prior": 0.3
      }
    }
  ]
}