{
  "dataset": "cub200",
  "trainer": "bimc_dino_fusion",
  "seed": 19,
  "runtime_sec": 287.502,
  "acc_list": [
    86.35,
    85.27,
    84.55,
    83.53,
    83.61,
    82.34,
    82.73,
    83.16,
    83.06,
    83.55,
    83.95
  ],
  "task_acc_list": [
    [
      86.35
    ],
    [
      86.14,
      76.34
    ],
    [
      86.14,
      76.34,
      76.66
    ],
    [
      86.14,
      76.34,
      75.26,
      73.15
    ],
    [
      86.14,
      76.34,
      74.91,
      72.82,
      85.33
    ],
    [
      86.1,
      76.34,
      74.56,
      72.82,
      85.33,
      65.77
    ],
    [
      86.03,
      76.34,
      74.56,
      72.82,
      85.33,
      65.77,
      89.24
    ],
    [
      86.0,
      76.34,
      74.56,
      72.82,
      85.33,
      65.77,
      88.54,
      90.91
    ],
    [
      86.0,
      76.34,
      74.56,
      72.82,
      85.33,
      65.44,
      86.81,
      86.53,
      87.8
    ],
    [
      85.96,
      76.34,
      74.56,
      72.82,
      85.33,
      65.44,
      86.81,
      86.53,
      87.12,
      93.4
    ],
    [
      85.96,
      76.34,
      74.56,
      72.82,
      85.33,
      65.44,
      86.81,
      86.2,
      87.12,
      93.4,
      91.67
    ]
  ],
  "task_results": [
    {
      "task_id": 0,
      "elapsed_time_sec": 15.715,
      "metrics": {
        "mean_acc": 86.35,
        "task_acc": [
          86.35
        ],
        "harmonic_acc": 0.0,
        "base_avg_acc": 86.35,
        "inc_avg_acc": 0.0,
        "nll": 0.89055,
        "brier": 0.216717,
        "ece": 0.083843,
        "beta_prior": 0.0
      }
    },
    {
      "task_id": 1,
      "elapsed_time_sec": 17.099,
      "metrics": {
        "mean_acc": 85.27,
        "task_acc": [
          86.14,
          76.34
        ],
        "harmonic_acc": 80.94,
        "base_avg_acc": 86.14,
        "inc_avg_acc": 76.34,
        "nll": 0.913574,
        "brier": 0.233808,
        "ece": 0.092473,
        "beta_prior": 0.0
      }
    },
    {
      "task_id": 2,
      "elapsed_time_sec": 18.711,
      "metrics": {
        "mean_acc": 84.55,
        "task_acc": [
          86.14,
          76.34,
          76.66
        ],
        "harmonic_acc": 81.03,
        "base_avg_acc": 86.14,
        "inc_avg_acc": 76.5,
        "nll": 0.947606,
        "brier": 0.24585,
        "ece": 0.099539,
        "beta_prior": 0.0
      }
    },
    {
      "task_id": 3,
      "elapsed_time_sec": 20.272,
      "metrics": {
        "mean_acc": 83.53,
        "task_acc": [
          86.14,
          76.34,
          75.26,
          73.15
        ],
        "harmonic_acc": 80.14,
        "base_avg_acc": 86.14,
        "inc_avg_acc": 74.92,
        "nll": 1.027057,
        "brier": 0.263788,
        "ece": 0.1068,
        "beta_prior": 0.0
      }
    },
    {
      "task_id": 4,
      "elapsed_time_sec": 21.674,
      "metrics": {
        "mean_acc": 83.61,
        "task_acc": [
          86.14,
          76.34,
          74.91,
          72.82,
          85.33
        ],
        "harmonic_acc": 81.51,
        "base_avg_acc": 86.14,
        "inc_avg_acc": 77.35,
        "nll": 1.03608,
        "brier": 0.261041,
        "ece": 0.104478,
        "beta_prior": 0.0
      }
    },
    {
      "task_id": 5,
      "elapsed_time_sec": 23.421,
      "metrics": {
        "mean_acc": 82.34,
        "task_acc": [
          86.1,
          76.34,
          74.56,
          72.82,
          85.33,
          65.77
        ],
        "harmonic_acc": 80.15,
        "base_avg_acc": 86.1,
        "inc_avg_acc": 74.96,
        "nll": 1.086109,
        "brier": 0.279305,
        "ece": 0.111962,
        "beta_prior": 0.0
      }
    },
    {
      "task_id": 6,
      "elapsed_time_sec": 24.846,
      "metrics": {
        "mean_acc": 82.73,
        "task_acc": [
          86.03,
          76.34,
          74.56,
          72.82,
          85.33,
          65.77,
          89.24
        ],
        "harmonic_acc": 81.46,
        "base_avg_acc": 86.03,
        "inc_avg_acc": 77.34,
        "nll": 1.08164,
        "brier": 0.274019,
        "ece": 0.11024,
        "beta_prior": 0.0
      }
    },
    {
      "task_id": 7,
      "elapsed_time_sec": 26.652,
      "metrics": {
        "mean_acc": 83.16,
        "task_acc": [
          86.0,
          76.34,
          74.56,
          72.82,
          85.33,
          65.77,
          88.54,
          90.91
        ],
        "harmonic_acc": 82.45,
        "base_avg_acc": 86.0,
        "inc_avg_acc": 79.18,
        "nll": 1.086595,
        "brier": 0.268281,
        "ece": 0.107768,
        "beta_prior": 0.0
      }
    },
    {
      "task_id": 8,
      "elapsed_time_sec": 27.775,
      "metrics": {
        "mean_acc": 83.06,
        "task_acc": [
          86.0,
          76.34,
          74.56,
          72.82,
          85.33,
          65.44,
          86.81,
          86.53,
          87.8
        ],
        "harmonic_acc": 82.6,
        "base_avg_acc": 86.0,
        "inc_avg_acc": 79.45,
        "nll": 1.12677,
        "brier": 0.270991,
        "ece": 0.10916,
        "beta_prior": 0.0
      }
    },
    {
      "task_id": 9,
      "elapsed_time_sec": 29.735,
      "metrics": {
        "mean_acc": 83.55,
        "task_acc": [
          85.96,
          76.34,
          74.56,
          72.82,
          85.33,
          65.44,
          86.81,
          86.53,
          87.12,
          93.4
        ],
        "harmonic_acc": 83.37,
        "base_avg_acc": 85.96,
        "inc_avg_acc": 80.93,
        "nll": 1.085462,
        "brier": 0.26299,
        "ece": 0.10519,
        "beta_prior": 0.0
      }
    },
    {
      "task_id": 10,
      "elapsed_time_sec": 31.024,
      "metrics": {
        "mean_acc": 83.95,
        "task_acc": [
          85.96,
          76.34,
          74.56,
          72.82,
          85.33,
          65.44,
          86.81,
          86.2,
          87.12,
          93.4,
          91.67
        ],
        "harmonic_acc": 83.92,
        "base_avg_acc": 85.96,
        "inc_avg_acc": 81.97,
        "nll": 1.077276,
        "brier": 0.256576,
        "ece": 0.102522,
        "beta_prior": 0.0
      }
    }
  ]
}