{
  "dataset": "cub200",
  "trainer": "bimc_dino_fusion",
  "seed": 4,
  "runtime_sec": 255.975,
  "acc_list": [
    86.35,
    84.98,
    84.4,
    83.64,
    83.42,
    82.11,
    82.79,
    83.53,
    83.35,
    83.91,
    84.16
  ],
  "task_acc_list": [
    [
      86.35
    ],
    [
      86.07,
      73.84
    ],
    [
      86.07,
      73.84,
      78.05
    ],
    [
      86.07,
      73.84,
      72.82,
      79.87
    ],
    [
      86.03,
      73.84,
      71.78,
      79.53,
      82.33
    ],
    [
      86.0,
      73.84,
      71.78,
      79.53,
      82.33,
      64.77
    ],
    [
      85.93,
      73.84,
      71.78,
      79.53,
      82.33,
      64.77,
      93.75
    ],
    [
      85.93,
      73.84,
      71.78,
      79.53,
      82.33,
      64.77,
      93.75,
      94.95
    ],
    [
      85.93,
      73.84,
      71.78,
      79.53,
      82.33,
      64.43,
      92.01,
      89.9,
      87.46
    ],
    [
      85.93,
      73.84,
      71.78,
      79.53,
      82.33,
      64.43,
      92.01,
      89.9,
      87.46,
      94.1
    ],
    [
      85.93,
      73.84,
      71.78,
      79.53,
      82.33,
      64.09,
      92.01,
      88.89,
      87.46,
      93.75,
      90.33
    ]
  ],
  "task_results": [
    {
      "task_id": 0,
      "elapsed_time_sec": 14.093,
      "metrics": {
        "mean_acc": 86.35,
        "task_acc": [
          86.35
        ],
        "harmonic_acc": 0.0,
        "base_avg_acc": 86.35,
        "inc_avg_acc": 0.0,
        "nll": 0.89055,
        "brier": 0.216717,
        "ece": 0.083843,
        "beta_prior": 0.0
      }
    },
    {
      "task_id": 1,
      "elapsed_time_sec": 15.367,
      "metrics": {
        "mean_acc": 84.98,
        "task_acc": [
          86.07,
          73.84
        ],
        "harmonic_acc": 79.49,
        "base_avg_acc": 86.07,
        "inc_avg_acc": 73.84,
        "nll": 0.929738,
        "brier": 0.237334,
        "ece": 0.093324,
        "beta_prior": 0.0
      }
    },
    {
      "task_id": 2,
      "elapsed_time_sec": 16.766,
      "metrics": {
        "mean_acc": 84.4,
        "task_acc": [
          86.07,
          73.84,
          78.05
        ],
        "harmonic_acc": 80.69,
        "base_avg_acc": 86.07,
        "inc_avg_acc": 75.94,
        "nll": 0.955856,
        "brier": 0.245757,
        "ece": 0.097831,
        "beta_prior": 0.0
      }
    },
    {
      "task_id": 3,
      "elapsed_time_sec": 18.223,
      "metrics": {
        "mean_acc": 83.64,
        "task_acc": [
          86.07,
          73.84,
          72.82,
          79.87
        ],
        "harmonic_acc": 80.44,
        "base_avg_acc": 86.07,
        "inc_avg_acc": 75.51,
        "nll": 1.088405,
        "brier": 0.260642,
        "ece": 0.103796,
        "beta_prior": 0.0
      }
    },
    {
      "task_id": 4,
      "elapsed_time_sec": 19.775,
      "metrics": {
        "mean_acc": 83.42,
        "task_acc": [
          86.03,
          73.84,
          71.78,
          79.53,
          82.33
        ],
        "harmonic_acc": 81.19,
        "base_avg_acc": 86.03,
        "inc_avg_acc": 76.87,
        "nll": 1.100877,
        "brier": 0.263554,
        "ece": 0.104518,
        "beta_prior": 0.0
      }
    },
    {
      "task_id": 5,
      "elapsed_time_sec": 21.237,
      "metrics": {
        "mean_acc": 82.11,
        "task_acc": [
          86.0,
          73.84,
          71.78,
          79.53,
          82.33,
          64.77
        ],
        "harmonic_acc": 79.81,
        "base_avg_acc": 86.0,
        "inc_avg_acc": 74.45,
        "nll": 1.148219,
        "brier": 0.284327,
        "ece": 0.114228,
        "beta_prior": 0.0
      }
    },
    {
      "task_id": 6,
      "elapsed_time_sec": 22.604,
      "metrics": {
        "mean_acc": 82.79,
        "task_acc": [
          85.93,
          73.84,
          71.78,
          79.53,
          82.33,
          64.77,
          93.75
        ],
        "harmonic_acc": 81.59,
        "base_avg_acc": 85.93,
        "inc_avg_acc": 77.67,
        "nll": 1.123499,
        "brier": 0.274178,
        "ece": 0.110018,
        "beta_prior": 0.0
      }
    },
    {
      "task_id": 7,
      "elapsed_time_sec": 24.07,
      "metrics": {
        "mean_acc": 83.53,
        "task_acc": [
          85.93,
          73.84,
          71.78,
          79.53,
          82.33,
          64.77,
          93.75,
          94.95
        ],
        "harmonic_acc": 82.93,
        "base_avg_acc": 85.93,
        "inc_avg_acc": 80.14,
        "nll": 1.105208,
        "brier": 0.26355,
        "ece": 0.105679,
        "beta_prior": 0.0
      }
    },
    {
      "task_id": 8,
      "elapsed_time_sec": 25.557,
      "metrics": {
        "mean_acc": 83.35,
        "task_acc": [
          85.93,
          73.84,
          71.78,
          79.53,
          82.33,
          64.43,
          92.01,
          89.9,
          87.46
        ],
        "harmonic_acc": 82.94,
        "base_avg_acc": 85.93,
        "inc_avg_acc": 80.16,
        "nll": 1.138746,
        "brier": 0.267611,
        "ece": 0.108156,
        "beta_prior": 0.0
      }
    },
    {
      "task_id": 9,
      "elapsed_time_sec": 26.865,
      "metrics": {
        "mean_acc": 83.91,
        "task_acc": [
          85.93,
          73.84,
          71.78,
          79.53,
          82.33,
          64.43,
          92.01,
          89.9,
          87.46,
          94.1
        ],
        "harmonic_acc": 83.77,
        "base_avg_acc": 85.93,
        "inc_avg_acc": 81.71,
        "nll": 1.099678,
        "brier": 0.259255,
        "ece": 0.103905,
        "beta_prior": 0.0
      }
    },
    {
      "task_id": 10,
      "elapsed_time_sec": 28.365,
      "metrics": {
        "mean_acc": 84.16,
        "task_acc": [
          85.93,
          73.84,
          71.78,
          79.53,
          82.33,
          64.09,
          92.01,
          88.89,
          87.46,
          93.75,
          90.33
        ],
        "harmonic_acc": 84.13,
        "base_avg_acc": 85.93,
        "inc_avg_acc": 82.4,
        "nll": 1.107455,
        "brier": 0.255932,
        "ece": 0.102303,
        "beta_prior": 0.0
      }
    }
  ]
}