{
  "dataset": "cub200",
  "trainer": "bimc",
  "seed": 4,
  "runtime_sec": 79.745,
  "acc_list": [
    82.23,
    79.83,
    78.89,
    75.64,
    74.73,
    73.6,
    73.19,
    72.69,
    71.82,
    72.3,
    72.25
  ],
  "task_acc_list": [
    [
      82.23
    ],
    [
      81.49,
      62.72
    ],
    [
      81.32,
      62.37,
      70.73
    ],
    [
      81.42,
      61.29,
      57.84,
      50.67
    ],
    [
      81.04,
      61.29,
      54.7,
      50.0,
      70.67
    ],
    [
      80.9,
      61.29,
      54.01,
      49.66,
      70.67,
      60.74
    ],
    [
      80.48,
      61.29,
      53.31,
      49.33,
      70.33,
      60.74,
      72.57
    ],
    [
      80.48,
      61.29,
      53.31,
      49.33,
      70.33,
      60.4,
      70.14,
      67.68
    ],
    [
      80.38,
      60.93,
      53.31,
      49.66,
      70.33,
      60.4,
      68.06,
      59.6,
      68.47
    ],
    [
      80.31,
      60.93,
      53.66,
      49.33,
      70.33,
      60.4,
      67.71,
      59.6,
      66.1,
      84.38
    ],
    [
      80.31,
      60.22,
      53.66,
      48.32,
      70.33,
      59.73,
      68.4,
      59.26,
      65.76,
      82.64,
      75.33
    ]
  ],
  "task_results": [
    {
      "task_id": 0,
      "elapsed_time_sec": 4.419,
      "metrics": {
        "mean_acc": 82.23,
        "task_acc": [
          82.23
        ],
        "harmonic_acc": 0.0,
        "base_avg_acc": 82.23,
        "inc_avg_acc": 0.0,
        "nll": 4.448106,
        "brier": 0.986622,
        "ece": 0.810544,
        "beta_prior": 0.3
      }
    },
    {
      "task_id": 1,
      "elapsed_time_sec": 4.697,
      "metrics": {
        "mean_acc": 79.83,
        "task_acc": [
          81.49,
          62.72
        ],
        "harmonic_acc": 70.88,
        "base_avg_acc": 81.49,
        "inc_avg_acc": 62.72,
        "nll": 4.544397,
        "brier": 0.987859,
        "ece": 0.787623,
        "beta_prior": 0.3
      }
    },
    {
      "task_id": 2,
      "elapsed_time_sec": 5.086,
      "metrics": {
        "mean_acc": 78.89,
        "task_acc": [
          81.32,
          62.37,
          70.73
        ],
        "harmonic_acc": 73.2,
        "base_avg_acc": 81.32,
        "inc_avg_acc": 66.55,
        "nll": 4.632228,
        "brier": 0.988885,
        "ece": 0.779157,
        "beta_prior": 0.3
      }
    },
    {
      "task_id": 3,
      "elapsed_time_sec": 5.552,
      "metrics": {
        "mean_acc": 75.64,
        "task_acc": [
          81.42,
          61.29,
          57.84,
          50.67
        ],
        "harmonic_acc": 66.78,
        "base_avg_acc": 81.42,
        "inc_avg_acc": 56.6,
        "nll": 4.712941,
        "brier": 0.989753,
        "ece": 0.747425,
        "beta_prior": 0.3
      }
    },
    {
      "task_id": 4,
      "elapsed_time_sec": 5.953,
      "metrics": {
        "mean_acc": 74.73,
        "task_acc": [
          81.04,
          61.29,
          54.7,
          50.0,
          70.67
        ],
        "harmonic_acc": 68.4,
        "base_avg_acc": 81.04,
        "inc_avg_acc": 59.17,
        "nll": 4.78816,
        "brier": 0.990503,
        "ece": 0.738908,
        "beta_prior": 0.3
      }
    },
    {
      "task_id": 5,
      "elapsed_time_sec": 6.389,
      "metrics": {
        "mean_acc": 73.6,
        "task_acc": [
          80.9,
          61.29,
          54.01,
          49.66,
          70.67,
          60.74
        ],
        "harmonic_acc": 68.42,
        "base_avg_acc": 80.9,
        "inc_avg_acc": 59.27,
        "nll": 4.857524,
        "brier": 0.991142,
        "ece": 0.728213,
        "beta_prior": 0.3
      }
    },
    {
      "task_id": 6,
      "elapsed_time_sec": 6.817,
      "metrics": {
        "mean_acc": 73.19,
        "task_acc": [
          80.48,
          61.29,
          53.31,
          49.33,
          70.33,
          60.74,
          72.57
        ],
        "harmonic_acc": 69.57,
        "base_avg_acc": 80.48,
        "inc_avg_acc": 61.26,
        "nll": 4.92409,
        "brier": 0.991724,
        "ece": 0.724603,
        "beta_prior": 0.3
      }
    },
    {
      "task_id": 7,
      "elapsed_time_sec": 7.238,
      "metrics": {
        "mean_acc": 72.69,
        "task_acc": [
          80.48,
          61.29,
          53.31,
          49.33,
          70.33,
          60.4,
          70.14,
          67.68
        ],
        "harmonic_acc": 69.9,
        "base_avg_acc": 80.48,
        "inc_avg_acc": 61.78,
        "nll": 4.98614,
        "brier": 0.99223,
        "ece": 0.720078,
        "beta_prior": 0.3
      }
    },
    {
      "task_id": 8,
      "elapsed_time_sec": 7.67,
      "metrics": {
        "mean_acc": 71.82,
        "task_acc": [
          80.38,
          60.93,
          53.31,
          49.66,
          70.33,
          60.4,
          68.06,
          59.6,
          68.47
        ],
        "harmonic_acc": 69.58,
        "base_avg_acc": 80.38,
        "inc_avg_acc": 61.34,
        "nll": 5.044798,
        "brier": 0.992681,
        "ece": 0.711738,
        "beta_prior": 0.3
      }
    },
    {
      "task_id": 9,
      "elapsed_time_sec": 8.084,
      "metrics": {
        "mean_acc": 72.3,
        "task_acc": [
          80.31,
          60.93,
          53.66,
          49.33,
          70.33,
          60.4,
          67.71,
          59.6,
          66.1,
          84.38
        ],
        "harmonic_acc": 70.99,
        "base_avg_acc": 80.31,
        "inc_avg_acc": 63.6,
        "nll": 5.098846,
        "brier": 0.993066,
        "ece": 0.71684,
        "beta_prior": 0.3
      }
    },
    {
      "task_id": 10,
      "elapsed_time_sec": 8.548,
      "metrics": {
        "mean_acc": 72.25,
        "task_acc": [
          80.31,
          60.22,
          53.66,
          48.32,
          70.33,
          59.73,
          68.4,
          59.26,
          65.76,
          82.64,
          75.33
        ],
        "harmonic_acc": 71.46,
        "base_avg_acc": 80.31,
        "inc_avg_acc": 64.36,
        "nll": 5.150932,
        "brier": 0.993421,
        "ece": 0.716652,
        "beta_prior": 0.3
      }
    }
  ]
}