{
  "dataset": "cub200",
  "trainer": "bimc_dino_fusion_ensemble",
  "seed": 19,
  "runtime_sec": 252.909,
  "acc_list": [
    88.16,
    86.86,
    86.27,
    85.3,
    85.4,
    84.26,
    84.57,
    84.91,
    84.59,
    85.0,
    85.42
  ],
  "task_acc_list": [
    [
      88.16
    ],
    [
      88.06,
      74.55
    ],
    [
      88.16,
      74.55,
      78.75
    ],
    [
      88.09,
      74.55,
      78.05,
      75.5
    ],
    [
      88.09,
      74.91,
      77.35,
      75.17,
      87.33
    ],
    [
      88.06,
      74.91,
      77.0,
      75.17,
      87.33,
      69.46
    ],
    [
      87.99,
      74.55,
      77.0,
      75.17,
      87.33,
      69.46,
      90.28
    ],
    [
      87.88,
      74.55,
      77.0,
      75.17,
      87.67,
      69.46,
      89.93,
      91.25
    ],
    [
      87.78,
      74.55,
      77.0,
      75.17,
      87.33,
      69.13,
      88.54,
      85.86,
      87.8
    ],
    [
      87.74,
      74.55,
      77.0,
      75.17,
      87.33,
      69.13,
      88.54,
      85.86,
      87.46,
      93.06
    ],
    [
      87.74,
      74.55,
      77.0,
      75.17,
      87.33,
      69.13,
      88.54,
      85.52,
      87.46,
      93.06,
      93.33
    ]
  ],
  "task_results": [
    {
      "task_id": 0,
      "elapsed_time_sec": 13.914,
      "metrics": {
        "mean_acc": 88.16,
        "task_acc": [
          88.16
        ],
        "harmonic_acc": 0.0,
        "base_avg_acc": 88.16,
        "inc_avg_acc": 0.0,
        "nll": 0.547428,
        "brier": 0.183482,
        "ece": 0.044411,
        "beta_prior": 0.3
      }
    },
    {
      "task_id": 1,
      "elapsed_time_sec": 15.14,
      "metrics": {
        "mean_acc": 86.86,
        "task_acc": [
          88.06,
          74.55
        ],
        "harmonic_acc": 80.74,
        "base_avg_acc": 88.06,
        "inc_avg_acc": 74.55,
        "nll": 0.589236,
        "brier": 0.200135,
        "ece": 0.035784,
        "beta_prior": 0.3
      }
    },
    {
      "task_id": 2,
      "elapsed_time_sec": 16.525,
      "metrics": {
        "mean_acc": 86.27,
        "task_acc": [
          88.16,
          74.55,
          78.75
        ],
        "harmonic_acc": 82.0,
        "base_avg_acc": 88.16,
        "inc_avg_acc": 76.65,
        "nll": 0.613851,
        "brier": 0.209557,
        "ece": 0.037621,
        "beta_prior": 0.3
      }
    },
    {
      "task_id": 3,
      "elapsed_time_sec": 17.951,
      "metrics": {
        "mean_acc": 85.3,
        "task_acc": [
          88.09,
          74.55,
          78.05,
          75.5
        ],
        "harmonic_acc": 81.62,
        "base_avg_acc": 88.09,
        "inc_avg_acc": 76.03,
        "nll": 0.661609,
        "brier": 0.224878,
        "ece": 0.042273,
        "beta_prior": 0.3
      }
    },
    {
      "task_id": 4,
      "elapsed_time_sec": 19.434,
      "metrics": {
        "mean_acc": 85.4,
        "task_acc": [
          88.09,
          74.91,
          77.35,
          75.17,
          87.33
        ],
        "harmonic_acc": 83.13,
        "base_avg_acc": 88.09,
        "inc_avg_acc": 78.69,
        "nll": 0.662108,
        "brier": 0.223018,
        "ece": 0.039025,
        "beta_prior": 0.3
      }
    },
    {
      "task_id": 5,
      "elapsed_time_sec": 20.865,
      "metrics": {
        "mean_acc": 84.26,
        "task_acc": [
          88.06,
          74.91,
          77.0,
          75.17,
          87.33,
          69.46
        ],
        "harmonic_acc": 82.03,
        "base_avg_acc": 88.06,
        "inc_avg_acc": 76.77,
        "nll": 0.695323,
        "brier": 0.234944,
        "ece": 0.039968,
        "beta_prior": 0.3
      }
    },
    {
      "task_id": 6,
      "elapsed_time_sec": 22.283,
      "metrics": {
        "mean_acc": 84.57,
        "task_acc": [
          87.99,
          74.55,
          77.0,
          75.17,
          87.33,
          69.46,
          90.28
        ],
        "harmonic_acc": 83.23,
        "base_avg_acc": 87.99,
        "inc_avg_acc": 78.96,
        "nll": 0.69922,
        "brier": 0.231527,
        "ece": 0.042762,
        "beta_prior": 0.3
      }
    },
    {
      "task_id": 7,
      "elapsed_time_sec": 23.74,
      "metrics": {
        "mean_acc": 84.91,
        "task_acc": [
          87.88,
          74.55,
          77.0,
          75.17,
          87.67,
          69.46,
          89.93,
          91.25
        ],
        "harmonic_acc": 84.15,
        "base_avg_acc": 87.88,
        "inc_avg_acc": 80.72,
        "nll": 0.698034,
        "brier": 0.227488,
        "ece": 0.04598,
        "beta_prior": 0.3
      }
    },
    {
      "task_id": 8,
      "elapsed_time_sec": 25.163,
      "metrics": {
        "mean_acc": 84.59,
        "task_acc": [
          87.78,
          74.55,
          77.0,
          75.17,
          87.33,
          69.13,
          88.54,
          85.86,
          87.8
        ],
        "harmonic_acc": 84.08,
        "base_avg_acc": 87.78,
        "inc_avg_acc": 80.67,
        "nll": 0.719941,
        "brier": 0.231454,
        "ece": 0.051323,
        "beta_prior": 0.3
      }
    },
    {
      "task_id": 9,
      "elapsed_time_sec": 26.541,
      "metrics": {
        "mean_acc": 85.0,
        "task_acc": [
          87.74,
          74.55,
          77.0,
          75.17,
          87.33,
          69.13,
          88.54,
          85.86,
          87.46,
          93.06
        ],
        "harmonic_acc": 84.78,
        "base_avg_acc": 87.74,
        "inc_avg_acc": 82.01,
        "nll": 0.707179,
        "brier": 0.226568,
        "ece": 0.05106,
        "beta_prior": 0.3
      }
    },
    {
      "task_id": 10,
      "elapsed_time_sec": 27.967,
      "metrics": {
        "mean_acc": 85.42,
        "task_acc": [
          87.74,
          74.55,
          77.0,
          75.17,
          87.33,
          69.13,
          88.54,
          85.52,
          87.46,
          93.06,
          93.33
        ],
        "harmonic_acc": 85.36,
        "base_avg_acc": 87.74,
        "inc_avg_acc": 83.11,
        "nll": 0.701603,
        "brier": 0.222188,
        "ece": 0.054568,
        "beta_prior": 0.3
      }
    }
  ]
}