{
  "dataset": "cub200",
  "trainer": "bimc_dino_fusion_ensemble",
  "seed": 20,
  "runtime_sec": 260.029,
  "acc_list": [
    88.16,
    86.89,
    86.44,
    85.46,
    85.55,
    84.26,
    84.63,
    85.05,
    84.65,
    85.11,
    85.45
  ],
  "task_acc_list": [
    [
      88.16
    ],
    [
      88.09,
      74.55
    ],
    [
      88.06,
      74.55,
      81.88
    ],
    [
      88.06,
      74.55,
      79.09,
      76.85
    ],
    [
      88.13,
      74.55,
      78.4,
      75.84,
      87.67
    ],
    [
      88.06,
      74.55,
      78.4,
      75.84,
      87.67,
      67.45
    ],
    [
      87.95,
      73.84,
      78.4,
      75.84,
      87.67,
      67.45,
      92.01
    ],
    [
      87.92,
      73.84,
      78.4,
      75.84,
      87.67,
      67.45,
      91.32,
      92.59
    ],
    [
      87.88,
      73.84,
      78.4,
      75.84,
      87.67,
      67.11,
      90.28,
      89.23,
      83.05
    ],
    [
      87.92,
      74.19,
      78.4,
      75.84,
      87.67,
      67.11,
      90.28,
      89.23,
      82.71,
      93.06
    ],
    [
      87.81,
      74.19,
      78.4,
      75.84,
      87.67,
      67.11,
      90.28,
      88.89,
      82.71,
      93.06,
      93.0
    ]
  ],
  "task_results": [
    {
      "task_id": 0,
      "elapsed_time_sec": 14.3,
      "metrics": {
        "mean_acc": 88.16,
        "task_acc": [
          88.16
        ],
        "harmonic_acc": 0.0,
        "base_avg_acc": 88.16,
        "inc_avg_acc": 0.0,
        "nll": 0.547428,
        "brier": 0.183482,
        "ece": 0.044411,
        "beta_prior": 0.3
      }
    },
    {
      "task_id": 1,
      "elapsed_time_sec": 15.649,
      "metrics": {
        "mean_acc": 86.89,
        "task_acc": [
          88.09,
          74.55
        ],
        "harmonic_acc": 80.76,
        "base_avg_acc": 88.09,
        "inc_avg_acc": 74.55,
        "nll": 0.594795,
        "brier": 0.202103,
        "ece": 0.034857,
        "beta_prior": 0.3
      }
    },
    {
      "task_id": 2,
      "elapsed_time_sec": 17.147,
      "metrics": {
        "mean_acc": 86.44,
        "task_acc": [
          88.06,
          74.55,
          81.88
        ],
        "harmonic_acc": 82.85,
        "base_avg_acc": 88.06,
        "inc_avg_acc": 78.22,
        "nll": 0.611994,
        "brier": 0.206847,
        "ece": 0.034104,
        "beta_prior": 0.3
      }
    },
    {
      "task_id": 3,
      "elapsed_time_sec": 18.494,
      "metrics": {
        "mean_acc": 85.46,
        "task_acc": [
          88.06,
          74.55,
          79.09,
          76.85
        ],
        "harmonic_acc": 82.06,
        "base_avg_acc": 88.06,
        "inc_avg_acc": 76.83,
        "nll": 0.649906,
        "brier": 0.220848,
        "ece": 0.040831,
        "beta_prior": 0.3
      }
    },
    {
      "task_id": 4,
      "elapsed_time_sec": 19.912,
      "metrics": {
        "mean_acc": 85.55,
        "task_acc": [
          88.13,
          74.55,
          78.4,
          75.84,
          87.67
        ],
        "harmonic_acc": 83.38,
        "base_avg_acc": 88.13,
        "inc_avg_acc": 79.11,
        "nll": 0.654947,
        "brier": 0.221005,
        "ece": 0.034983,
        "beta_prior": 0.3
      }
    },
    {
      "task_id": 5,
      "elapsed_time_sec": 21.332,
      "metrics": {
        "mean_acc": 84.26,
        "task_acc": [
          88.06,
          74.55,
          78.4,
          75.84,
          87.67,
          67.45
        ],
        "harmonic_acc": 82.04,
        "base_avg_acc": 88.06,
        "inc_avg_acc": 76.78,
        "nll": 0.681724,
        "brier": 0.234547,
        "ece": 0.0364,
        "beta_prior": 0.3
      }
    },
    {
      "task_id": 6,
      "elapsed_time_sec": 22.756,
      "metrics": {
        "mean_acc": 84.63,
        "task_acc": [
          87.95,
          73.84,
          78.4,
          75.84,
          87.67,
          67.45,
          92.01
        ],
        "harmonic_acc": 83.35,
        "base_avg_acc": 87.95,
        "inc_avg_acc": 79.2,
        "nll": 0.68668,
        "brier": 0.230261,
        "ece": 0.036114,
        "beta_prior": 0.3
      }
    },
    {
      "task_id": 7,
      "elapsed_time_sec": 24.156,
      "metrics": {
        "mean_acc": 85.05,
        "task_acc": [
          87.92,
          73.84,
          78.4,
          75.84,
          87.67,
          67.45,
          91.32,
          92.59
        ],
        "harmonic_acc": 84.33,
        "base_avg_acc": 87.92,
        "inc_avg_acc": 81.02,
        "nll": 0.684443,
        "brier": 0.225233,
        "ece": 0.041385,
        "beta_prior": 0.3
      }
    },
    {
      "task_id": 8,
      "elapsed_time_sec": 25.747,
      "metrics": {
        "mean_acc": 84.65,
        "task_acc": [
          87.88,
          73.84,
          78.4,
          75.84,
          87.67,
          67.11,
          90.28,
          89.23,
          83.05
        ],
        "harmonic_acc": 84.12,
        "base_avg_acc": 87.88,
        "inc_avg_acc": 80.68,
        "nll": 0.705905,
        "brier": 0.229513,
        "ece": 0.048057,
        "beta_prior": 0.3
      }
    },
    {
      "task_id": 9,
      "elapsed_time_sec": 27.232,
      "metrics": {
        "mean_acc": 85.11,
        "task_acc": [
          87.92,
          74.19,
          78.4,
          75.84,
          87.67,
          67.11,
          90.28,
          89.23,
          82.71,
          93.06
        ],
        "harmonic_acc": 84.89,
        "base_avg_acc": 87.92,
        "inc_avg_acc": 82.05,
        "nll": 0.694604,
        "brier": 0.224893,
        "ece": 0.052051,
        "beta_prior": 0.3
      }
    },
    {
      "task_id": 10,
      "elapsed_time_sec": 28.741,
      "metrics": {
        "mean_acc": 85.45,
        "task_acc": [
          87.81,
          74.19,
          78.4,
          75.84,
          87.67,
          67.11,
          90.28,
          88.89,
          82.71,
          93.06,
          93.0
        ],
        "harmonic_acc": 85.4,
        "base_avg_acc": 87.81,
        "inc_avg_acc": 83.12,
        "nll": 0.692793,
        "brier": 0.220556,
        "ece": 0.055712,
        "beta_prior": 0.3
      }
    }
  ]
}