{
  "dataset": "cub200",
  "trainer": "bimc",
  "seed": 6,
  "runtime_sec": 76.445,
  "acc_list": [
    81.46,
    78.94,
    77.9,
    74.54,
    73.04,
    71.36,
    70.29,
    69.21,
    67.63,
    68.13,
    68.07
  ],
  "task_acc_list": [
    [
      81.46
    ],
    [
      80.59,
      62.01
    ],
    [
      80.73,
      61.65,
      65.51
    ],
    [
      80.38,
      61.65,
      54.36,
      50.0
    ],
    [
      80.13,
      61.29,
      49.48,
      47.65,
      64.0
    ],
    [
      80.1,
      61.29,
      48.78,
      47.99,
      63.67,
      49.66
    ],
    [
      79.89,
      61.65,
      48.78,
      48.32,
      63.67,
      49.66,
      55.56
    ],
    [
      79.54,
      62.01,
      48.43,
      47.65,
      63.33,
      49.33,
      54.51,
      58.25
    ],
    [
      79.43,
      62.01,
      48.78,
      47.65,
      63.33,
      48.99,
      54.51,
      49.83,
      50.85
    ],
    [
      79.4,
      62.01,
      48.78,
      48.32,
      63.33,
      48.32,
      54.17,
      49.49,
      49.49,
      79.51
    ],
    [
      79.54,
      59.14,
      48.78,
      48.32,
      63.67,
      49.33,
      54.17,
      49.49,
      48.47,
      78.47,
      69.0
    ]
  ],
  "task_results": [
    {
      "task_id": 0,
      "elapsed_time_sec": 4.225,
      "metrics": {
        "mean_acc": 81.46,
        "task_acc": [
          81.46
        ],
        "harmonic_acc": 0.0,
        "base_avg_acc": 81.46,
        "inc_avg_acc": 0.0,
        "nll": 4.468788,
        "brier": 0.987095,
        "ece": 0.803103,
        "beta_prior": 0.0
      }
    },
    {
      "task_id": 1,
      "elapsed_time_sec": 4.472,
      "metrics": {
        "mean_acc": 78.94,
        "task_acc": [
          80.59,
          62.01
        ],
        "harmonic_acc": 70.09,
        "base_avg_acc": 80.59,
        "inc_avg_acc": 62.01,
        "nll": 4.562632,
        "brier": 0.988238,
        "ece": 0.778907,
        "beta_prior": 0.0
      }
    },
    {
      "task_id": 2,
      "elapsed_time_sec": 4.867,
      "metrics": {
        "mean_acc": 77.9,
        "task_acc": [
          80.73,
          61.65,
          65.51
        ],
        "harmonic_acc": 71.14,
        "base_avg_acc": 80.73,
        "inc_avg_acc": 63.58,
        "nll": 4.649951,
        "brier": 0.989223,
        "ece": 0.769415,
        "beta_prior": 0.0
      }
    },
    {
      "task_id": 3,
      "elapsed_time_sec": 5.265,
      "metrics": {
        "mean_acc": 74.54,
        "task_acc": [
          80.38,
          61.65,
          54.36,
          50.0
        ],
        "harmonic_acc": 65.55,
        "base_avg_acc": 80.38,
        "inc_avg_acc": 55.34,
        "nll": 4.729953,
        "brier": 0.990052,
        "ece": 0.736579,
        "beta_prior": 0.0
      }
    },
    {
      "task_id": 4,
      "elapsed_time_sec": 5.687,
      "metrics": {
        "mean_acc": 73.04,
        "task_acc": [
          80.13,
          61.29,
          49.48,
          47.65,
          64.0
        ],
        "harmonic_acc": 65.65,
        "base_avg_acc": 80.13,
        "inc_avg_acc": 55.6,
        "nll": 4.805395,
        "brier": 0.990784,
        "ece": 0.722169,
        "beta_prior": 0.0
      }
    },
    {
      "task_id": 5,
      "elapsed_time_sec": 6.083,
      "metrics": {
        "mean_acc": 71.36,
        "task_acc": [
          80.1,
          61.29,
          48.78,
          47.99,
          63.67,
          49.66
        ],
        "harmonic_acc": 64.71,
        "base_avg_acc": 80.1,
        "inc_avg_acc": 54.28,
        "nll": 4.874932,
        "brier": 0.991406,
        "ece": 0.705922,
        "beta_prior": 0.0
      }
    },
    {
      "task_id": 6,
      "elapsed_time_sec": 6.538,
      "metrics": {
        "mean_acc": 70.29,
        "task_acc": [
          79.89,
          61.65,
          48.78,
          48.32,
          63.67,
          49.66,
          55.56
        ],
        "harmonic_acc": 64.87,
        "base_avg_acc": 79.89,
        "inc_avg_acc": 54.61,
        "nll": 4.941314,
        "brier": 0.991969,
        "ece": 0.695682,
        "beta_prior": 0.0
      }
    },
    {
      "task_id": 7,
      "elapsed_time_sec": 6.913,
      "metrics": {
        "mean_acc": 69.21,
        "task_acc": [
          79.54,
          62.01,
          48.43,
          47.65,
          63.33,
          49.33,
          54.51,
          58.25
        ],
        "harmonic_acc": 64.88,
        "base_avg_acc": 79.54,
        "inc_avg_acc": 54.79,
        "nll": 5.00346,
        "brier": 0.992461,
        "ece": 0.685372,
        "beta_prior": 0.0
      }
    },
    {
      "task_id": 8,
      "elapsed_time_sec": 7.38,
      "metrics": {
        "mean_acc": 67.63,
        "task_acc": [
          79.43,
          62.01,
          48.78,
          47.65,
          63.33,
          48.99,
          54.51,
          49.83,
          50.85
        ],
        "harmonic_acc": 63.75,
        "base_avg_acc": 79.43,
        "inc_avg_acc": 53.24,
        "nll": 5.06184,
        "brier": 0.992895,
        "ece": 0.669968,
        "beta_prior": 0.0
      }
    },
    {
      "task_id": 9,
      "elapsed_time_sec": 7.747,
      "metrics": {
        "mean_acc": 68.13,
        "task_acc": [
          79.4,
          62.01,
          48.78,
          48.32,
          63.33,
          48.32,
          54.17,
          49.49,
          49.49,
          79.51
        ],
        "harmonic_acc": 65.63,
        "base_avg_acc": 79.4,
        "inc_avg_acc": 55.94,
        "nll": 5.115623,
        "brier": 0.993265,
        "ece": 0.675255,
        "beta_prior": 0.0
      }
    },
    {
      "task_id": 10,
      "elapsed_time_sec": 8.185,
      "metrics": {
        "mean_acc": 68.07,
        "task_acc": [
          79.54,
          59.14,
          48.78,
          48.32,
          63.67,
          49.33,
          54.17,
          49.49,
          48.47,
          78.47,
          69.0
        ],
        "harmonic_acc": 66.33,
        "base_avg_acc": 79.54,
        "inc_avg_acc": 56.88,
        "nll": 5.167803,
        "brier": 0.993612,
        "ece": 0.674977,
        "beta_prior": 0.0
      }
    }
  ]
}