{
  "dataset": "cub200",
  "trainer": "bimc",
  "seed": 11,
  "runtime_sec": 80.77,
  "acc_list": [
    82.23,
    80.27,
    79.24,
    76.34,
    75.84,
    74.48,
    74.21,
    73.65,
    72.42,
    72.53,
    72.64
  ],
  "task_acc_list": [
    [
      82.23
    ],
    [
      81.42,
      68.46
    ],
    [
      81.39,
      68.1,
      68.64
    ],
    [
      81.25,
      67.03,
      53.31,
      60.07
    ],
    [
      80.9,
      67.03,
      50.17,
      57.05,
      79.0
    ],
    [
      80.66,
      66.31,
      49.83,
      56.71,
      78.33,
      60.4
    ],
    [
      80.45,
      65.95,
      48.78,
      57.38,
      78.67,
      60.07,
      72.92
    ],
    [
      80.2,
      65.95,
      49.13,
      56.71,
      77.67,
      60.4,
      70.14,
      71.04
    ],
    [
      80.06,
      65.95,
      49.13,
      56.04,
      78.33,
      60.4,
      64.58,
      61.28,
      68.47
    ],
    [
      79.96,
      65.95,
      49.83,
      55.7,
      78.0,
      60.4,
      64.58,
      60.94,
      66.78,
      77.78
    ],
    [
      79.99,
      64.16,
      48.78,
      56.04,
      78.0,
      60.4,
      65.28,
      59.93,
      67.12,
      78.47,
      76.0
    ]
  ],
  "task_results": [
    {
      "task_id": 0,
      "elapsed_time_sec": 4.434,
      "metrics": {
        "mean_acc": 82.23,
        "task_acc": [
          82.23
        ],
        "harmonic_acc": 0.0,
        "base_avg_acc": 82.23,
        "inc_avg_acc": 0.0,
        "nll": 4.448106,
        "brier": 0.986622,
        "ece": 0.810544,
        "beta_prior": 0.3
      }
    },
    {
      "task_id": 1,
      "elapsed_time_sec": 4.722,
      "metrics": {
        "mean_acc": 80.27,
        "task_acc": [
          81.42,
          68.46
        ],
        "harmonic_acc": 74.38,
        "base_avg_acc": 81.42,
        "inc_avg_acc": 68.46,
        "nll": 4.544057,
        "brier": 0.987851,
        "ece": 0.792074,
        "beta_prior": 0.3
      }
    },
    {
      "task_id": 2,
      "elapsed_time_sec": 5.132,
      "metrics": {
        "mean_acc": 79.24,
        "task_acc": [
          81.39,
          68.1,
          68.64
        ],
        "harmonic_acc": 74.31,
        "base_avg_acc": 81.39,
        "inc_avg_acc": 68.37,
        "nll": 4.631872,
        "brier": 0.988879,
        "ece": 0.782652,
        "beta_prior": 0.3
      }
    },
    {
      "task_id": 3,
      "elapsed_time_sec": 5.564,
      "metrics": {
        "mean_acc": 76.34,
        "task_acc": [
          81.25,
          67.03,
          53.31,
          60.07
        ],
        "harmonic_acc": 69.12,
        "base_avg_acc": 81.25,
        "inc_avg_acc": 60.14,
        "nll": 4.712265,
        "brier": 0.989741,
        "ece": 0.754395,
        "beta_prior": 0.3
      }
    },
    {
      "task_id": 4,
      "elapsed_time_sec": 5.97,
      "metrics": {
        "mean_acc": 75.84,
        "task_acc": [
          80.9,
          67.03,
          50.17,
          57.05,
          79.0
        ],
        "harmonic_acc": 71.03,
        "base_avg_acc": 80.9,
        "inc_avg_acc": 63.31,
        "nll": 4.787315,
        "brier": 0.990489,
        "ece": 0.750074,
        "beta_prior": 0.3
      }
    },
    {
      "task_id": 5,
      "elapsed_time_sec": 6.396,
      "metrics": {
        "mean_acc": 74.48,
        "task_acc": [
          80.66,
          66.31,
          49.83,
          56.71,
          78.33,
          60.4
        ],
        "harmonic_acc": 70.31,
        "base_avg_acc": 80.66,
        "inc_avg_acc": 62.32,
        "nll": 4.856582,
        "brier": 0.991127,
        "ece": 0.736991,
        "beta_prior": 0.3
      }
    },
    {
      "task_id": 6,
      "elapsed_time_sec": 6.827,
      "metrics": {
        "mean_acc": 74.21,
        "task_acc": [
          80.45,
          65.95,
          48.78,
          57.38,
          78.67,
          60.07,
          72.92
        ],
        "harmonic_acc": 71.26,
        "base_avg_acc": 80.45,
        "inc_avg_acc": 63.96,
        "nll": 4.923272,
        "brier": 0.991713,
        "ece": 0.734785,
        "beta_prior": 0.3
      }
    },
    {
      "task_id": 7,
      "elapsed_time_sec": 7.276,
      "metrics": {
        "mean_acc": 73.65,
        "task_acc": [
          80.2,
          65.95,
          49.13,
          56.71,
          77.67,
          60.4,
          70.14,
          71.04
        ],
        "harmonic_acc": 71.46,
        "base_avg_acc": 80.2,
        "inc_avg_acc": 64.43,
        "nll": 4.985445,
        "brier": 0.992221,
        "ece": 0.729646,
        "beta_prior": 0.3
      }
    },
    {
      "task_id": 8,
      "elapsed_time_sec": 7.717,
      "metrics": {
        "mean_acc": 72.42,
        "task_acc": [
          80.06,
          65.95,
          49.13,
          56.04,
          78.33,
          60.4,
          64.58,
          61.28,
          68.47
        ],
        "harmonic_acc": 70.53,
        "base_avg_acc": 80.06,
        "inc_avg_acc": 63.02,
        "nll": 5.044332,
        "brier": 0.992675,
        "ece": 0.717692,
        "beta_prior": 0.3
      }
    },
    {
      "task_id": 9,
      "elapsed_time_sec": 8.123,
      "metrics": {
        "mean_acc": 72.53,
        "task_acc": [
          79.96,
          65.95,
          49.83,
          55.7,
          78.0,
          60.4,
          64.58,
          60.94,
          66.78,
          77.78
        ],
        "harmonic_acc": 71.37,
        "base_avg_acc": 79.96,
        "inc_avg_acc": 64.44,
        "nll": 5.098236,
        "brier": 0.993058,
        "ece": 0.719204,
        "beta_prior": 0.3
      }
    },
    {
      "task_id": 10,
      "elapsed_time_sec": 8.585,
      "metrics": {
        "mean_acc": 72.64,
        "task_acc": [
          79.99,
          64.16,
          48.78,
          56.04,
          78.0,
          60.4,
          65.28,
          59.93,
          67.12,
          78.47,
          76.0
        ],
        "harmonic_acc": 71.97,
        "base_avg_acc": 79.99,
        "inc_avg_acc": 65.42,
        "nll": 5.150405,
        "brier": 0.993415,
        "ece": 0.72062,
        "beta_prior": 0.3
      }
    }
  ]
}