{
  "dataset": "cub200",
  "trainer": "bimc_dino_fusion_ensemble",
  "seed": 17,
  "runtime_sec": 252.348,
  "acc_list": [
    88.16,
    86.76,
    86.44,
    85.41,
    85.55,
    84.4,
    84.76,
    85.2,
    84.98,
    85.48,
    85.86
  ],
  "task_acc_list": [
    [
      88.16
    ],
    [
      88.16,
      72.4
    ],
    [
      88.27,
      72.4,
      81.88
    ],
    [
      88.13,
      72.4,
      77.35,
      79.19
    ],
    [
      88.09,
      72.4,
      76.31,
      78.86,
      89.0
    ],
    [
      88.06,
      72.4,
      76.31,
      78.86,
      89.0,
      69.13
    ],
    [
      88.09,
      72.4,
      76.31,
      78.86,
      89.0,
      68.79,
      90.28
    ],
    [
      87.99,
      72.4,
      76.31,
      78.86,
      89.0,
      68.79,
      89.93,
      93.27
    ],
    [
      87.88,
      72.04,
      76.31,
      78.86,
      89.0,
      68.79,
      88.54,
      88.55,
      88.81
    ],
    [
      87.92,
      72.04,
      76.31,
      78.86,
      89.0,
      68.79,
      88.54,
      88.55,
      88.81,
      94.1
    ],
    [
      87.85,
      72.04,
      76.31,
      78.86,
      89.0,
      68.46,
      88.54,
      88.55,
      88.81,
      94.1,
      94.0
    ]
  ],
  "task_results": [
    {
      "task_id": 0,
      "elapsed_time_sec": 13.83,
      "metrics": {
        "mean_acc": 88.16,
        "task_acc": [
          88.16
        ],
        "harmonic_acc": 0.0,
        "base_avg_acc": 88.16,
        "inc_avg_acc": 0.0,
        "nll": 0.547428,
        "brier": 0.183482,
        "ece": 0.044411,
        "beta_prior": 0.3
      }
    },
    {
      "task_id": 1,
      "elapsed_time_sec": 15.095,
      "metrics": {
        "mean_acc": 86.76,
        "task_acc": [
          88.16,
          72.4
        ],
        "harmonic_acc": 79.51,
        "base_avg_acc": 88.16,
        "inc_avg_acc": 72.4,
        "nll": 0.590149,
        "brier": 0.201084,
        "ece": 0.03503,
        "beta_prior": 0.3
      }
    },
    {
      "task_id": 2,
      "elapsed_time_sec": 16.569,
      "metrics": {
        "mean_acc": 86.44,
        "task_acc": [
          88.27,
          72.4,
          81.88
        ],
        "harmonic_acc": 82.33,
        "base_avg_acc": 88.27,
        "inc_avg_acc": 77.14,
        "nll": 0.610164,
        "brier": 0.20731,
        "ece": 0.033983,
        "beta_prior": 0.3
      }
    },
    {
      "task_id": 3,
      "elapsed_time_sec": 17.909,
      "metrics": {
        "mean_acc": 85.41,
        "task_acc": [
          88.13,
          72.4,
          77.35,
          79.19
        ],
        "harmonic_acc": 81.8,
        "base_avg_acc": 88.13,
        "inc_avg_acc": 76.31,
        "nll": 0.655439,
        "brier": 0.219885,
        "ece": 0.038254,
        "beta_prior": 0.3
      }
    },
    {
      "task_id": 4,
      "elapsed_time_sec": 19.412,
      "metrics": {
        "mean_acc": 85.55,
        "task_acc": [
          88.09,
          72.4,
          76.31,
          78.86,
          89.0
        ],
        "harmonic_acc": 83.38,
        "base_avg_acc": 88.09,
        "inc_avg_acc": 79.14,
        "nll": 0.663663,
        "brier": 0.219526,
        "ece": 0.035826,
        "beta_prior": 0.3
      }
    },
    {
      "task_id": 5,
      "elapsed_time_sec": 20.82,
      "metrics": {
        "mean_acc": 84.4,
        "task_acc": [
          88.06,
          72.4,
          76.31,
          78.86,
          89.0,
          69.13
        ],
        "harmonic_acc": 82.24,
        "base_avg_acc": 88.06,
        "inc_avg_acc": 77.14,
        "nll": 0.703605,
        "brier": 0.234446,
        "ece": 0.034798,
        "beta_prior": 0.3
      }
    },
    {
      "task_id": 6,
      "elapsed_time_sec": 22.147,
      "metrics": {
        "mean_acc": 84.76,
        "task_acc": [
          88.09,
          72.4,
          76.31,
          78.86,
          89.0,
          68.79,
          90.28
        ],
        "harmonic_acc": 83.45,
        "base_avg_acc": 88.09,
        "inc_avg_acc": 79.27,
        "nll": 0.704063,
        "brier": 0.230275,
        "ece": 0.035269,
        "beta_prior": 0.3
      }
    },
    {
      "task_id": 7,
      "elapsed_time_sec": 23.575,
      "metrics": {
        "mean_acc": 85.2,
        "task_acc": [
          87.99,
          72.4,
          76.31,
          78.86,
          89.0,
          68.79,
          89.93,
          93.27
        ],
        "harmonic_acc": 84.47,
        "base_avg_acc": 87.99,
        "inc_avg_acc": 81.22,
        "nll": 0.697911,
        "brier": 0.224353,
        "ece": 0.042314,
        "beta_prior": 0.3
      }
    },
    {
      "task_id": 8,
      "elapsed_time_sec": 24.992,
      "metrics": {
        "mean_acc": 84.98,
        "task_acc": [
          87.88,
          72.04,
          76.31,
          78.86,
          89.0,
          68.79,
          88.54,
          88.55,
          88.81
        ],
        "harmonic_acc": 84.5,
        "base_avg_acc": 87.88,
        "inc_avg_acc": 81.36,
        "nll": 0.714808,
        "brier": 0.226777,
        "ece": 0.047303,
        "beta_prior": 0.3
      }
    },
    {
      "task_id": 9,
      "elapsed_time_sec": 26.447,
      "metrics": {
        "mean_acc": 85.48,
        "task_acc": [
          87.92,
          72.04,
          76.31,
          78.86,
          89.0,
          68.79,
          88.54,
          88.55,
          88.81,
          94.1
        ],
        "harmonic_acc": 85.27,
        "base_avg_acc": 87.92,
        "inc_avg_acc": 82.78,
        "nll": 0.702679,
        "brier": 0.221355,
        "ece": 0.050292,
        "beta_prior": 0.3
      }
    },
    {
      "task_id": 10,
      "elapsed_time_sec": 27.932,
      "metrics": {
        "mean_acc": 85.86,
        "task_acc": [
          87.85,
          72.04,
          76.31,
          78.86,
          89.0,
          68.46,
          88.54,
          88.55,
          88.81,
          94.1,
          94.0
        ],
        "harmonic_acc": 85.81,
        "base_avg_acc": 87.85,
        "inc_avg_acc": 83.87,
        "nll": 0.698999,
        "brier": 0.217139,
        "ece": 0.054681,
        "beta_prior": 0.3
      }
    }
  ]
}