{
  "dataset": "cub200",
  "trainer": "bimc",
  "seed": 9,
  "runtime_sec": 76.78,
  "acc_list": [
    81.46,
    78.81,
    77.73,
    74.01,
    73.56,
    72.21,
    71.48,
    70.86,
    69.15,
    69.53,
    69.38
  ],
  "task_acc_list": [
    [
      81.46
    ],
    [
      80.76,
      58.78
    ],
    [
      80.73,
      58.42,
      66.55
    ],
    [
      80.55,
      57.71,
      57.14,
      42.62
    ],
    [
      80.41,
      56.63,
      55.4,
      41.28,
      73.33
    ],
    [
      80.34,
      58.78,
      55.4,
      41.28,
      73.67,
      52.35
    ],
    [
      80.1,
      58.06,
      54.7,
      41.28,
      74.0,
      52.35,
      63.89
    ],
    [
      79.82,
      58.06,
      54.7,
      41.28,
      73.67,
      52.35,
      60.76,
      67.34
    ],
    [
      79.68,
      56.99,
      54.7,
      41.28,
      74.0,
      52.35,
      57.64,
      60.94,
      52.2
    ],
    [
      79.71,
      58.06,
      54.7,
      41.28,
      73.67,
      52.35,
      57.99,
      60.27,
      48.81,
      79.17
    ],
    [
      79.71,
      56.27,
      54.7,
      40.94,
      73.67,
      51.68,
      57.29,
      59.6,
      48.47,
      79.17,
      71.0
    ]
  ],
  "task_results": [
    {
      "task_id": 0,
      "elapsed_time_sec": 4.247,
      "metrics": {
        "mean_acc": 81.46,
        "task_acc": [
          81.46
        ],
        "harmonic_acc": 0.0,
        "base_avg_acc": 81.46,
        "inc_avg_acc": 0.0,
        "nll": 4.468788,
        "brier": 0.987095,
        "ece": 0.803103,
        "beta_prior": 0.0
      }
    },
    {
      "task_id": 1,
      "elapsed_time_sec": 4.492,
      "metrics": {
        "mean_acc": 78.81,
        "task_acc": [
          80.76,
          58.78
        ],
        "harmonic_acc": 68.04,
        "base_avg_acc": 80.76,
        "inc_avg_acc": 58.78,
        "nll": 4.562736,
        "brier": 0.98824,
        "ece": 0.777634,
        "beta_prior": 0.0
      }
    },
    {
      "task_id": 2,
      "elapsed_time_sec": 4.888,
      "metrics": {
        "mean_acc": 77.73,
        "task_acc": [
          80.73,
          58.42,
          66.55
        ],
        "harmonic_acc": 70.45,
        "base_avg_acc": 80.73,
        "inc_avg_acc": 62.48,
        "nll": 4.649903,
        "brier": 0.989222,
        "ece": 0.767664,
        "beta_prior": 0.0
      }
    },
    {
      "task_id": 3,
      "elapsed_time_sec": 5.295,
      "metrics": {
        "mean_acc": 74.01,
        "task_acc": [
          80.55,
          57.71,
          57.14,
          42.62
        ],
        "harmonic_acc": 63.56,
        "base_avg_acc": 80.55,
        "inc_avg_acc": 52.49,
        "nll": 4.730076,
        "brier": 0.990054,
        "ece": 0.731214,
        "beta_prior": 0.0
      }
    },
    {
      "task_id": 4,
      "elapsed_time_sec": 5.705,
      "metrics": {
        "mean_acc": 73.56,
        "task_acc": [
          80.41,
          56.63,
          55.4,
          41.28,
          73.33
        ],
        "harmonic_acc": 66.48,
        "base_avg_acc": 80.41,
        "inc_avg_acc": 56.66,
        "nll": 4.804895,
        "brier": 0.990775,
        "ece": 0.727377,
        "beta_prior": 0.0
      }
    },
    {
      "task_id": 5,
      "elapsed_time_sec": 6.138,
      "metrics": {
        "mean_acc": 72.21,
        "task_acc": [
          80.34,
          58.78,
          55.4,
          41.28,
          73.67,
          52.35
        ],
        "harmonic_acc": 66.2,
        "base_avg_acc": 80.34,
        "inc_avg_acc": 56.3,
        "nll": 4.874622,
        "brier": 0.991401,
        "ece": 0.714472,
        "beta_prior": 0.0
      }
    },
    {
      "task_id": 6,
      "elapsed_time_sec": 6.546,
      "metrics": {
        "mean_acc": 71.48,
        "task_acc": [
          80.1,
          58.06,
          54.7,
          41.28,
          74.0,
          52.35,
          63.89
        ],
        "harmonic_acc": 66.86,
        "base_avg_acc": 80.1,
        "inc_avg_acc": 57.38,
        "nll": 4.941223,
        "brier": 0.991967,
        "ece": 0.707602,
        "beta_prior": 0.0
      }
    },
    {
      "task_id": 7,
      "elapsed_time_sec": 6.968,
      "metrics": {
        "mean_acc": 70.86,
        "task_acc": [
          79.82,
          58.06,
          54.7,
          41.28,
          73.67,
          52.35,
          60.76,
          67.34
        ],
        "harmonic_acc": 67.39,
        "base_avg_acc": 79.82,
        "inc_avg_acc": 58.31,
        "nll": 5.003165,
        "brier": 0.992457,
        "ece": 0.701865,
        "beta_prior": 0.0
      }
    },
    {
      "task_id": 8,
      "elapsed_time_sec": 7.369,
      "metrics": {
        "mean_acc": 69.15,
        "task_acc": [
          79.68,
          56.99,
          54.7,
          41.28,
          74.0,
          52.35,
          57.64,
          60.94,
          52.2
        ],
        "harmonic_acc": 65.95,
        "base_avg_acc": 79.68,
        "inc_avg_acc": 56.26,
        "nll": 5.061804,
        "brier": 0.992895,
        "ece": 0.685144,
        "beta_prior": 0.0
      }
    },
    {
      "task_id": 9,
      "elapsed_time_sec": 7.781,
      "metrics": {
        "mean_acc": 69.53,
        "task_acc": [
          79.71,
          58.06,
          54.7,
          41.28,
          73.67,
          52.35,
          57.99,
          60.27,
          48.81,
          79.17
        ],
        "harmonic_acc": 67.46,
        "base_avg_acc": 79.71,
        "inc_avg_acc": 58.48,
        "nll": 5.115346,
        "brier": 0.993262,
        "ece": 0.68927,
        "beta_prior": 0.0
      }
    },
    {
      "task_id": 10,
      "elapsed_time_sec": 8.221,
      "metrics": {
        "mean_acc": 69.38,
        "task_acc": [
          79.71,
          56.27,
          54.7,
          40.94,
          73.67,
          51.68,
          57.29,
          59.6,
          48.47,
          79.17,
          71.0
        ],
        "harmonic_acc": 67.99,
        "base_avg_acc": 79.71,
        "inc_avg_acc": 59.28,
        "nll": 5.167586,
        "brier": 0.993609,
        "ece": 0.688094,
        "beta_prior": 0.0
      }
    }
  ]
}