{
  "dataset": "cub200",
  "trainer": "bimc",
  "seed": 18,
  "runtime_sec": 76.984,
  "acc_list": [
    81.46,
    78.59,
    77.03,
    74.09,
    73.01,
    71.01,
    70.11,
    69.01,
    67.6,
    67.62,
    67.4
  ],
  "task_acc_list": [
    [
      81.46
    ],
    [
      80.66,
      57.35
    ],
    [
      80.73,
      56.27,
      60.28
    ],
    [
      80.69,
      56.99,
      47.39,
      52.35
    ],
    [
      80.38,
      55.56,
      46.34,
      49.33,
      68.0
    ],
    [
      80.17,
      55.91,
      45.99,
      49.33,
      68.0,
      45.97
    ],
    [
      80.03,
      54.84,
      45.99,
      49.66,
      67.33,
      45.64,
      59.72
    ],
    [
      79.78,
      55.91,
      46.34,
      49.66,
      67.67,
      45.3,
      58.68,
      53.87
    ],
    [
      79.82,
      55.91,
      44.95,
      49.33,
      67.33,
      44.97,
      57.99,
      48.48,
      52.2
    ],
    [
      79.89,
      55.91,
      44.95,
      49.33,
      67.33,
      44.63,
      57.99,
      48.82,
      50.51,
      69.1
    ],
    [
      79.82,
      55.2,
      45.64,
      49.33,
      67.33,
      44.3,
      57.99,
      45.12,
      50.17,
      68.75,
      68.67
    ]
  ],
  "task_results": [
    {
      "task_id": 0,
      "elapsed_time_sec": 4.246,
      "metrics": {
        "mean_acc": 81.46,
        "task_acc": [
          81.46
        ],
        "harmonic_acc": 0.0,
        "base_avg_acc": 81.46,
        "inc_avg_acc": 0.0,
        "nll": 4.468788,
        "brier": 0.987095,
        "ece": 0.803103,
        "beta_prior": 0.0
      }
    },
    {
      "task_id": 1,
      "elapsed_time_sec": 4.532,
      "metrics": {
        "mean_acc": 78.59,
        "task_acc": [
          80.66,
          57.35
        ],
        "harmonic_acc": 67.04,
        "base_avg_acc": 80.66,
        "inc_avg_acc": 57.35,
        "nll": 4.5631,
        "brier": 0.988247,
        "ece": 0.775411,
        "beta_prior": 0.0
      }
    },
    {
      "task_id": 2,
      "elapsed_time_sec": 4.898,
      "metrics": {
        "mean_acc": 77.03,
        "task_acc": [
          80.73,
          56.27,
          60.28
        ],
        "harmonic_acc": 67.69,
        "base_avg_acc": 80.73,
        "inc_avg_acc": 58.28,
        "nll": 4.649875,
        "brier": 0.989222,
        "ece": 0.760666,
        "beta_prior": 0.0
      }
    },
    {
      "task_id": 3,
      "elapsed_time_sec": 5.315,
      "metrics": {
        "mean_acc": 74.09,
        "task_acc": [
          80.69,
          56.99,
          47.39,
          52.35
        ],
        "harmonic_acc": 63.42,
        "base_avg_acc": 80.69,
        "inc_avg_acc": 52.24,
        "nll": 4.72994,
        "brier": 0.990051,
        "ece": 0.732015,
        "beta_prior": 0.0
      }
    },
    {
      "task_id": 4,
      "elapsed_time_sec": 5.726,
      "metrics": {
        "mean_acc": 73.01,
        "task_acc": [
          80.38,
          55.56,
          46.34,
          49.33,
          68.0
        ],
        "harmonic_acc": 65.18,
        "base_avg_acc": 80.38,
        "inc_avg_acc": 54.81,
        "nll": 4.805057,
        "brier": 0.990778,
        "ece": 0.721915,
        "beta_prior": 0.0
      }
    },
    {
      "task_id": 5,
      "elapsed_time_sec": 6.125,
      "metrics": {
        "mean_acc": 71.01,
        "task_acc": [
          80.17,
          55.91,
          45.99,
          49.33,
          68.0,
          45.97
        ],
        "harmonic_acc": 63.84,
        "base_avg_acc": 80.17,
        "inc_avg_acc": 53.04,
        "nll": 4.874449,
        "brier": 0.991399,
        "ece": 0.702448,
        "beta_prior": 0.0
      }
    },
    {
      "task_id": 6,
      "elapsed_time_sec": 6.563,
      "metrics": {
        "mean_acc": 70.11,
        "task_acc": [
          80.03,
          54.84,
          45.99,
          49.66,
          67.33,
          45.64,
          59.72
        ],
        "harmonic_acc": 64.39,
        "base_avg_acc": 80.03,
        "inc_avg_acc": 53.86,
        "nll": 4.940894,
        "brier": 0.991963,
        "ece": 0.693943,
        "beta_prior": 0.0
      }
    },
    {
      "task_id": 7,
      "elapsed_time_sec": 6.973,
      "metrics": {
        "mean_acc": 69.01,
        "task_acc": [
          79.78,
          55.91,
          46.34,
          49.66,
          67.67,
          45.3,
          58.68,
          53.87
        ],
        "harmonic_acc": 64.35,
        "base_avg_acc": 79.78,
        "inc_avg_acc": 53.92,
        "nll": 5.003059,
        "brier": 0.992456,
        "ece": 0.683331,
        "beta_prior": 0.0
      }
    },
    {
      "task_id": 8,
      "elapsed_time_sec": 7.417,
      "metrics": {
        "mean_acc": 67.6,
        "task_acc": [
          79.82,
          55.91,
          44.95,
          49.33,
          67.33,
          44.97,
          57.99,
          48.48,
          52.2
        ],
        "harmonic_acc": 63.45,
        "base_avg_acc": 79.82,
        "inc_avg_acc": 52.64,
        "nll": 5.061668,
        "brier": 0.992893,
        "ece": 0.669581,
        "beta_prior": 0.0
      }
    },
    {
      "task_id": 9,
      "elapsed_time_sec": 7.8,
      "metrics": {
        "mean_acc": 67.62,
        "task_acc": [
          79.89,
          55.91,
          44.95,
          49.33,
          67.33,
          44.63,
          57.99,
          48.82,
          50.51,
          69.1
        ],
        "harmonic_acc": 64.64,
        "base_avg_acc": 79.89,
        "inc_avg_acc": 54.29,
        "nll": 5.115338,
        "brier": 0.993262,
        "ece": 0.670155,
        "beta_prior": 0.0
      }
    },
    {
      "task_id": 10,
      "elapsed_time_sec": 8.223,
      "metrics": {
        "mean_acc": 67.4,
        "task_acc": [
          79.82,
          55.2,
          45.64,
          49.33,
          67.33,
          44.3,
          57.99,
          45.12,
          50.17,
          68.75,
          68.67
        ],
        "harmonic_acc": 65.3,
        "base_avg_acc": 79.82,
        "inc_avg_acc": 55.25,
        "nll": 5.167564,
        "brier": 0.993609,
        "ece": 0.668243,
        "beta_prior": 0.0
      }
    }
  ]
}