{
  "dataset": "cub200",
  "trainer": "bimc_dino_fusion_ensemble",
  "seed": 12,
  "runtime_sec": 252.445,
  "acc_list": [
    88.16,
    86.86,
    86.38,
    85.3,
    85.5,
    84.65,
    85.02,
    85.46,
    85.25,
    85.6,
    85.93
  ],
  "task_acc_list": [
    [
      88.16
    ],
    [
      88.13,
      73.84
    ],
    [
      88.2,
      73.84,
      80.49
    ],
    [
      88.16,
      73.84,
      76.66,
      76.85
    ],
    [
      88.16,
      74.19,
      76.66,
      76.85,
      87.67
    ],
    [
      88.09,
      74.19,
      76.66,
      76.85,
      87.67,
      73.83
    ],
    [
      87.95,
      73.48,
      76.66,
      76.85,
      87.67,
      73.83,
      92.71
    ],
    [
      87.92,
      73.48,
      76.66,
      76.85,
      87.67,
      73.83,
      92.36,
      92.93
    ],
    [
      87.92,
      73.48,
      76.31,
      76.85,
      87.67,
      73.83,
      91.67,
      87.54,
      88.14
    ],
    [
      87.92,
      73.48,
      76.31,
      76.85,
      87.67,
      73.83,
      91.67,
      87.54,
      87.8,
      92.36
    ],
    [
      87.85,
      73.48,
      76.31,
      76.85,
      87.67,
      73.49,
      91.67,
      87.54,
      87.8,
      92.36,
      93.0
    ]
  ],
  "task_results": [
    {
      "task_id": 0,
      "elapsed_time_sec": 13.884,
      "metrics": {
        "mean_acc": 88.16,
        "task_acc": [
          88.16
        ],
        "harmonic_acc": 0.0,
        "base_avg_acc": 88.16,
        "inc_avg_acc": 0.0,
        "nll": 0.547428,
        "brier": 0.183482,
        "ece": 0.044411,
        "beta_prior": 0.3
      }
    },
    {
      "task_id": 1,
      "elapsed_time_sec": 15.109,
      "metrics": {
        "mean_acc": 86.86,
        "task_acc": [
          88.13,
          73.84
        ],
        "harmonic_acc": 80.35,
        "base_avg_acc": 88.13,
        "inc_avg_acc": 73.84,
        "nll": 0.587955,
        "brier": 0.20039,
        "ece": 0.034283,
        "beta_prior": 0.3
      }
    },
    {
      "task_id": 2,
      "elapsed_time_sec": 16.508,
      "metrics": {
        "mean_acc": 86.38,
        "task_acc": [
          88.2,
          73.84,
          80.49
        ],
        "harmonic_acc": 82.31,
        "base_avg_acc": 88.2,
        "inc_avg_acc": 77.16,
        "nll": 0.608744,
        "brier": 0.207393,
        "ece": 0.035011,
        "beta_prior": 0.3
      }
    },
    {
      "task_id": 3,
      "elapsed_time_sec": 17.941,
      "metrics": {
        "mean_acc": 85.3,
        "task_acc": [
          88.16,
          73.84,
          76.66,
          76.85
        ],
        "harmonic_acc": 81.5,
        "base_avg_acc": 88.16,
        "inc_avg_acc": 75.78,
        "nll": 0.657433,
        "brier": 0.222172,
        "ece": 0.041041,
        "beta_prior": 0.3
      }
    },
    {
      "task_id": 4,
      "elapsed_time_sec": 19.395,
      "metrics": {
        "mean_acc": 85.5,
        "task_acc": [
          88.16,
          74.19,
          76.66,
          76.85,
          87.67
        ],
        "harmonic_acc": 83.24,
        "base_avg_acc": 88.16,
        "inc_avg_acc": 78.84,
        "nll": 0.660822,
        "brier": 0.220342,
        "ece": 0.034721,
        "beta_prior": 0.3
      }
    },
    {
      "task_id": 5,
      "elapsed_time_sec": 20.831,
      "metrics": {
        "mean_acc": 84.65,
        "task_acc": [
          88.09,
          74.19,
          76.66,
          76.85,
          87.67,
          73.83
        ],
        "harmonic_acc": 82.65,
        "base_avg_acc": 88.09,
        "inc_avg_acc": 77.84,
        "nll": 0.68237,
        "brier": 0.229571,
        "ece": 0.037392,
        "beta_prior": 0.3
      }
    },
    {
      "task_id": 6,
      "elapsed_time_sec": 22.243,
      "metrics": {
        "mean_acc": 85.02,
        "task_acc": [
          87.95,
          73.48,
          76.66,
          76.85,
          87.67,
          73.83,
          92.71
        ],
        "harmonic_acc": 83.9,
        "base_avg_acc": 87.95,
        "inc_avg_acc": 80.2,
        "nll": 0.684766,
        "brier": 0.224801,
        "ece": 0.039855,
        "beta_prior": 0.3
      }
    },
    {
      "task_id": 7,
      "elapsed_time_sec": 23.687,
      "metrics": {
        "mean_acc": 85.46,
        "task_acc": [
          87.92,
          73.48,
          76.66,
          76.85,
          87.67,
          73.83,
          92.36,
          92.93
        ],
        "harmonic_acc": 84.84,
        "base_avg_acc": 87.92,
        "inc_avg_acc": 81.97,
        "nll": 0.676957,
        "brier": 0.21845,
        "ece": 0.046694,
        "beta_prior": 0.3
      }
    },
    {
      "task_id": 8,
      "elapsed_time_sec": 25.146,
      "metrics": {
        "mean_acc": 85.25,
        "task_acc": [
          87.92,
          73.48,
          76.31,
          76.85,
          87.67,
          73.83,
          91.67,
          87.54,
          88.14
        ],
        "harmonic_acc": 84.82,
        "base_avg_acc": 87.92,
        "inc_avg_acc": 81.94,
        "nll": 0.697318,
        "brier": 0.222904,
        "ece": 0.049546,
        "beta_prior": 0.3
      }
    },
    {
      "task_id": 9,
      "elapsed_time_sec": 26.448,
      "metrics": {
        "mean_acc": 85.6,
        "task_acc": [
          87.92,
          73.48,
          76.31,
          76.85,
          87.67,
          73.83,
          91.67,
          87.54,
          87.8,
          92.36
        ],
        "harmonic_acc": 85.42,
        "base_avg_acc": 87.92,
        "inc_avg_acc": 83.06,
        "nll": 0.685806,
        "brier": 0.218405,
        "ece": 0.050292,
        "beta_prior": 0.3
      }
    },
    {
      "task_id": 10,
      "elapsed_time_sec": 27.948,
      "metrics": {
        "mean_acc": 85.93,
        "task_acc": [
          87.85,
          73.48,
          76.31,
          76.85,
          87.67,
          73.49,
          91.67,
          87.54,
          87.8,
          92.36,
          93.0
        ],
        "harmonic_acc": 85.89,
        "base_avg_acc": 87.85,
        "inc_avg_acc": 84.02,
        "nll": 0.685946,
        "brier": 0.215655,
        "ece": 0.052164,
        "beta_prior": 0.3
      }
    }
  ]
}