{
  "dataset": "cub200",
  "trainer": "bimc_dino_fusion",
  "seed": 5,
  "runtime_sec": 256.103,
  "acc_list": [
    86.35,
    85.4,
    84.96,
    84.44,
    84.31,
    82.76,
    83.01,
    83.59,
    83.25,
    83.67,
    84.14
  ],
  "task_acc_list": [
    [
      86.35
    ],
    [
      86.17,
      77.42
    ],
    [
      86.17,
      77.42,
      80.14
    ],
    [
      86.17,
      77.42,
      77.35,
      81.21
    ],
    [
      86.17,
      77.42,
      74.56,
      79.19,
      87.33
    ],
    [
      86.1,
      77.42,
      74.56,
      79.19,
      87.33,
      62.42
    ],
    [
      86.03,
      77.42,
      74.56,
      79.19,
      87.33,
      62.42,
      87.5
    ],
    [
      86.03,
      77.42,
      74.56,
      79.19,
      87.33,
      62.42,
      87.15,
      92.93
    ],
    [
      86.03,
      77.42,
      74.56,
      79.19,
      87.33,
      62.08,
      86.11,
      88.89,
      83.05
    ],
    [
      86.0,
      77.42,
      74.56,
      79.19,
      87.33,
      62.08,
      86.11,
      88.89,
      82.03,
      92.71
    ],
    [
      86.0,
      77.42,
      74.56,
      79.19,
      87.33,
      61.74,
      86.11,
      88.55,
      82.03,
      92.71,
      93.33
    ]
  ],
  "task_results": [
    {
      "task_id": 0,
      "elapsed_time_sec": 14.083,
      "metrics": {
        "mean_acc": 86.35,
        "task_acc": [
          86.35
        ],
        "harmonic_acc": 0.0,
        "base_avg_acc": 86.35,
        "inc_avg_acc": 0.0,
        "nll": 0.89055,
        "brier": 0.216717,
        "ece": 0.083843,
        "beta_prior": 0.0
      }
    },
    {
      "task_id": 1,
      "elapsed_time_sec": 15.369,
      "metrics": {
        "mean_acc": 85.4,
        "task_acc": [
          86.17,
          77.42
        ],
        "harmonic_acc": 81.56,
        "base_avg_acc": 86.17,
        "inc_avg_acc": 77.42,
        "nll": 0.910735,
        "brier": 0.230203,
        "ece": 0.088749,
        "beta_prior": 0.0
      }
    },
    {
      "task_id": 2,
      "elapsed_time_sec": 16.782,
      "metrics": {
        "mean_acc": 84.96,
        "task_acc": [
          86.17,
          77.42,
          80.14
        ],
        "harmonic_acc": 82.31,
        "base_avg_acc": 86.17,
        "inc_avg_acc": 78.78,
        "nll": 0.923117,
        "brier": 0.238039,
        "ece": 0.092203,
        "beta_prior": 0.0
      }
    },
    {
      "task_id": 3,
      "elapsed_time_sec": 18.309,
      "metrics": {
        "mean_acc": 84.44,
        "task_acc": [
          86.17,
          77.42,
          77.35,
          81.21
        ],
        "harmonic_acc": 82.24,
        "base_avg_acc": 86.17,
        "inc_avg_acc": 78.66,
        "nll": 0.974767,
        "brier": 0.2478,
        "ece": 0.094559,
        "beta_prior": 0.0
      }
    },
    {
      "task_id": 4,
      "elapsed_time_sec": 19.727,
      "metrics": {
        "mean_acc": 84.31,
        "task_acc": [
          86.17,
          77.42,
          74.56,
          79.19,
          87.33
        ],
        "harmonic_acc": 82.77,
        "base_avg_acc": 86.17,
        "inc_avg_acc": 79.62,
        "nll": 1.000187,
        "brier": 0.249677,
        "ece": 0.095415,
        "beta_prior": 0.0
      }
    },
    {
      "task_id": 5,
      "elapsed_time_sec": 21.254,
      "metrics": {
        "mean_acc": 82.76,
        "task_acc": [
          86.1,
          77.42,
          74.56,
          79.19,
          87.33,
          62.42
        ],
        "harmonic_acc": 80.84,
        "base_avg_acc": 86.1,
        "inc_avg_acc": 76.18,
        "nll": 1.084678,
        "brier": 0.274687,
        "ece": 0.106552,
        "beta_prior": 0.0
      }
    },
    {
      "task_id": 6,
      "elapsed_time_sec": 22.587,
      "metrics": {
        "mean_acc": 83.01,
        "task_acc": [
          86.03,
          77.42,
          74.56,
          79.19,
          87.33,
          62.42,
          87.5
        ],
        "harmonic_acc": 81.86,
        "base_avg_acc": 86.03,
        "inc_avg_acc": 78.07,
        "nll": 1.091109,
        "brier": 0.272126,
        "ece": 0.106388,
        "beta_prior": 0.0
      }
    },
    {
      "task_id": 7,
      "elapsed_time_sec": 24.059,
      "metrics": {
        "mean_acc": 83.59,
        "task_acc": [
          86.03,
          77.42,
          74.56,
          79.19,
          87.33,
          62.42,
          87.15,
          92.93
        ],
        "harmonic_acc": 82.98,
        "base_avg_acc": 86.03,
        "inc_avg_acc": 80.14,
        "nll": 1.073874,
        "brier": 0.262858,
        "ece": 0.10249,
        "beta_prior": 0.0
      }
    },
    {
      "task_id": 8,
      "elapsed_time_sec": 25.508,
      "metrics": {
        "mean_acc": 83.25,
        "task_acc": [
          86.03,
          77.42,
          74.56,
          79.19,
          87.33,
          62.08,
          86.11,
          88.89,
          83.05
        ],
        "harmonic_acc": 82.81,
        "base_avg_acc": 86.03,
        "inc_avg_acc": 79.83,
        "nll": 1.127619,
        "brier": 0.270393,
        "ece": 0.10593,
        "beta_prior": 0.0
      }
    },
    {
      "task_id": 9,
      "elapsed_time_sec": 26.97,
      "metrics": {
        "mean_acc": 83.67,
        "task_acc": [
          86.0,
          77.42,
          74.56,
          79.19,
          87.33,
          62.08,
          86.11,
          88.89,
          82.03,
          92.71
        ],
        "harmonic_acc": 83.5,
        "base_avg_acc": 86.0,
        "inc_avg_acc": 81.15,
        "nll": 1.087929,
        "brier": 0.262658,
        "ece": 0.102299,
        "beta_prior": 0.0
      }
    },
    {
      "task_id": 10,
      "elapsed_time_sec": 28.387,
      "metrics": {
        "mean_acc": 84.14,
        "task_acc": [
          86.0,
          77.42,
          74.56,
          79.19,
          87.33,
          61.74,
          86.11,
          88.55,
          82.03,
          92.71,
          93.33
        ],
        "harmonic_acc": 84.11,
        "base_avg_acc": 86.0,
        "inc_avg_acc": 82.3,
        "nll": 1.088042,
        "brier": 0.256638,
        "ece": 0.099663,
        "beta_prior": 0.0
      }
    }
  ]
}