{
  "dataset": "cub200",
  "trainer": "bimc_dino_fusion_ensemble",
  "seed": 14,
  "runtime_sec": 252.607,
  "acc_list": [
    88.16,
    86.67,
    86.3,
    85.06,
    84.88,
    83.75,
    84.22,
    84.71,
    84.48,
    84.86,
    85.14
  ],
  "task_acc_list": [
    [
      88.16
    ],
    [
      88.13,
      71.68
    ],
    [
      88.09,
      71.68,
      82.58
    ],
    [
      88.09,
      71.33,
      76.66,
      76.85
    ],
    [
      88.02,
      71.33,
      74.56,
      76.17,
      86.0
    ],
    [
      88.02,
      71.33,
      74.56,
      76.17,
      86.0,
      68.46
    ],
    [
      88.02,
      70.97,
      74.56,
      76.17,
      86.0,
      68.12,
      92.01
    ],
    [
      87.95,
      70.97,
      74.56,
      76.17,
      86.0,
      68.12,
      90.62,
      94.28
    ],
    [
      87.95,
      70.97,
      74.56,
      76.17,
      86.0,
      68.12,
      89.93,
      88.89,
      86.78
    ],
    [
      87.88,
      70.97,
      74.56,
      76.17,
      86.0,
      68.12,
      89.93,
      88.89,
      85.76,
      93.4
    ],
    [
      87.88,
      70.97,
      74.56,
      76.17,
      86.0,
      68.12,
      89.93,
      88.89,
      85.76,
      93.4,
      90.33
    ]
  ],
  "task_results": [
    {
      "task_id": 0,
      "elapsed_time_sec": 13.882,
      "metrics": {
        "mean_acc": 88.16,
        "task_acc": [
          88.16
        ],
        "harmonic_acc": 0.0,
        "base_avg_acc": 88.16,
        "inc_avg_acc": 0.0,
        "nll": 0.547428,
        "brier": 0.183482,
        "ece": 0.044411,
        "beta_prior": 0.3
      }
    },
    {
      "task_id": 1,
      "elapsed_time_sec": 15.174,
      "metrics": {
        "mean_acc": 86.67,
        "task_acc": [
          88.13,
          71.68
        ],
        "harmonic_acc": 79.06,
        "base_avg_acc": 88.13,
        "inc_avg_acc": 71.68,
        "nll": 0.591098,
        "brier": 0.201862,
        "ece": 0.037654,
        "beta_prior": 0.3
      }
    },
    {
      "task_id": 2,
      "elapsed_time_sec": 16.573,
      "metrics": {
        "mean_acc": 86.3,
        "task_acc": [
          88.09,
          71.68,
          82.58
        ],
        "harmonic_acc": 82.25,
        "base_avg_acc": 88.09,
        "inc_avg_acc": 77.13,
        "nll": 0.605492,
        "brier": 0.205589,
        "ece": 0.034876,
        "beta_prior": 0.3
      }
    },
    {
      "task_id": 3,
      "elapsed_time_sec": 17.934,
      "metrics": {
        "mean_acc": 85.06,
        "task_acc": [
          88.09,
          71.33,
          76.66,
          76.85
        ],
        "harmonic_acc": 80.99,
        "base_avg_acc": 88.09,
        "inc_avg_acc": 74.95,
        "nll": 0.656192,
        "brier": 0.22246,
        "ece": 0.041421,
        "beta_prior": 0.3
      }
    },
    {
      "task_id": 4,
      "elapsed_time_sec": 19.4,
      "metrics": {
        "mean_acc": 84.88,
        "task_acc": [
          88.02,
          71.33,
          74.56,
          76.17,
          86.0
        ],
        "harmonic_acc": 82.15,
        "base_avg_acc": 88.02,
        "inc_avg_acc": 77.02,
        "nll": 0.669561,
        "brier": 0.225261,
        "ece": 0.040332,
        "beta_prior": 0.3
      }
    },
    {
      "task_id": 5,
      "elapsed_time_sec": 20.803,
      "metrics": {
        "mean_acc": 83.75,
        "task_acc": [
          88.02,
          71.33,
          74.56,
          76.17,
          86.0,
          68.46
        ],
        "harmonic_acc": 81.17,
        "base_avg_acc": 88.02,
        "inc_avg_acc": 75.3,
        "nll": 0.698964,
        "brier": 0.238571,
        "ece": 0.043596,
        "beta_prior": 0.3
      }
    },
    {
      "task_id": 6,
      "elapsed_time_sec": 22.248,
      "metrics": {
        "mean_acc": 84.22,
        "task_acc": [
          88.02,
          70.97,
          74.56,
          76.17,
          86.0,
          68.12,
          92.01
        ],
        "harmonic_acc": 82.69,
        "base_avg_acc": 88.02,
        "inc_avg_acc": 77.97,
        "nll": 0.698925,
        "brier": 0.233472,
        "ece": 0.046057,
        "beta_prior": 0.3
      }
    },
    {
      "task_id": 7,
      "elapsed_time_sec": 23.771,
      "metrics": {
        "mean_acc": 84.71,
        "task_acc": [
          87.95,
          70.97,
          74.56,
          76.17,
          86.0,
          68.12,
          90.62,
          94.28
        ],
        "harmonic_acc": 83.84,
        "base_avg_acc": 87.95,
        "inc_avg_acc": 80.1,
        "nll": 0.694604,
        "brier": 0.227406,
        "ece": 0.0511,
        "beta_prior": 0.3
      }
    },
    {
      "task_id": 8,
      "elapsed_time_sec": 25.22,
      "metrics": {
        "mean_acc": 84.48,
        "task_acc": [
          87.95,
          70.97,
          74.56,
          76.17,
          86.0,
          68.12,
          89.93,
          88.89,
          86.78
        ],
        "harmonic_acc": 83.88,
        "base_avg_acc": 87.95,
        "inc_avg_acc": 80.18,
        "nll": 0.715547,
        "brier": 0.231299,
        "ece": 0.0536,
        "beta_prior": 0.3
      }
    },
    {
      "task_id": 9,
      "elapsed_time_sec": 26.466,
      "metrics": {
        "mean_acc": 84.86,
        "task_acc": [
          87.88,
          70.97,
          74.56,
          76.17,
          86.0,
          68.12,
          89.93,
          88.89,
          85.76,
          93.4
        ],
        "harmonic_acc": 84.59,
        "base_avg_acc": 87.88,
        "inc_avg_acc": 81.53,
        "nll": 0.702427,
        "brier": 0.225912,
        "ece": 0.053938,
        "beta_prior": 0.3
      }
    },
    {
      "task_id": 10,
      "elapsed_time_sec": 27.897,
      "metrics": {
        "mean_acc": 85.14,
        "task_acc": [
          87.88,
          70.97,
          74.56,
          76.17,
          86.0,
          68.12,
          89.93,
          88.89,
          85.76,
          93.4,
          90.33
        ],
        "harmonic_acc": 85.06,
        "base_avg_acc": 87.88,
        "inc_avg_acc": 82.41,
        "nll": 0.700928,
        "brier": 0.222884,
        "ece": 0.056349,
        "beta_prior": 0.3
      }
    }
  ]
}