{
  "dataset": "cub200",
  "trainer": "bimc",
  "seed": 9,
  "runtime_sec": 80.971,
  "acc_list": [
    82.23,
    80.4,
    79.68,
    76.31,
    76.22,
    74.94,
    74.17,
    73.87,
    72.44,
    72.57,
    72.59
  ],
  "task_acc_list": [
    [
      82.23
    ],
    [
      81.22,
      72.04
    ],
    [
      81.08,
      70.97,
      74.22
    ],
    [
      81.11,
      70.97,
      61.32,
      49.66
    ],
    [
      80.8,
      70.25,
      59.23,
      48.32,
      82.0
    ],
    [
      80.8,
      70.25,
      58.54,
      48.99,
      81.67,
      58.05
    ],
    [
      80.48,
      69.89,
      58.19,
      48.32,
      82.0,
      57.72,
      67.01
    ],
    [
      80.31,
      70.25,
      58.19,
      48.32,
      82.0,
      57.05,
      64.58,
      73.74
    ],
    [
      80.27,
      69.89,
      58.19,
      48.32,
      81.67,
      57.38,
      61.11,
      65.32,
      61.02
    ],
    [
      80.06,
      70.25,
      58.54,
      48.99,
      82.0,
      56.04,
      61.46,
      64.98,
      58.31,
      79.51
    ],
    [
      80.13,
      68.82,
      58.19,
      48.66,
      82.33,
      57.05,
      60.76,
      63.97,
      58.31,
      79.17,
      75.0
    ]
  ],
  "task_results": [
    {
      "task_id": 0,
      "elapsed_time_sec": 4.42,
      "metrics": {
        "mean_acc": 82.23,
        "task_acc": [
          82.23
        ],
        "harmonic_acc": 0.0,
        "base_avg_acc": 82.23,
        "inc_avg_acc": 0.0,
        "nll": 4.448106,
        "brier": 0.986622,
        "ece": 0.810544,
        "beta_prior": 0.3
      }
    },
    {
      "task_id": 1,
      "elapsed_time_sec": 4.707,
      "metrics": {
        "mean_acc": 80.4,
        "task_acc": [
          81.22,
          72.04
        ],
        "harmonic_acc": 76.36,
        "base_avg_acc": 81.22,
        "inc_avg_acc": 72.04,
        "nll": 4.543736,
        "brier": 0.987845,
        "ece": 0.793344,
        "beta_prior": 0.3
      }
    },
    {
      "task_id": 2,
      "elapsed_time_sec": 5.124,
      "metrics": {
        "mean_acc": 79.68,
        "task_acc": [
          81.08,
          70.97,
          74.22
        ],
        "harmonic_acc": 76.6,
        "base_avg_acc": 81.08,
        "inc_avg_acc": 72.6,
        "nll": 4.63147,
        "brier": 0.988871,
        "ece": 0.787022,
        "beta_prior": 0.3
      }
    },
    {
      "task_id": 3,
      "elapsed_time_sec": 5.555,
      "metrics": {
        "mean_acc": 76.31,
        "task_acc": [
          81.11,
          70.97,
          61.32,
          49.66
        ],
        "harmonic_acc": 69.4,
        "base_avg_acc": 81.11,
        "inc_avg_acc": 60.65,
        "nll": 4.712347,
        "brier": 0.989743,
        "ece": 0.754128,
        "beta_prior": 0.3
      }
    },
    {
      "task_id": 4,
      "elapsed_time_sec": 5.972,
      "metrics": {
        "mean_acc": 76.22,
        "task_acc": [
          80.8,
          70.25,
          59.23,
          48.32,
          82.0
        ],
        "harmonic_acc": 72.01,
        "base_avg_acc": 80.8,
        "inc_avg_acc": 64.95,
        "nll": 4.787315,
        "brier": 0.990489,
        "ece": 0.753799,
        "beta_prior": 0.3
      }
    },
    {
      "task_id": 5,
      "elapsed_time_sec": 6.387,
      "metrics": {
        "mean_acc": 74.94,
        "task_acc": [
          80.8,
          70.25,
          58.54,
          48.99,
          81.67,
          58.05
        ],
        "harmonic_acc": 71.11,
        "base_avg_acc": 80.8,
        "inc_avg_acc": 63.5,
        "nll": 4.856936,
        "brier": 0.991133,
        "ece": 0.741618,
        "beta_prior": 0.3
      }
    },
    {
      "task_id": 6,
      "elapsed_time_sec": 6.833,
      "metrics": {
        "mean_acc": 74.17,
        "task_acc": [
          80.48,
          69.89,
          58.19,
          48.32,
          82.0,
          57.72,
          67.01
        ],
        "harmonic_acc": 71.21,
        "base_avg_acc": 80.48,
        "inc_avg_acc": 63.86,
        "nll": 4.923728,
        "brier": 0.991719,
        "ece": 0.734355,
        "beta_prior": 0.3
      }
    },
    {
      "task_id": 7,
      "elapsed_time_sec": 7.248,
      "metrics": {
        "mean_acc": 73.87,
        "task_acc": [
          80.31,
          70.25,
          58.19,
          48.32,
          82.0,
          57.05,
          64.58,
          73.74
        ],
        "harmonic_acc": 71.77,
        "base_avg_acc": 80.31,
        "inc_avg_acc": 64.88,
        "nll": 4.985837,
        "brier": 0.992226,
        "ece": 0.731888,
        "beta_prior": 0.3
      }
    },
    {
      "task_id": 8,
      "elapsed_time_sec": 7.719,
      "metrics": {
        "mean_acc": 72.44,
        "task_acc": [
          80.27,
          69.89,
          58.19,
          48.32,
          81.67,
          57.38,
          61.11,
          65.32,
          61.02
        ],
        "harmonic_acc": 70.51,
        "base_avg_acc": 80.27,
        "inc_avg_acc": 62.86,
        "nll": 5.044592,
        "brier": 0.992679,
        "ece": 0.717885,
        "beta_prior": 0.3
      }
    },
    {
      "task_id": 9,
      "elapsed_time_sec": 8.099,
      "metrics": {
        "mean_acc": 72.57,
        "task_acc": [
          80.06,
          70.25,
          58.54,
          48.99,
          82.0,
          56.04,
          61.46,
          64.98,
          58.31,
          79.51
        ],
        "harmonic_acc": 71.41,
        "base_avg_acc": 80.06,
        "inc_avg_acc": 64.45,
        "nll": 5.098414,
        "brier": 0.99306,
        "ece": 0.719569,
        "beta_prior": 0.3
      }
    },
    {
      "task_id": 10,
      "elapsed_time_sec": 8.572,
      "metrics": {
        "mean_acc": 72.59,
        "task_acc": [
          80.13,
          68.82,
          58.19,
          48.66,
          82.33,
          57.05,
          60.76,
          63.97,
          58.31,
          79.17,
          75.0
        ],
        "harmonic_acc": 71.91,
        "base_avg_acc": 80.13,
        "inc_avg_acc": 65.23,
        "nll": 5.150579,
        "brier": 0.993417,
        "ece": 0.720103,
        "beta_prior": 0.3
      }
    }
  ]
}