{
  "dataset": "cub200",
  "trainer": "bimc",
  "seed": 5,
  "runtime_sec": 79.823,
  "acc_list": [
    82.23,
    79.67,
    78.1,
    75.48,
    75.22,
    73.86,
    73.23,
    72.59,
    71.34,
    71.57,
    71.87
  ],
  "task_acc_list": [
    [
      82.23
    ],
    [
      81.35,
      62.37
    ],
    [
      81.25,
      61.65,
      62.72
    ],
    [
      81.18,
      61.65,
      52.96,
      55.37
    ],
    [
      81.01,
      61.65,
      51.22,
      54.7,
      76.0
    ],
    [
      80.8,
      59.86,
      50.52,
      54.36,
      75.67,
      60.4
    ],
    [
      80.31,
      59.86,
      49.48,
      55.03,
      75.67,
      59.4,
      70.14
    ],
    [
      80.24,
      59.86,
      49.48,
      54.36,
      75.67,
      59.4,
      67.71,
      66.33
    ],
    [
      80.13,
      59.5,
      49.13,
      54.36,
      75.67,
      59.4,
      66.67,
      54.88,
      64.75
    ],
    [
      80.03,
      59.5,
      49.48,
      54.03,
      75.67,
      59.06,
      67.01,
      54.88,
      63.73,
      77.78
    ],
    [
      80.06,
      56.99,
      49.13,
      54.7,
      76.33,
      59.06,
      67.01,
      54.21,
      63.39,
      76.74,
      80.33
    ]
  ],
  "task_results": [
    {
      "task_id": 0,
      "elapsed_time_sec": 4.406,
      "metrics": {
        "mean_acc": 82.23,
        "task_acc": [
          82.23
        ],
        "harmonic_acc": 0.0,
        "base_avg_acc": 82.23,
        "inc_avg_acc": 0.0,
        "nll": 4.448106,
        "brier": 0.986622,
        "ece": 0.810544,
        "beta_prior": 0.3
      }
    },
    {
      "task_id": 1,
      "elapsed_time_sec": 4.727,
      "metrics": {
        "mean_acc": 79.67,
        "task_acc": [
          81.35,
          62.37
        ],
        "harmonic_acc": 70.61,
        "base_avg_acc": 81.35,
        "inc_avg_acc": 62.37,
        "nll": 4.544082,
        "brier": 0.987852,
        "ece": 0.786028,
        "beta_prior": 0.3
      }
    },
    {
      "task_id": 2,
      "elapsed_time_sec": 5.097,
      "metrics": {
        "mean_acc": 78.1,
        "task_acc": [
          81.25,
          61.65,
          62.72
        ],
        "harmonic_acc": 70.45,
        "base_avg_acc": 81.25,
        "inc_avg_acc": 62.18,
        "nll": 4.631593,
        "brier": 0.988873,
        "ece": 0.771277,
        "beta_prior": 0.3
      }
    },
    {
      "task_id": 3,
      "elapsed_time_sec": 5.517,
      "metrics": {
        "mean_acc": 75.48,
        "task_acc": [
          81.18,
          61.65,
          52.96,
          55.37
        ],
        "harmonic_acc": 66.74,
        "base_avg_acc": 81.18,
        "inc_avg_acc": 56.66,
        "nll": 4.71213,
        "brier": 0.989739,
        "ece": 0.745808,
        "beta_prior": 0.3
      }
    },
    {
      "task_id": 4,
      "elapsed_time_sec": 5.954,
      "metrics": {
        "mean_acc": 75.22,
        "task_acc": [
          81.01,
          61.65,
          51.22,
          54.7,
          76.0
        ],
        "harmonic_acc": 69.53,
        "base_avg_acc": 81.01,
        "inc_avg_acc": 60.89,
        "nll": 4.787242,
        "brier": 0.990488,
        "ece": 0.743866,
        "beta_prior": 0.3
      }
    },
    {
      "task_id": 5,
      "elapsed_time_sec": 6.392,
      "metrics": {
        "mean_acc": 73.86,
        "task_acc": [
          80.8,
          59.86,
          50.52,
          54.36,
          75.67,
          60.4
        ],
        "harmonic_acc": 68.97,
        "base_avg_acc": 80.8,
        "inc_avg_acc": 60.16,
        "nll": 4.856553,
        "brier": 0.991127,
        "ece": 0.730748,
        "beta_prior": 0.3
      }
    },
    {
      "task_id": 6,
      "elapsed_time_sec": 6.794,
      "metrics": {
        "mean_acc": 73.23,
        "task_acc": [
          80.31,
          59.86,
          49.48,
          55.03,
          75.67,
          59.4,
          70.14
        ],
        "harmonic_acc": 69.72,
        "base_avg_acc": 80.31,
        "inc_avg_acc": 61.6,
        "nll": 4.923322,
        "brier": 0.991713,
        "ece": 0.725031,
        "beta_prior": 0.3
      }
    },
    {
      "task_id": 7,
      "elapsed_time_sec": 7.259,
      "metrics": {
        "mean_acc": 72.59,
        "task_acc": [
          80.24,
          59.86,
          49.48,
          54.36,
          75.67,
          59.4,
          67.71,
          66.33
        ],
        "harmonic_acc": 69.84,
        "base_avg_acc": 80.24,
        "inc_avg_acc": 61.83,
        "nll": 4.985634,
        "brier": 0.992224,
        "ece": 0.719057,
        "beta_prior": 0.3
      }
    },
    {
      "task_id": 8,
      "elapsed_time_sec": 7.686,
      "metrics": {
        "mean_acc": 71.34,
        "task_acc": [
          80.13,
          59.5,
          49.13,
          54.36,
          75.67,
          59.4,
          66.67,
          54.88,
          64.75
        ],
        "harmonic_acc": 68.97,
        "base_avg_acc": 80.13,
        "inc_avg_acc": 60.54,
        "nll": 5.04426,
        "brier": 0.992674,
        "ece": 0.706933,
        "beta_prior": 0.3
      }
    },
    {
      "task_id": 9,
      "elapsed_time_sec": 8.09,
      "metrics": {
        "mean_acc": 71.57,
        "task_acc": [
          80.03,
          59.5,
          49.48,
          54.03,
          75.67,
          59.06,
          67.01,
          54.88,
          63.73,
          77.78
        ],
        "harmonic_acc": 70.09,
        "base_avg_acc": 80.03,
        "inc_avg_acc": 62.35,
        "nll": 5.09809,
        "brier": 0.993057,
        "ece": 0.709554,
        "beta_prior": 0.3
      }
    },
    {
      "task_id": 10,
      "elapsed_time_sec": 8.538,
      "metrics": {
        "mean_acc": 71.87,
        "task_acc": [
          80.06,
          56.99,
          49.13,
          54.7,
          76.33,
          59.06,
          67.01,
          54.21,
          63.39,
          76.74,
          80.33
        ],
        "harmonic_acc": 71.0,
        "base_avg_acc": 80.06,
        "inc_avg_acc": 63.79,
        "nll": 5.150136,
        "brier": 0.993412,
        "ece": 0.71285,
        "beta_prior": 0.3
      }
    }
  ]
}