{
  "dataset": "cub200",
  "trainer": "bimc_dino_fusion",
  "seed": 12,
  "runtime_sec": 257.376,
  "acc_list": [
    86.35,
    85.24,
    84.78,
    83.99,
    84.06,
    82.96,
    83.49,
    84.06,
    83.94,
    84.42,
    84.76
  ],
  "task_acc_list": [
    [
      86.35
    ],
    [
      85.86,
      78.85
    ],
    [
      85.86,
      78.85,
      79.79
    ],
    [
      85.86,
      78.85,
      77.35,
      77.18
    ],
    [
      85.86,
      78.85,
      77.35,
      77.18,
      85.0
    ],
    [
      85.79,
      78.85,
      77.35,
      77.18,
      85.0,
      68.79
    ],
    [
      85.72,
      78.85,
      77.35,
      77.18,
      85.0,
      68.46,
      92.36
    ],
    [
      85.72,
      78.85,
      77.35,
      77.18,
      85.0,
      68.46,
      91.67,
      93.6
    ],
    [
      85.72,
      78.85,
      77.0,
      77.18,
      85.0,
      68.46,
      90.62,
      88.55,
      88.47
    ],
    [
      85.68,
      78.85,
      77.0,
      77.18,
      85.0,
      68.46,
      90.62,
      88.55,
      88.47,
      93.4
    ],
    [
      85.68,
      78.85,
      77.0,
      77.18,
      85.0,
      68.12,
      90.62,
      88.55,
      88.14,
      92.71,
      92.33
    ]
  ],
  "task_results": [
    {
      "task_id": 0,
      "elapsed_time_sec": 14.176,
      "metrics": {
        "mean_acc": 86.35,
        "task_acc": [
          86.35
        ],
        "harmonic_acc": 0.0,
        "base_avg_acc": 86.35,
        "inc_avg_acc": 0.0,
        "nll": 0.89055,
        "brier": 0.216717,
        "ece": 0.083843,
        "beta_prior": 0.0
      }
    },
    {
      "task_id": 1,
      "elapsed_time_sec": 15.427,
      "metrics": {
        "mean_acc": 85.24,
        "task_acc": [
          85.86,
          78.85
        ],
        "harmonic_acc": 82.21,
        "base_avg_acc": 85.86,
        "inc_avg_acc": 78.85,
        "nll": 0.910838,
        "brier": 0.23186,
        "ece": 0.09084,
        "beta_prior": 0.0
      }
    },
    {
      "task_id": 2,
      "elapsed_time_sec": 16.853,
      "metrics": {
        "mean_acc": 84.78,
        "task_acc": [
          85.86,
          78.85,
          79.79
        ],
        "harmonic_acc": 82.46,
        "base_avg_acc": 85.86,
        "inc_avg_acc": 79.32,
        "nll": 0.928962,
        "brier": 0.23915,
        "ece": 0.094406,
        "beta_prior": 0.0
      }
    },
    {
      "task_id": 3,
      "elapsed_time_sec": 18.314,
      "metrics": {
        "mean_acc": 83.99,
        "task_acc": [
          85.86,
          78.85,
          77.35,
          77.18
        ],
        "harmonic_acc": 81.63,
        "base_avg_acc": 85.86,
        "inc_avg_acc": 77.79,
        "nll": 1.00026,
        "brier": 0.253157,
        "ece": 0.099693,
        "beta_prior": 0.0
      }
    },
    {
      "task_id": 4,
      "elapsed_time_sec": 19.803,
      "metrics": {
        "mean_acc": 84.06,
        "task_acc": [
          85.86,
          78.85,
          77.35,
          77.18,
          85.0
        ],
        "harmonic_acc": 82.61,
        "base_avg_acc": 85.86,
        "inc_avg_acc": 79.6,
        "nll": 1.020581,
        "brier": 0.252244,
        "ece": 0.099065,
        "beta_prior": 0.0
      }
    },
    {
      "task_id": 5,
      "elapsed_time_sec": 21.266,
      "metrics": {
        "mean_acc": 82.96,
        "task_acc": [
          85.79,
          78.85,
          77.35,
          77.18,
          85.0,
          68.79
        ],
        "harmonic_acc": 81.4,
        "base_avg_acc": 85.79,
        "inc_avg_acc": 77.43,
        "nll": 1.038607,
        "brier": 0.266565,
        "ece": 0.10348,
        "beta_prior": 0.0
      }
    },
    {
      "task_id": 6,
      "elapsed_time_sec": 22.705,
      "metrics": {
        "mean_acc": 83.49,
        "task_acc": [
          85.72,
          78.85,
          77.35,
          77.18,
          85.0,
          68.46,
          92.36
        ],
        "harmonic_acc": 82.69,
        "base_avg_acc": 85.72,
        "inc_avg_acc": 79.87,
        "nll": 1.028971,
        "brier": 0.259652,
        "ece": 0.100749,
        "beta_prior": 0.0
      }
    },
    {
      "task_id": 7,
      "elapsed_time_sec": 24.162,
      "metrics": {
        "mean_acc": 84.06,
        "task_acc": [
          85.72,
          78.85,
          77.35,
          77.18,
          85.0,
          68.46,
          91.67,
          93.6
        ],
        "harmonic_acc": 83.68,
        "base_avg_acc": 85.72,
        "inc_avg_acc": 81.73,
        "nll": 1.016978,
        "brier": 0.251435,
        "ece": 0.097892,
        "beta_prior": 0.0
      }
    },
    {
      "task_id": 8,
      "elapsed_time_sec": 25.624,
      "metrics": {
        "mean_acc": 83.94,
        "task_acc": [
          85.72,
          78.85,
          77.0,
          77.18,
          85.0,
          68.46,
          90.62,
          88.55,
          88.47
        ],
        "harmonic_acc": 83.7,
        "base_avg_acc": 85.72,
        "inc_avg_acc": 81.77,
        "nll": 1.05604,
        "brier": 0.255097,
        "ece": 0.100423,
        "beta_prior": 0.0
      }
    },
    {
      "task_id": 9,
      "elapsed_time_sec": 27.012,
      "metrics": {
        "mean_acc": 84.42,
        "task_acc": [
          85.68,
          78.85,
          77.0,
          77.18,
          85.0,
          68.46,
          90.62,
          88.55,
          88.47,
          93.4
        ],
        "harmonic_acc": 84.35,
        "base_avg_acc": 85.68,
        "inc_avg_acc": 83.06,
        "nll": 1.019856,
        "brier": 0.247596,
        "ece": 0.09679,
        "beta_prior": 0.0
      }
    },
    {
      "task_id": 10,
      "elapsed_time_sec": 28.5,
      "metrics": {
        "mean_acc": 84.76,
        "task_acc": [
          85.68,
          78.85,
          77.0,
          77.18,
          85.0,
          68.12,
          90.62,
          88.55,
          88.14,
          92.71,
          92.33
        ],
        "harmonic_acc": 84.76,
        "base_avg_acc": 85.68,
        "inc_avg_acc": 83.85,
        "nll": 1.026235,
        "brier": 0.242997,
        "ece": 0.09496,
        "beta_prior": 0.0
      }
    }
  ]
}