{
  "dataset": "miniimagenet",
  "seed": 3,
  "baseline": {
    "full_acc": 92.28000044822693,
    "base_acc": 92.86666512489319,
    "novel_acc": 91.40000343322754
  },
  "conservative": {
    "gated_query_count": 3990,
    "gated_base_count": 183,
    "gated_novel_count": 3807,
    "updated_class_count": 40,
    "updated_class_rate": 1.0,
    "mean_queries_per_updated_class": 99.75,
    "mean_selected_per_updated_class": 99.75,
    "per_class_counts": {
      "60": 90,
      "61": 101,
      "62": 99,
      "63": 109,
      "64": 103,
      "65": 94,
      "66": 102,
      "67": 116,
      "68": 65,
      "69": 101,
      "70": 104,
      "71": 87,
      "72": 95,
      "73": 85,
      "74": 101,
      "75": 101,
      "76": 99,
      "77": 115,
      "78": 83,
      "79": 103,
      "80": 104,
      "81": 108,
      "82": 99,
      "83": 106,
      "84": 109,
      "85": 98,
      "86": 88,
      "87": 107,
      "88": 77,
      "89": 114,
      "90": 102,
      "91": 101,
      "92": 118,
      "93": 104,
      "94": 105,
      "95": 101,
      "96": 99,
      "97": 97,
      "98": 99,
      "99": 101
    },
    "selected_per_class": {
      "60": 90,
      "61": 101,
      "62": 99,
      "63": 109,
      "64": 103,
      "65": 94,
      "66": 102,
      "67": 116,
      "68": 65,
      "69": 101,
      "70": 104,
      "71": 87,
      "72": 95,
      "73": 85,
      "74": 101,
      "75": 101,
      "76": 99,
      "77": 115,
      "78": 83,
      "79": 103,
      "80": 104,
      "81": 108,
      "82": 99,
      "83": 106,
      "84": 109,
      "85": 98,
      "86": 88,
      "87": 107,
      "88": 77,
      "89": 114,
      "90": 102,
      "91": 101,
      "92": 118,
      "93": 104,
      "94": 105,
      "95": 101,
      "96": 99,
      "97": 97,
      "98": 99,
      "99": 101
    },
    "gated_base_frac": 0.04586466165413534,
    "gated_novel_frac": 0.9541353383458646,
    "cpr_full_acc": 92.46999621391296,
    "cpr_base_acc": 92.59999990463257,
    "cpr_novel_acc": 92.27500557899475,
    "cpr_gain": 0.18999576568603516
  },
  "aggressive": {
    "per_class_quota": 100,
    "novel_quota": 4000,
    "selected_query_count": 4000,
    "selected_base_count": 1377,
    "selected_novel_count": 2623,
    "selected_base_frac": 0.34425,
    "selected_novel_frac": 0.65575,
    "assigned_class_count": 40,
    "per_class_assignment": [
      {
        "local_class_idx": 0,
        "count": 93,
        "base_count": 24,
        "novel_count": 69,
        "base_frac": 0.25806451612903225,
        "novel_frac": 0.7419354838709677
      },
      {
        "local_class_idx": 1,
        "count": 110,
        "base_count": 15,
        "novel_count": 95,
        "base_frac": 0.13636363636363635,
        "novel_frac": 0.8636363636363636
      },
      {
        "local_class_idx": 2,
        "count": 93,
        "base_count": 19,
        "novel_count": 74,
        "base_frac": 0.20430107526881722,
        "novel_frac": 0.7956989247311828
      },
      {
        "local_class_idx": 3,
        "count": 32,
        "base_count": 6,
        "novel_count": 26,
        "base_frac": 0.1875,
        "novel_frac": 0.8125
      },
      {
        "local_class_idx": 4,
        "count": 164,
        "base_count": 84,
        "novel_count": 80,
        "base_frac": 0.5121951219512195,
        "novel_frac": 0.4878048780487805
      },
      {
        "local_class_idx": 5,
        "count": 75,
        "base_count": 7,
        "novel_count": 68,
        "base_frac": 0.09333333333333334,
        "novel_frac": 0.9066666666666666
      },
      {
        "local_class_idx": 6,
        "count": 96,
        "base_count": 19,
        "novel_count": 77,
        "base_frac": 0.19791666666666666,
        "novel_frac": 0.8020833333333334
      },
      {
        "local_class_idx": 7,
        "count": 133,
        "base_count": 14,
        "novel_count": 119,
        "base_frac": 0.10526315789473684,
        "novel_frac": 0.8947368421052632
      },
      {
        "local_class_idx": 8,
        "count": 87,
        "base_count": 45,
        "novel_count": 42,
        "base_frac": 0.5172413793103449,
        "novel_frac": 0.4827586206896552
      },
      {
        "local_class_idx": 9,
        "count": 162,
        "base_count": 100,
        "novel_count": 62,
        "base_frac": 0.6172839506172839,
        "novel_frac": 0.38271604938271603
      },
      {
        "local_class_idx": 10,
        "count": 170,
        "base_count": 104,
        "novel_count": 66,
        "base_frac": 0.611764705882353,
        "novel_frac": 0.38823529411764707
      },
      {
        "local_class_idx": 11,
        "count": 102,
        "base_count": 68,
        "novel_count": 34,
        "base_frac": 0.6666666666666666,
        "novel_frac": 0.3333333333333333
      },
      {
        "local_class_idx": 12,
        "count": 126,
        "base_count": 41,
        "novel_count": 85,
        "base_frac": 0.3253968253968254,
        "novel_frac": 0.6746031746031746
      },
      {
        "local_class_idx": 13,
        "count": 58,
        "base_count": 23,
        "novel_count": 35,
        "base_frac": 0.39655172413793105,
        "novel_frac": 0.603448275862069
      },
      {
        "local_class_idx": 14,
        "count": 152,
        "base_count": 54,
        "novel_count": 98,
        "base_frac": 0.35526315789473684,
        "novel_frac": 0.6447368421052632
      },
      {
        "local_class_idx": 15,
        "count": 104,
        "base_count": 6,
        "novel_count": 98,
        "base_frac": 0.057692307692307696,
        "novel_frac": 0.9423076923076923
      },
      {
        "local_class_idx": 16,
        "count": 99,
        "base_count": 9,
        "novel_count": 90,
        "base_frac": 0.09090909090909091,
        "novel_frac": 0.9090909090909091
      },
      {
        "local_class_idx": 17,
        "count": 12,
        "base_count": 9,
        "novel_count": 3,
        "base_frac": 0.75,
        "novel_frac": 0.25
      },
      {
        "local_class_idx": 18,
        "count": 109,
        "base_count": 33,
        "novel_count": 76,
        "base_frac": 0.30275229357798167,
        "novel_frac": 0.6972477064220184
      },
      {
        "local_class_idx": 19,
        "count": 31,
        "base_count": 12,
        "novel_count": 19,
        "base_frac": 0.3870967741935484,
        "novel_frac": 0.6129032258064516
      },
      {
        "local_class_idx": 20,
        "count": 94,
        "base_count": 12,
        "novel_count": 82,
        "base_frac": 0.1276595744680851,
        "novel_frac": 0.8723404255319149
      },
      {
        "local_class_idx": 21,
        "count": 35,
        "base_count": 25,
        "novel_count": 10,
        "base_frac": 0.7142857142857143,
        "novel_frac": 0.2857142857142857
      },
      {
        "local_class_idx": 22,
        "count": 109,
        "base_count": 15,
        "novel_count": 94,
        "base_frac": 0.13761467889908258,
        "novel_frac": 0.8623853211009175
      },
      {
        "local_class_idx": 23,
        "count": 158,
        "base_count": 64,
        "novel_count": 94,
        "base_frac": 0.4050632911392405,
        "novel_frac": 0.5949367088607594
      },
      {
        "local_class_idx": 24,
        "count": 197,
        "base_count": 95,
        "novel_count": 102,
        "base_frac": 0.48223350253807107,
        "novel_frac": 0.5177664974619289
      },
      {
        "local_class_idx": 25,
        "count": 56,
        "base_count": 23,
        "novel_count": 33,
        "base_frac": 0.4107142857142857,
        "novel_frac": 0.5892857142857143
      },
      {
        "local_class_idx": 26,
        "count": 86,
        "base_count": 24,
        "novel_count": 62,
        "base_frac": 0.27906976744186046,
        "novel_frac": 0.7209302325581395
      },
      {
        "local_class_idx": 27,
        "count": 110,
        "base_count": 35,
        "novel_count": 75,