{
  "dataset": "cub200",
  "trainer": "bimc_dino_fusion_ensemble",
  "seed": 4,
  "runtime_sec": 265.655,
  "acc_list": [
    88.16,
    86.61,
    86.15,
    85.33,
    85.2,
    84.17,
    84.66,
    85.24,
    84.9,
    85.4,
    85.52
  ],
  "task_acc_list": [
    [
      88.16
    ],
    [
      88.2,
      70.25
    ],
    [
      88.16,
      70.25,
      81.53
    ],
    [
      88.16,
      70.25,
      77.0,
      80.2
    ],
    [
      88.02,
      70.25,
      76.31,
      80.2,
      85.67
    ],
    [
      88.09,
      70.25,
      76.31,
      80.2,
      85.67,
      69.46
    ],
    [
      87.95,
      70.25,
      76.31,
      80.2,
      85.67,
      69.46,
      93.4
    ],
    [
      87.88,
      70.25,
      76.31,
      80.2,
      85.67,
      69.46,
      93.4,
      94.95
    ],
    [
      87.95,
      70.25,
      76.31,
      80.2,
      85.67,
      69.13,
      91.32,
      89.23,
      86.78
    ],
    [
      87.95,
      70.25,
      76.31,
      80.2,
      85.67,
      69.13,
      91.32,
      89.23,
      86.78,
      94.44
    ],
    [
      87.85,
      70.25,
      76.31,
      80.2,
      85.67,
      68.79,
      91.32,
      88.55,
      86.78,
      93.4,
      90.67
    ]
  ],
  "task_results": [
    {
      "task_id": 0,
      "elapsed_time_sec": 14.634,
      "metrics": {
        "mean_acc": 88.16,
        "task_acc": [
          88.16
        ],
        "harmonic_acc": 0.0,
        "base_avg_acc": 88.16,
        "inc_avg_acc": 0.0,
        "nll": 0.547428,
        "brier": 0.183482,
        "ece": 0.044411,
        "beta_prior": 0.3
      }
    },
    {
      "task_id": 1,
      "elapsed_time_sec": 15.939,
      "metrics": {
        "mean_acc": 86.61,
        "task_acc": [
          88.2,
          70.25
        ],
        "harmonic_acc": 78.21,
        "base_avg_acc": 88.2,
        "inc_avg_acc": 70.25,
        "nll": 0.604081,
        "brier": 0.205232,
        "ece": 0.037225,
        "beta_prior": 0.3
      }
    },
    {
      "task_id": 2,
      "elapsed_time_sec": 17.398,
      "metrics": {
        "mean_acc": 86.15,
        "task_acc": [
          88.16,
          70.25,
          81.53
        ],
        "harmonic_acc": 81.57,
        "base_avg_acc": 88.16,
        "inc_avg_acc": 75.89,
        "nll": 0.622922,
        "brier": 0.210909,
        "ece": 0.032298,
        "beta_prior": 0.3
      }
    },
    {
      "task_id": 3,
      "elapsed_time_sec": 18.919,
      "metrics": {
        "mean_acc": 85.33,
        "task_acc": [
          88.16,
          70.25,
          77.0,
          80.2
        ],
        "harmonic_acc": 81.52,
        "base_avg_acc": 88.16,
        "inc_avg_acc": 75.82,
        "nll": 0.672063,
        "brier": 0.225201,
        "ece": 0.037851,
        "beta_prior": 0.3
      }
    },
    {
      "task_id": 4,
      "elapsed_time_sec": 20.5,
      "metrics": {
        "mean_acc": 85.2,
        "task_acc": [
          88.02,
          70.25,
          76.31,
          80.2,
          85.67
        ],
        "harmonic_acc": 82.77,
        "base_avg_acc": 88.02,
        "inc_avg_acc": 78.11,
        "nll": 0.679543,
        "brier": 0.226474,
        "ece": 0.037641,
        "beta_prior": 0.3
      }
    },
    {
      "task_id": 5,
      "elapsed_time_sec": 22.061,
      "metrics": {
        "mean_acc": 84.17,
        "task_acc": [
          88.09,
          70.25,
          76.31,
          80.2,
          85.67,
          69.46
        ],
        "harmonic_acc": 81.82,
        "base_avg_acc": 88.09,
        "inc_avg_acc": 76.38,
        "nll": 0.712382,
        "brier": 0.239993,
        "ece": 0.039674,
        "beta_prior": 0.3
      }
    },
    {
      "task_id": 6,
      "elapsed_time_sec": 23.455,
      "metrics": {
        "mean_acc": 84.66,
        "task_acc": [
          87.95,
          70.25,
          76.31,
          80.2,
          85.67,
          69.46,
          93.4
        ],
        "harmonic_acc": 83.35,
        "base_avg_acc": 87.95,
        "inc_avg_acc": 79.21,
        "nll": 0.707828,
        "brier": 0.232893,
        "ece": 0.042716,
        "beta_prior": 0.3
      }
    },
    {
      "task_id": 7,
      "elapsed_time_sec": 24.946,
      "metrics": {
        "mean_acc": 85.24,
        "task_acc": [
          87.88,
          70.25,
          76.31,
          80.2,
          85.67,
          69.46,
          93.4,
          94.95
        ],
        "harmonic_acc": 84.55,
        "base_avg_acc": 87.88,
        "inc_avg_acc": 81.46,
        "nll": 0.696548,
        "brier": 0.224764,
        "ece": 0.047443,
        "beta_prior": 0.3
      }
    },
    {
      "task_id": 8,
      "elapsed_time_sec": 26.552,
      "metrics": {
        "mean_acc": 84.9,
        "task_acc": [
          87.95,
          70.25,
          76.31,
          80.2,
          85.67,
          69.13,
          91.32,
          89.23,
          86.78
        ],
        "harmonic_acc": 84.39,
        "base_avg_acc": 87.95,
        "inc_avg_acc": 81.11,
        "nll": 0.717409,
        "brier": 0.229281,
        "ece": 0.050505,
        "beta_prior": 0.3
      }
    },
    {
      "task_id": 9,
      "elapsed_time_sec": 27.884,
      "metrics": {
        "mean_acc": 85.4,
        "task_acc": [
          87.95,
          70.25,
          76.31,
          80.2,
          85.67,
          69.13,
          91.32,
          89.23,
          86.78,
          94.44
        ],
        "harmonic_acc": 85.19,
        "base_avg_acc": 87.95,
        "inc_avg_acc": 82.59,
        "nll": 0.703187,
        "brier": 0.223545,
        "ece": 0.05157,
        "beta_prior": 0.3
      }
    },
    {
      "task_id": 10,
      "elapsed_time_sec": 29.406,
      "metrics": {
        "mean_acc": 85.52,
        "task_acc": [
          87.85,
          70.25,
          76.31,
          80.2,
          85.67,
          68.79,
          91.32,
          88.55,
          86.78,
          93.4,
          90.67
        ],
        "harmonic_acc": 85.46,
        "base_avg_acc": 87.85,
        "inc_avg_acc": 83.19,
        "nll": 0.703987,
        "brier": 0.221691,
        "ece": 0.054771,
        "beta_prior": 0.3
      }
    }
  ]
}