{
  "dataset": "cub200",
  "trainer": "bimc",
  "seed": 2,
  "runtime_sec": 79.495,
  "acc_list": [
    82.23,
    79.89,
    78.51,
    75.35,
    75.0,
    74.13,
    73.36,
    73.37,
    72.05,
    72.41,
    72.16
  ],
  "task_acc_list": [
    [
      82.23
    ],
    [
      81.32,
      65.23
    ],
    [
      81.18,
      64.16,
      65.85
    ],
    [
      81.25,
      64.52,
      54.01,
      49.33
    ],
    [
      80.97,
      64.16,
      52.26,
      48.66,
      76.0
    ],
    [
      80.73,
      63.44,
      51.57,
      48.66,
      75.67,
      66.44
    ],
    [
      80.41,
      63.8,
      51.22,
      47.99,
      75.67,
      65.77,
      66.32
    ],
    [
      80.24,
      63.8,
      51.22,
      48.32,
      75.33,
      65.77,
      63.89,
      77.44
    ],
    [
      80.17,
      63.44,
      50.87,
      48.32,
      75.67,
      65.77,
      61.46,
      69.7,
      61.36
    ],
    [
      80.03,
      63.8,
      51.22,
      48.32,
      75.67,
      65.1,
      61.11,
      69.02,
      59.32,
      83.33
    ],
    [
      80.1,
      62.01,
      50.87,
      47.99,
      75.67,
      65.44,
      61.46,
      68.01,
      59.32,
      82.29,
      70.67
    ]
  ],
  "task_results": [
    {
      "task_id": 0,
      "elapsed_time_sec": 4.415,
      "metrics": {
        "mean_acc": 82.23,
        "task_acc": [
          82.23
        ],
        "harmonic_acc": 0.0,
        "base_avg_acc": 82.23,
        "inc_avg_acc": 0.0,
        "nll": 4.448106,
        "brier": 0.986622,
        "ece": 0.810544,
        "beta_prior": 0.3
      }
    },
    {
      "task_id": 1,
      "elapsed_time_sec": 4.68,
      "metrics": {
        "mean_acc": 79.89,
        "task_acc": [
          81.32,
          65.23
        ],
        "harmonic_acc": 72.39,
        "base_avg_acc": 81.32,
        "inc_avg_acc": 65.23,
        "nll": 4.544154,
        "brier": 0.987853,
        "ece": 0.788257,
        "beta_prior": 0.3
      }
    },
    {
      "task_id": 2,
      "elapsed_time_sec": 5.086,
      "metrics": {
        "mean_acc": 78.51,
        "task_acc": [
          81.18,
          64.16,
          65.85
        ],
        "harmonic_acc": 72.2,
        "base_avg_acc": 81.18,
        "inc_avg_acc": 65.0,
        "nll": 4.631814,
        "brier": 0.988878,
        "ece": 0.775362,
        "beta_prior": 0.3
      }
    },
    {
      "task_id": 3,
      "elapsed_time_sec": 5.509,
      "metrics": {
        "mean_acc": 75.35,
        "task_acc": [
          81.25,
          64.52,
          54.01,
          49.33
        ],
        "harmonic_acc": 66.27,
        "base_avg_acc": 81.25,
        "inc_avg_acc": 55.95,
        "nll": 4.712713,
        "brier": 0.989749,
        "ece": 0.744473,
        "beta_prior": 0.3
      }
    },
    {
      "task_id": 4,
      "elapsed_time_sec": 5.943,
      "metrics": {
        "mean_acc": 75.0,
        "task_acc": [
          80.97,
          64.16,
          52.26,
          48.66,
          76.0
        ],
        "harmonic_acc": 69.1,
        "base_avg_acc": 80.97,
        "inc_avg_acc": 60.27,
        "nll": 4.788041,
        "brier": 0.990501,
        "ece": 0.741639,
        "beta_prior": 0.3
      }
    },
    {
      "task_id": 5,
      "elapsed_time_sec": 6.367,
      "metrics": {
        "mean_acc": 74.13,
        "task_acc": [
          80.73,
          63.44,
          51.57,
          48.66,
          75.67,
          66.44
        ],
        "harmonic_acc": 69.59,
        "base_avg_acc": 80.73,
        "inc_avg_acc": 61.16,
        "nll": 4.857174,
        "brier": 0.991136,
        "ece": 0.733528,
        "beta_prior": 0.3
      }
    },
    {
      "task_id": 6,
      "elapsed_time_sec": 6.79,
      "metrics": {
        "mean_acc": 73.36,
        "task_acc": [
          80.41,
          63.8,
          51.22,
          47.99,
          75.67,
          65.77,
          66.32
        ],
        "harmonic_acc": 69.88,
        "base_avg_acc": 80.41,
        "inc_avg_acc": 61.79,
        "nll": 4.923862,
        "brier": 0.991721,
        "ece": 0.726335,
        "beta_prior": 0.3
      }
    },
    {
      "task_id": 7,
      "elapsed_time_sec": 7.237,
      "metrics": {
        "mean_acc": 73.37,
        "task_acc": [
          80.24,
          63.8,
          51.22,
          48.32,
          75.33,
          65.77,
          63.89,
          77.44
        ],
        "harmonic_acc": 71.01,
        "base_avg_acc": 80.24,
        "inc_avg_acc": 63.68,
        "nll": 4.985986,
        "brier": 0.992228,
        "ece": 0.726798,
        "beta_prior": 0.3
      }
    },
    {
      "task_id": 8,
      "elapsed_time_sec": 7.671,
      "metrics": {
        "mean_acc": 72.05,
        "task_acc": [
          80.17,
          63.44,
          50.87,
          48.32,
          75.67,
          65.77,
          61.46,
          69.7,
          61.36
        ],
        "harmonic_acc": 69.97,
        "base_avg_acc": 80.17,
        "inc_avg_acc": 62.07,
        "nll": 5.044719,
        "brier": 0.99268,
        "ece": 0.714043,
        "beta_prior": 0.3
      }
    },
    {
      "task_id": 9,
      "elapsed_time_sec": 8.087,
      "metrics": {
        "mean_acc": 72.41,
        "task_acc": [
          80.03,
          63.8,
          51.22,
          48.32,
          75.67,
          65.1,
          61.11,
          69.02,
          59.32,
          83.33
        ],
        "harmonic_acc": 71.18,
        "base_avg_acc": 80.03,
        "inc_avg_acc": 64.1,
        "nll": 5.098552,
        "brier": 0.993062,
        "ece": 0.717931,
        "beta_prior": 0.3
      }
    },
    {
      "task_id": 10,
      "elapsed_time_sec": 8.553,
      "metrics": {
        "mean_acc": 72.16,
        "task_acc": [
          80.1,
          62.01,
          50.87,
          47.99,
          75.67,
          65.44,
          61.46,
          68.01,
          59.32,
          82.29,
          70.67
        ],
        "harmonic_acc": 71.38,
        "base_avg_acc": 80.1,
        "inc_avg_acc": 64.37,
        "nll": 5.150719,
        "brier": 0.993419,
        "ece": 0.715788,
        "beta_prior": 0.3
      }
    }
  ]
}