{
  "dataset": "cub200",
  "trainer": "bimc",
  "seed": 12,
  "runtime_sec": 77.016,
  "acc_list": [
    82.23,
    79.99,
    78.48,
    75.4,
    75.15,
    74.29,
    74.01,
    73.57,
    72.15,
    72.26,
    71.94
  ],
  "task_acc_list": [
    [
      82.23
    ],
    [
      81.35,
      65.95
    ],
    [
      81.42,
      64.87,
      62.37
    ],
    [
      81.11,
      64.52,
      54.01,
      51.34
    ],
    [
      80.87,
      64.87,
      54.01,
      50.67,
      74.67
    ],
    [
      80.9,
      64.87,
      52.96,
      50.0,
      74.67,
      64.09
    ],
    [
      80.45,
      64.52,
      52.61,
      50.34,
      74.0,
      63.76,
      75.69
    ],
    [
      80.38,
      64.87,
      52.61,
      49.66,
      74.0,
      63.76,
      73.26,
      70.03
    ],
    [
      80.24,
      64.52,
      52.96,
      49.33,
      74.0,
      64.09,
      69.44,
      57.24,
      66.44
    ],
    [
      80.1,
      63.8,
      52.61,
      50.0,
      74.0,
      63.42,
      68.75,
      58.25,
      62.71,
      80.21
    ],
    [
      80.17,
      63.44,
      51.92,
      49.66,
      73.67,
      62.75,
      68.4,
      56.57,
      63.05,
      79.51,
      70.0
    ]
  ],
  "task_results": [
    {
      "task_id": 0,
      "elapsed_time_sec": 4.231,
      "metrics": {
        "mean_acc": 82.23,
        "task_acc": [
          82.23
        ],
        "harmonic_acc": 0.0,
        "base_avg_acc": 82.23,
        "inc_avg_acc": 0.0,
        "nll": 4.448106,
        "brier": 0.986622,
        "ece": 0.810544,
        "beta_prior": 0.3
      }
    },
    {
      "task_id": 1,
      "elapsed_time_sec": 4.481,
      "metrics": {
        "mean_acc": 79.99,
        "task_acc": [
          81.35,
          65.95
        ],
        "harmonic_acc": 72.84,
        "base_avg_acc": 81.35,
        "inc_avg_acc": 65.95,
        "nll": 4.543943,
        "brier": 0.987849,
        "ece": 0.78921,
        "beta_prior": 0.3
      }
    },
    {
      "task_id": 2,
      "elapsed_time_sec": 4.866,
      "metrics": {
        "mean_acc": 78.48,
        "task_acc": [
          81.42,
          64.87,
          62.37
        ],
        "harmonic_acc": 71.43,
        "base_avg_acc": 81.42,
        "inc_avg_acc": 63.62,
        "nll": 4.631768,
        "brier": 0.988877,
        "ece": 0.77507,
        "beta_prior": 0.3
      }
    },
    {
      "task_id": 3,
      "elapsed_time_sec": 5.271,
      "metrics": {
        "mean_acc": 75.4,
        "task_acc": [
          81.11,
          64.52,
          54.01,
          51.34
        ],
        "harmonic_acc": 66.69,
        "base_avg_acc": 81.11,
        "inc_avg_acc": 56.62,
        "nll": 4.712691,
        "brier": 0.989749,
        "ece": 0.74501,
        "beta_prior": 0.3
      }
    },
    {
      "task_id": 4,
      "elapsed_time_sec": 5.701,
      "metrics": {
        "mean_acc": 75.15,
        "task_acc": [
          80.87,
          64.87,
          54.01,
          50.67,
          74.67
        ],
        "harmonic_acc": 69.58,
        "base_avg_acc": 80.87,
        "inc_avg_acc": 61.06,
        "nll": 4.788228,
        "brier": 0.990504,
        "ece": 0.743131,
        "beta_prior": 0.3
      }
    },
    {
      "task_id": 5,
      "elapsed_time_sec": 6.082,
      "metrics": {
        "mean_acc": 74.29,
        "task_acc": [
          80.9,
          64.87,
          52.96,
          50.0,
          74.67,
          64.09
        ],
        "harmonic_acc": 69.76,
        "base_avg_acc": 80.9,
        "inc_avg_acc": 61.32,
        "nll": 4.857346,
        "brier": 0.991139,
        "ece": 0.735148,
        "beta_prior": 0.3
      }
    },
    {
      "task_id": 6,
      "elapsed_time_sec": 6.49,
      "metrics": {
        "mean_acc": 74.01,
        "task_acc": [
          80.45,
          64.52,
          52.61,
          50.34,
          74.0,
          63.76,
          75.69
        ],
        "harmonic_acc": 70.97,
        "base_avg_acc": 80.45,
        "inc_avg_acc": 63.49,
        "nll": 4.923947,
        "brier": 0.991722,
        "ece": 0.73284,
        "beta_prior": 0.3
      }
    },
    {
      "task_id": 7,
      "elapsed_time_sec": 6.897,
      "metrics": {
        "mean_acc": 73.57,
        "task_acc": [
          80.38,
          64.87,
          52.61,
          49.66,
          74.0,
          63.76,
          73.26,
          70.03
        ],
        "harmonic_acc": 71.28,
        "base_avg_acc": 80.38,
        "inc_avg_acc": 64.03,
        "nll": 4.985925,
        "brier": 0.992227,
        "ece": 0.728834,
        "beta_prior": 0.3
      }
    },
    {
      "task_id": 8,
      "elapsed_time_sec": 7.356,
      "metrics": {
        "mean_acc": 72.15,
        "task_acc": [
          80.24,
          64.52,
          52.96,
          49.33,
          74.0,
          64.09,
          69.44,
          57.24,
          66.44
        ],
        "harmonic_acc": 70.11,
        "base_avg_acc": 80.24,
        "inc_avg_acc": 62.25,
        "nll": 5.044579,
        "brier": 0.992678,
        "ece": 0.715004,
        "beta_prior": 0.3
      }
    },
    {
      "task_id": 9,
      "elapsed_time_sec": 7.713,
      "metrics": {
        "mean_acc": 72.26,
        "task_acc": [
          80.1,
          63.8,
          52.61,
          50.0,
          74.0,
          63.42,
          68.75,
          58.25,
          62.71,
          80.21
        ],
        "harmonic_acc": 71.0,
        "base_avg_acc": 80.1,
        "inc_avg_acc": 63.75,
        "nll": 5.098473,
        "brier": 0.993061,
        "ece": 0.716475,
        "beta_prior": 0.3
      }
    },
    {
      "task_id": 10,
      "elapsed_time_sec": 8.203,
      "metrics": {
        "mean_acc": 71.94,
        "task_acc": [
          80.17,
          63.44,
          51.92,
          49.66,
          73.67,
          62.75,
          68.4,
          56.57,
          63.05,
          79.51,
          70.0
        ],
        "harmonic_acc": 71.11,
        "base_avg_acc": 80.17,
        "inc_avg_acc": 63.9,
        "nll": 5.150648,
        "brier": 0.993418,
        "ece": 0.713544,
        "beta_prior": 0.3
      }
    }
  ]
}