{
  "dataset": "cub200",
  "trainer": "bimc_dino_fusion",
  "seed": 10,
  "runtime_sec": 257.358,
  "acc_list": [
    86.35,
    84.73,
    84.05,
    83.18,
    83.44,
    81.92,
    82.18,
    82.77,
    82.64,
    83.11,
    83.52
  ],
  "task_acc_list": [
    [
      86.35
    ],
    [
      86.03,
      71.33
    ],
    [
      86.03,
      71.33,
      76.66
    ],
    [
      86.03,
      71.33,
      71.78,
      77.85
    ],
    [
      86.03,
      71.33,
      70.03,
      77.52,
      88.67
    ],
    [
      86.03,
      71.33,
      70.03,
      77.52,
      88.67,
      61.41
    ],
    [
      85.96,
      71.33,
      70.03,
      77.52,
      88.67,
      61.41,
      86.81
    ],
    [
      85.96,
      71.33,
      70.03,
      77.52,
      88.67,
      61.41,
      86.46,
      92.26
    ],
    [
      85.96,
      71.33,
      70.03,
      77.52,
      88.67,
      61.41,
      86.11,
      86.87,
      86.1
    ],
    [
      85.96,
      71.33,
      70.03,
      77.52,
      88.67,
      61.41,
      86.11,
      86.87,
      84.41,
      93.4
    ],
    [
      85.96,
      71.33,
      70.03,
      77.52,
      88.67,
      61.07,
      86.11,
      86.53,
      84.41,
      93.06,
      92.0
    ]
  ],
  "task_results": [
    {
      "task_id": 0,
      "elapsed_time_sec": 14.142,
      "metrics": {
        "mean_acc": 86.35,
        "task_acc": [
          86.35
        ],
        "harmonic_acc": 0.0,
        "base_avg_acc": 86.35,
        "inc_avg_acc": 0.0,
        "nll": 0.89055,
        "brier": 0.216717,
        "ece": 0.083843,
        "beta_prior": 0.0
      }
    },
    {
      "task_id": 1,
      "elapsed_time_sec": 15.425,
      "metrics": {
        "mean_acc": 84.73,
        "task_acc": [
          86.03,
          71.33
        ],
        "harmonic_acc": 77.99,
        "base_avg_acc": 86.03,
        "inc_avg_acc": 71.33,
        "nll": 0.965882,
        "brier": 0.242271,
        "ece": 0.096679,
        "beta_prior": 0.0
      }
    },
    {
      "task_id": 2,
      "elapsed_time_sec": 16.892,
      "metrics": {
        "mean_acc": 84.05,
        "task_acc": [
          86.03,
          71.33,
          76.66
        ],
        "harmonic_acc": 79.56,
        "base_avg_acc": 86.03,
        "inc_avg_acc": 74.0,
        "nll": 0.995686,
        "brier": 0.255294,
        "ece": 0.102514,
        "beta_prior": 0.0
      }
    },
    {
      "task_id": 3,
      "elapsed_time_sec": 18.317,
      "metrics": {
        "mean_acc": 83.18,
        "task_acc": [
          86.03,
          71.33,
          71.78,
          77.85
        ],
        "harmonic_acc": 79.36,
        "base_avg_acc": 86.03,
        "inc_avg_acc": 73.65,
        "nll": 1.047082,
        "brier": 0.269396,
        "ece": 0.107813,
        "beta_prior": 0.0
      }
    },
    {
      "task_id": 4,
      "elapsed_time_sec": 19.764,
      "metrics": {
        "mean_acc": 83.44,
        "task_acc": [
          86.03,
          71.33,
          70.03,
          77.52,
          88.67
        ],
        "harmonic_acc": 81.2,
        "base_avg_acc": 86.03,
        "inc_avg_acc": 76.89,
        "nll": 1.061855,
        "brier": 0.266378,
        "ece": 0.103439,
        "beta_prior": 0.0
      }
    },
    {
      "task_id": 5,
      "elapsed_time_sec": 21.235,
      "metrics": {
        "mean_acc": 81.92,
        "task_acc": [
          86.03,
          71.33,
          70.03,
          77.52,
          88.67,
          61.41
        ],
        "harmonic_acc": 79.44,
        "base_avg_acc": 86.03,
        "inc_avg_acc": 73.79,
        "nll": 1.151013,
        "brier": 0.289329,
        "ece": 0.11428,
        "beta_prior": 0.0
      }
    },
    {
      "task_id": 6,
      "elapsed_time_sec": 22.645,
      "metrics": {
        "mean_acc": 82.18,
        "task_acc": [
          85.96,
          71.33,
          70.03,
          77.52,
          88.67,
          61.41,
          86.81
        ],
        "harmonic_acc": 80.65,
        "base_avg_acc": 85.96,
        "inc_avg_acc": 75.96,
        "nll": 1.144265,
        "brier": 0.284878,
        "ece": 0.113571,
        "beta_prior": 0.0
      }
    },
    {
      "task_id": 7,
      "elapsed_time_sec": 24.223,
      "metrics": {
        "mean_acc": 82.77,
        "task_acc": [
          85.96,
          71.33,
          70.03,
          77.52,
          88.67,
          61.41,
          86.46,
          92.26
        ],
        "harmonic_acc": 81.92,
        "base_avg_acc": 85.96,
        "inc_avg_acc": 78.24,
        "nll": 1.143551,
        "brier": 0.276192,
        "ece": 0.110065,
        "beta_prior": 0.0
      }
    },
    {
      "task_id": 8,
      "elapsed_time_sec": 25.689,
      "metrics": {
        "mean_acc": 82.64,
        "task_acc": [
          85.96,
          71.33,
          70.03,
          77.52,
          88.67,
          61.41,
          86.11,
          86.87,
          86.1
        ],
        "harmonic_acc": 82.06,
        "base_avg_acc": 85.96,
        "inc_avg_acc": 78.51,
        "nll": 1.177673,
        "brier": 0.278787,
        "ece": 0.111824,
        "beta_prior": 0.0
      }
    },
    {
      "task_id": 9,
      "elapsed_time_sec": 26.978,
      "metrics": {
        "mean_acc": 83.11,
        "task_acc": [
          85.96,
          71.33,
          70.03,
          77.52,
          88.67,
          61.41,
          86.11,
          86.87,
          84.41,
          93.4
        ],
        "harmonic_acc": 82.86,
        "base_avg_acc": 85.96,
        "inc_avg_acc": 79.97,
        "nll": 1.133506,
        "brier": 0.271071,
        "ece": 0.107719,
        "beta_prior": 0.0
      }
    },
    {
      "task_id": 10,
      "elapsed_time_sec": 28.563,
      "metrics": {
        "mean_acc": 83.52,
        "task_acc": [
          85.96,
          71.33,
          70.03,
          77.52,
          88.67,
          61.07,
          86.11,
          86.53,
          84.41,
          93.06,
          92.0
        ],
        "harmonic_acc": 83.45,
        "base_avg_acc": 85.96,
        "inc_avg_acc": 81.07,
        "nll": 1.127446,
        "brier": 0.265812,
        "ece": 0.105481,
        "beta_prior": 0.0
      }
    }
  ]
}