{
  "dataset": "cub200",
  "trainer": "bimc_dino_fusion_ensemble",
  "seed": 6,
  "runtime_sec": 265.09,
  "acc_list": [
    88.16,
    86.35,
    85.95,
    85.19,
    85.3,
    83.91,
    84.14,
    84.48,
    84.25,
    84.73,
    84.79
  ],
  "task_acc_list": [
    [
      88.16
    ],
    [
      88.09,
      68.46
    ],
    [
      88.13,
      68.46,
      81.18
    ],
    [
      88.09,
      68.46,
      78.4,
      79.53
    ],
    [
      88.09,
      68.46,
      77.0,
      79.53,
      88.0
    ],
    [
      88.09,
      67.74,
      77.0,
      79.53,
      88.0,
      65.77
    ],
    [
      88.06,
      67.38,
      77.0,
      79.53,
      88.0,
      65.44,
      88.54
    ],
    [
      87.95,
      67.38,
      77.0,
      79.53,
      88.0,
      65.44,
      88.54,
      90.91
    ],
    [
      88.02,
      67.38,
      77.0,
      79.53,
      88.0,
      65.44,
      87.15,
      86.53,
      85.42
    ],
    [
      87.99,
      67.74,
      77.0,
      79.53,
      88.0,
      65.44,
      87.15,
      86.53,
      84.41,
      94.44
    ],
    [
      87.88,
      67.74,
      77.0,
      79.53,
      88.0,
      65.44,
      87.15,
      84.85,
      84.41,
      94.44,
      88.67
    ]
  ],
  "task_results": [
    {
      "task_id": 0,
      "elapsed_time_sec": 14.618,
      "metrics": {
        "mean_acc": 88.16,
        "task_acc": [
          88.16
        ],
        "harmonic_acc": 0.0,
        "base_avg_acc": 88.16,
        "inc_avg_acc": 0.0,
        "nll": 0.547428,
        "brier": 0.183482,
        "ece": 0.044411,
        "beta_prior": 0.3
      }
    },
    {
      "task_id": 1,
      "elapsed_time_sec": 15.959,
      "metrics": {
        "mean_acc": 86.35,
        "task_acc": [
          88.09,
          68.46
        ],
        "harmonic_acc": 77.04,
        "base_avg_acc": 88.09,
        "inc_avg_acc": 68.46,
        "nll": 0.595292,
        "brier": 0.204284,
        "ece": 0.038863,
        "beta_prior": 0.3
      }
    },
    {
      "task_id": 2,
      "elapsed_time_sec": 17.364,
      "metrics": {
        "mean_acc": 85.95,
        "task_acc": [
          88.13,
          68.46,
          81.18
        ],
        "harmonic_acc": 80.93,
        "base_avg_acc": 88.13,
        "inc_avg_acc": 74.82,
        "nll": 0.612315,
        "brier": 0.209464,
        "ece": 0.037544,
        "beta_prior": 0.3
      }
    },
    {
      "task_id": 3,
      "elapsed_time_sec": 18.887,
      "metrics": {
        "mean_acc": 85.19,
        "task_acc": [
          88.09,
          68.46,
          78.4,
          79.53
        ],
        "harmonic_acc": 81.29,
        "base_avg_acc": 88.09,
        "inc_avg_acc": 75.46,
        "nll": 0.659037,
        "brier": 0.222741,
        "ece": 0.044458,
        "beta_prior": 0.3
      }
    },
    {
      "task_id": 4,
      "elapsed_time_sec": 20.441,
      "metrics": {
        "mean_acc": 85.3,
        "task_acc": [
          88.09,
          68.46,
          77.0,
          79.53,
          88.0
        ],
        "harmonic_acc": 82.88,
        "base_avg_acc": 88.09,
        "inc_avg_acc": 78.25,
        "nll": 0.665694,
        "brier": 0.222021,
        "ece": 0.039592,
        "beta_prior": 0.3
      }
    },
    {
      "task_id": 5,
      "elapsed_time_sec": 21.924,
      "metrics": {
        "mean_acc": 83.91,
        "task_acc": [
          88.09,
          67.74,
          77.0,
          79.53,
          88.0,
          65.77
        ],
        "harmonic_acc": 81.37,
        "base_avg_acc": 88.09,
        "inc_avg_acc": 75.61,
        "nll": 0.710569,
        "brier": 0.240118,
        "ece": 0.040136,
        "beta_prior": 0.3
      }
    },
    {
      "task_id": 6,
      "elapsed_time_sec": 23.386,
      "metrics": {
        "mean_acc": 84.14,
        "task_acc": [
          88.06,
          67.38,
          77.0,
          79.53,
          88.0,
          65.44,
          88.54
        ],
        "harmonic_acc": 82.53,
        "base_avg_acc": 88.06,
        "inc_avg_acc": 77.65,
        "nll": 0.714085,
        "brier": 0.237004,
        "ece": 0.046641,
        "beta_prior": 0.3
      }
    },
    {
      "task_id": 7,
      "elapsed_time_sec": 24.968,
      "metrics": {
        "mean_acc": 84.48,
        "task_acc": [
          87.95,
          67.38,
          77.0,
          79.53,
          88.0,
          65.44,
          88.54,
          90.91
        ],
        "harmonic_acc": 83.54,
        "base_avg_acc": 87.95,
        "inc_avg_acc": 79.54,
        "nll": 0.712883,
        "brier": 0.232831,
        "ece": 0.049172,
        "beta_prior": 0.3
      }
    },
    {
      "task_id": 8,
      "elapsed_time_sec": 26.404,
      "metrics": {
        "mean_acc": 84.25,
        "task_acc": [
          88.02,
          67.38,
          77.0,
          79.53,
          88.0,
          65.44,
          87.15,
          86.53,
          85.42
        ],
        "harmonic_acc": 83.57,
        "base_avg_acc": 88.02,
        "inc_avg_acc": 79.56,
        "nll": 0.732351,
        "brier": 0.237529,
        "ece": 0.055419,
        "beta_prior": 0.3
      }
    },
    {
      "task_id": 9,
      "elapsed_time_sec": 27.905,
      "metrics": {
        "mean_acc": 84.73,
        "task_acc": [
          87.99,
          67.74,
          77.0,
          79.53,
          88.0,
          65.44,
          87.15,
          86.53,
          84.41,
          94.44
        ],
        "harmonic_acc": 84.43,
        "base_avg_acc": 87.99,
        "inc_avg_acc": 81.14,
        "nll": 0.719183,
        "brier": 0.231777,
        "ece": 0.055676,
        "beta_prior": 0.3
      }
    },
    {
      "task_id": 10,
      "elapsed_time_sec": 29.421,
      "metrics": {
        "mean_acc": 84.79,
        "task_acc": [
          87.88,
          67.74,
          77.0,
          79.53,
          88.0,
          65.44,
          87.15,
          84.85,
          84.41,
          94.44,
          88.67
        ],
        "harmonic_acc": 84.69,
        "base_avg_acc": 87.88,
        "inc_avg_acc": 81.72,
        "nll": 0.720383,
        "brier": 0.230605,
        "ece": 0.057647,
        "beta_prior": 0.3
      }
    }
  ]
}