{
  "dataset": "cub200",
  "trainer": "bimc_ensemble",
  "seed": 5,
  "runtime_sec": 79.75,
  "acc_list": [
    83.03,
    80.34,
    78.75,
    76.15,
    75.72,
    74.57,
    73.88,
    73.39,
    72.05,
    72.28,
    72.39
  ],
  "task_acc_list": [
    [
      83.03
    ],
    [
      81.18,
      71.68
    ],
    [
      80.76,
      70.97,
      66.2
    ],
    [
      80.62,
      70.25,
      57.49,
      56.71
    ],
    [
      80.1,
      69.89,
      54.36,
      56.38,
      79.0
    ],
    [
      79.89,
      65.59,
      55.4,
      56.38,
      79.33,
      63.76
    ],
    [
      79.26,
      65.95,
      54.01,
      56.71,
      79.0,
      64.09,
      70.49
    ],
    [
      79.09,
      65.95,
      53.66,
      56.38,
      79.33,
      63.09,
      68.4,
      70.71
    ],
    [
      78.98,
      65.95,
      53.66,
      56.38,
      78.33,
      63.09,
      64.93,
      59.26,
      66.78
    ],
    [
      78.84,
      65.59,
      54.36,
      55.7,
      79.0,
      63.76,
      65.28,
      59.6,
      63.73,
      79.17
    ],
    [
      78.81,
      61.29,
      53.66,
      56.04,
      79.0,
      62.75,
      64.93,
      58.92,
      64.07,
      78.12,
      81.67
    ]
  ],
  "task_results": [
    {
      "task_id": 0,
      "elapsed_time_sec": 4.42,
      "metrics": {
        "mean_acc": 83.03,
        "task_acc": [
          83.03
        ],
        "harmonic_acc": 0.0,
        "base_avg_acc": 83.03,
        "inc_avg_acc": 0.0,
        "nll": 4.462525,
        "brier": 0.986949,
        "ece": 0.818744,
        "beta_prior": 0.3
      }
    },
    {
      "task_id": 1,
      "elapsed_time_sec": 4.692,
      "metrics": {
        "mean_acc": 80.34,
        "task_acc": [
          81.18,
          71.68
        ],
        "harmonic_acc": 76.13,
        "base_avg_acc": 81.18,
        "inc_avg_acc": 71.68,
        "nll": 4.558856,
        "brier": 0.988157,
        "ece": 0.792868,
        "beta_prior": 0.3
      }
    },
    {
      "task_id": 2,
      "elapsed_time_sec": 5.087,
      "metrics": {
        "mean_acc": 78.75,
        "task_acc": [
          80.76,
          70.97,
          66.2
        ],
        "harmonic_acc": 74.18,
        "base_avg_acc": 80.76,
        "inc_avg_acc": 68.59,
        "nll": 4.645729,
        "brier": 0.989141,
        "ece": 0.777831,
        "beta_prior": 0.3
      }
    },
    {
      "task_id": 3,
      "elapsed_time_sec": 5.525,
      "metrics": {
        "mean_acc": 76.15,
        "task_acc": [
          80.62,
          70.25,
          57.49,
          56.71
        ],
        "harmonic_acc": 69.76,
        "base_avg_acc": 80.62,
        "inc_avg_acc": 61.48,
        "nll": 4.725654,
        "brier": 0.989976,
        "ece": 0.752638,
        "beta_prior": 0.3
      }
    },
    {
      "task_id": 4,
      "elapsed_time_sec": 5.948,
      "metrics": {
        "mean_acc": 75.72,
        "task_acc": [
          80.1,
          69.89,
          54.36,
          56.38,
          79.0
        ],
        "harmonic_acc": 71.71,
        "base_avg_acc": 80.1,
        "inc_avg_acc": 64.91,
        "nll": 4.800227,
        "brier": 0.990699,
        "ece": 0.748942,
        "beta_prior": 0.3
      }
    },
    {
      "task_id": 5,
      "elapsed_time_sec": 6.366,
      "metrics": {
        "mean_acc": 74.57,
        "task_acc": [
          79.89,
          65.59,
          55.4,
          56.38,
          79.33,
          63.76
        ],
        "harmonic_acc": 71.12,
        "base_avg_acc": 79.89,
        "inc_avg_acc": 64.09,
        "nll": 4.868893,
        "brier": 0.991314,
        "ece": 0.738013,
        "beta_prior": 0.3
      }
    },
    {
      "task_id": 6,
      "elapsed_time_sec": 6.823,
      "metrics": {
        "mean_acc": 73.88,
        "task_acc": [
          79.26,
          65.95,
          54.01,
          56.71,
          79.0,
          64.09,
          70.49
        ],
        "harmonic_acc": 71.45,
        "base_avg_acc": 79.26,
        "inc_avg_acc": 65.04,
        "nll": 4.935003,
        "brier": 0.991879,
        "ece": 0.731621,
        "beta_prior": 0.3
      }
    },
    {
      "task_id": 7,
      "elapsed_time_sec": 7.243,
      "metrics": {
        "mean_acc": 73.39,
        "task_acc": [
          79.09,
          65.95,
          53.66,
          56.38,
          79.33,
          63.09,
          68.4,
          70.71
        ],
        "harmonic_acc": 71.57,
        "base_avg_acc": 79.09,
        "inc_avg_acc": 65.36,
        "nll": 4.996736,
        "brier": 0.992372,
        "ece": 0.727077,
        "beta_prior": 0.3
      }
    },
    {
      "task_id": 8,
      "elapsed_time_sec": 7.692,
      "metrics": {
        "mean_acc": 72.05,
        "task_acc": [
          78.98,
          65.95,
          53.66,
          56.38,
          78.33,
          63.09,
          64.93,
          59.26,
          66.78
        ],
        "harmonic_acc": 70.43,
        "base_avg_acc": 78.98,
        "inc_avg_acc": 63.55,
        "nll": 5.054871,
        "brier": 0.992808,
        "ece": 0.714111,
        "beta_prior": 0.3
      }
    },
    {
      "task_id": 9,
      "elapsed_time_sec": 8.09,
      "metrics": {
        "mean_acc": 72.28,
        "task_acc": [
          78.84,
          65.59,
          54.36,
          55.7,
          79.0,
          63.76,
          65.28,
          59.6,
          63.73,
          79.17
        ],
        "harmonic_acc": 71.33,
        "base_avg_acc": 78.84,
        "inc_avg_acc": 65.13,
        "nll": 5.108536,
        "brier": 0.993181,
        "ece": 0.716719,
        "beta_prior": 0.3
      }
    },
    {
      "task_id": 10,
      "elapsed_time_sec": 8.554,
      "metrics": {
        "mean_acc": 72.39,
        "task_acc": [
          78.81,
          61.29,
          53.66,
          56.04,
          79.0,
          62.75,
          64.93,
          58.92,
          64.07,
          78.12,
          81.67
        ],
        "harmonic_acc": 71.87,
        "base_avg_acc": 78.81,
        "inc_avg_acc": 66.04,
        "nll": 5.160151,
        "brier": 0.993526,
        "ece": 0.718088,
        "beta_prior": 0.3
      }
    }
  ]
}