{
  "dataset": "cub200",
  "trainer": "bimc",
  "seed": 10,
  "runtime_sec": 76.865,
  "acc_list": [
    81.46,
    78.87,
    77.73,
    74.36,
    73.44,
    71.87,
    71.15,
    70.09,
    69.04,
    69.08,
    68.88
  ],
  "task_acc_list": [
    [
      81.46
    ],
    [
      80.52,
      62.01
    ],
    [
      80.73,
      61.65,
      63.41
    ],
    [
      80.59,
      61.29,
      49.83,
      50.34
    ],
    [
      80.2,
      61.29,
      48.08,
      47.32,
      70.33
    ],
    [
      80.24,
      61.29,
      47.74,
      46.98,
      70.33,
      51.01
    ],
    [
      80.13,
      61.65,
      47.74,
      45.97,
      69.67,
      51.34,
      62.5
    ],
    [
      79.99,
      61.29,
      47.74,
      46.64,
      69.67,
      51.01,
      60.42,
      56.9
    ],
    [
      79.96,
      61.29,
      48.08,
      46.64,
      69.67,
      51.01,
      59.72,
      50.51,
      58.64
    ],
    [
      79.85,
      61.29,
      48.08,
      46.98,
      70.0,
      51.01,
      60.07,
      50.51,
      56.95,
      71.53
    ],
    [
      80.06,
      61.29,
      47.39,
      45.97,
      69.67,
      51.01,
      59.38,
      51.18,
      55.93,
      68.75,
      69.0
    ]
  ],
  "task_results": [
    {
      "task_id": 0,
      "elapsed_time_sec": 4.249,
      "metrics": {
        "mean_acc": 81.46,
        "task_acc": [
          81.46
        ],
        "harmonic_acc": 0.0,
        "base_avg_acc": 81.46,
        "inc_avg_acc": 0.0,
        "nll": 4.468788,
        "brier": 0.987095,
        "ece": 0.803103,
        "beta_prior": 0.0
      }
    },
    {
      "task_id": 1,
      "elapsed_time_sec": 4.545,
      "metrics": {
        "mean_acc": 78.87,
        "task_acc": [
          80.52,
          62.01
        ],
        "harmonic_acc": 70.06,
        "base_avg_acc": 80.52,
        "inc_avg_acc": 62.01,
        "nll": 4.56356,
        "brier": 0.988257,
        "ece": 0.778279,
        "beta_prior": 0.0
      }
    },
    {
      "task_id": 2,
      "elapsed_time_sec": 4.897,
      "metrics": {
        "mean_acc": 77.73,
        "task_acc": [
          80.73,
          61.65,
          63.41
        ],
        "harmonic_acc": 70.47,
        "base_avg_acc": 80.73,
        "inc_avg_acc": 62.53,
        "nll": 4.650726,
        "brier": 0.989238,
        "ece": 0.767671,
        "beta_prior": 0.0
      }
    },
    {
      "task_id": 3,
      "elapsed_time_sec": 5.294,
      "metrics": {
        "mean_acc": 74.36,
        "task_acc": [
          80.59,
          61.29,
          49.83,
          50.34
        ],
        "harmonic_acc": 64.54,
        "base_avg_acc": 80.59,
        "inc_avg_acc": 53.82,
        "nll": 4.730424,
        "brier": 0.99006,
        "ece": 0.734704,
        "beta_prior": 0.0
      }
    },
    {
      "task_id": 4,
      "elapsed_time_sec": 5.714,
      "metrics": {
        "mean_acc": 73.44,
        "task_acc": [
          80.2,
          61.29,
          48.08,
          47.32,
          70.33
        ],
        "harmonic_acc": 66.47,
        "base_avg_acc": 80.2,
        "inc_avg_acc": 56.76,
        "nll": 4.805699,
        "brier": 0.990788,
        "ece": 0.726142,
        "beta_prior": 0.0
      }
    },
    {
      "task_id": 5,
      "elapsed_time_sec": 6.102,
      "metrics": {
        "mean_acc": 71.87,
        "task_acc": [
          80.24,
          61.29,
          47.74,
          46.98,
          70.33,
          51.01
        ],
        "harmonic_acc": 65.59,
        "base_avg_acc": 80.24,
        "inc_avg_acc": 55.47,
        "nll": 4.875188,
        "brier": 0.99141,
        "ece": 0.71101,
        "beta_prior": 0.0
      }
    },
    {
      "task_id": 6,
      "elapsed_time_sec": 6.535,
      "metrics": {
        "mean_acc": 71.15,
        "task_acc": [
          80.13,
          61.65,
          47.74,
          45.97,
          69.67,
          51.34,
          62.5
        ],
        "harmonic_acc": 66.26,
        "base_avg_acc": 80.13,
        "inc_avg_acc": 56.48,
        "nll": 4.9416,
        "brier": 0.991973,
        "ece": 0.704354,
        "beta_prior": 0.0
      }
    },
    {
      "task_id": 7,
      "elapsed_time_sec": 6.953,
      "metrics": {
        "mean_acc": 70.09,
        "task_acc": [
          79.99,
          61.29,
          47.74,
          46.64,
          69.67,
          51.01,
          60.42,
          56.9
        ],
        "harmonic_acc": 66.04,
        "base_avg_acc": 79.99,
        "inc_avg_acc": 56.24,
        "nll": 5.003496,
        "brier": 0.992462,
        "ece": 0.694128,
        "beta_prior": 0.0
      }
    },
    {
      "task_id": 8,
      "elapsed_time_sec": 7.419,
      "metrics": {
        "mean_acc": 69.04,
        "task_acc": [
          79.96,
          61.29,
          48.08,
          46.64,
          69.67,
          51.01,
          59.72,
          50.51,
          58.64
        ],
        "harmonic_acc": 65.66,
        "base_avg_acc": 79.96,
        "inc_avg_acc": 55.69,
        "nll": 5.061687,
        "brier": 0.992893,
        "ece": 0.68399,
        "beta_prior": 0.0
      }
    },
    {
      "task_id": 9,
      "elapsed_time_sec": 7.771,
      "metrics": {
        "mean_acc": 69.08,
        "task_acc": [
          79.85,
          61.29,
          48.08,
          46.98,
          70.0,
          51.01,
          60.07,
          50.51,
          56.95,
          71.53
        ],
        "harmonic_acc": 66.78,
        "base_avg_acc": 79.85,
        "inc_avg_acc": 57.38,
        "nll": 5.115449,
        "brier": 0.993263,
        "ece": 0.68472,
        "beta_prior": 0.0
      }
    },
    {
      "task_id": 10,
      "elapsed_time_sec": 8.233,
      "metrics": {
        "mean_acc": 68.88,
        "task_acc": [
          80.06,
          61.29,
          47.39,
          45.97,
          69.67,
          51.01,
          59.38,
          51.18,
          55.93,
          68.75,
          69.0
        ],
        "harmonic_acc": 67.24,
        "base_avg_acc": 80.06,
        "inc_avg_acc": 57.96,
        "nll": 5.167531,
        "brier": 0.993609,
        "ece": 0.683088,
        "beta_prior": 0.0
      }
    }
  ]
}