{
  "dataset": "cub200",
  "train_cfg": "configs/trainers/bimc_ensemble.yaml",
  "runtime_sec": 120.438,
  "knn_k": 5,
  "density_k": 5,
  "crowd_k": 5,
  "per_session": [
    {
      "task_id": 0,
      "num_seen_classes": 100,
      "num_base_classes": 100,
      "beta_prior": 0.3,
      "hubness_skew": 0.639926293068291,
      "k_occurrence_gini": 0.228949720670391,
      "k_occurrence_max_over_mean": 2.2486033519552917,
      "base_local_density": 9.6642212261385,
      "novel_local_density": 0.0,
      "base_novel_density_ratio": 1.0,
      "novel_nearest_base_rate": 0.0,
      "novel_base_neighbor_fraction": 0.0,
      "novel_base_neighbor_excess": 0.0,
      "base_class_prior": 1.0,
      "novel_margin_mean": -2.5261713744839653e-05,
      "novel_margin_median": 0.0,
      "novel_margin_violation_rate": 1.0,
      "novel_margin_severe_rate": 0.0
    },
    {
      "task_id": 1,
      "num_seen_classes": 110,
      "num_base_classes": 100,
      "beta_prior": 0.3,
      "hubness_skew": 1.3495263843038536,
      "k_occurrence_gini": 0.23975530037890835,
      "k_occurrence_max_over_mean": 3.0798600063633255,
      "base_local_density": 9.664220884435855,
      "novel_local_density": 9.710409186245549,
      "base_novel_density_ratio": 0.9952434237400501,
      "novel_nearest_base_rate": 0.8999999761581421,
      "novel_base_neighbor_fraction": 0.8600000143051147,
      "novel_base_neighbor_excess": -0.049090894785794315,
      "base_class_prior": 0.9090909090909091,
      "novel_margin_mean": 0.00026808297843672335,
      "novel_margin_median": 0.00021852832287549973,
      "novel_margin_violation_rate": 0.20430107414722443,
      "novel_margin_severe_rate": 0.0
    },
    {
      "task_id": 2,
      "num_seen_classes": 120,
      "num_base_classes": 100,
      "beta_prior": 0.3,
      "hubness_skew": 1.1041713044339554,
      "k_occurrence_gini": 0.2386345966958212,
      "k_occurrence_max_over_mean": 2.910787172011642,
      "base_local_density": 9.664220884435855,
      "novel_local_density": 9.39419459698494,
      "base_novel_density_ratio": 1.0287439529448943,
      "novel_nearest_base_rate": 0.44999998807907104,
      "novel_base_neighbor_fraction": 0.47999998927116394,
      "novel_base_neighbor_excess": -0.35333334406216943,
      "base_class_prior": 0.8333333333333334,
      "novel_margin_mean": 0.00044304662151262164,
      "novel_margin_median": 0.0004610680043697357,
      "novel_margin_violation_rate": 0.02787456475198269,
      "novel_margin_severe_rate": 0.0
    },
    {
      "task_id": 3,
      "num_seen_classes": 130,
      "num_base_classes": 100,
      "beta_prior": 0.3,
      "hubness_skew": 0.9398334787476145,
      "k_occurrence_gini": 0.23964674810168374,
      "k_occurrence_max_over_mean": 2.866416309012856,
      "base_local_density": 9.664220884435855,
      "novel_local_density": 9.426569095501497,
      "base_novel_density_ratio": 1.025210846759482,
      "novel_nearest_base_rate": 0.2666666805744171,
      "novel_base_neighbor_fraction": 0.30000001192092896,
      "novel_base_neighbor_excess": -0.4692307573098403,
      "base_class_prior": 0.7692307692307693,
      "novel_margin_mean": 0.0004255488747730851,
      "novel_margin_median": 0.00043185334652662277,
      "novel_margin_violation_rate": 0.016778523102402687,
      "novel_margin_severe_rate": 0.0
    },
    {
      "task_id": 4,
      "num_seen_classes": 140,
      "num_base_classes": 100,
      "beta_prior": 0.3,
      "hubness_skew": 1.0376099040743318,
      "k_occurrence_gini": 0.23687331536388134,
      "k_occurrence_max_over_mean": 2.947368421052611,
      "base_local_density": 9.664220884435855,
      "novel_local_density": 9.807994177728434,
      "base_novel_density_ratio": 0.9853412134339299,
      "novel_nearest_base_rate": 0.22499999403953552,
      "novel_base_neighbor_fraction": 0.3050000071525574,
      "novel_base_neighbor_excess": -0.40928570713315693,
      "base_class_prior": 0.7142857142857143,
      "novel_margin_mean": 0.0003685994306579232,
      "novel_margin_median": 0.00036505330353975296,
      "novel_margin_violation_rate": 0.03999999910593033,
      "novel_margin_severe_rate": 0.0
    },
    {
      "task_id": 5,
      "num_seen_classes": 150,
      "num_base_classes": 100,
      "beta_prior": 0.3,
      "hubness_skew": 1.0566717173359301,
      "k_occurrence_gini": 0.2350149483741717,
      "k_occurrence_max_over_mean": 2.9958391123439463,
      "base_local_density": 9.664220884435855,
      "novel_local_density": 9.804627641155498,
      "base_novel_density_ratio": 0.9856795421653467,
      "novel_nearest_base_rate": 0.18000000715255737,
      "novel_base_neighbor_fraction": 0.24799999594688416,
      "novel_base_neighbor_excess": -0.4186666707197825,
      "base_class_prior": 0.6666666666666666,
      "novel_margin_mean": 0.00041599880205467343,
      "novel_margin_median": 0.0004389844834804535,
      "novel_margin_violation_rate": 0.02348993346095085,
      "novel_margin_severe_rate": 0.0
    },
    {
      "task_id": 6,
      "num_seen_classes": 160,
      "num_base_classes": 100,
      "beta_prior": 0.3,
      "hubness_skew": 0.9801155808376356,
      "k_occurrence_gini": 0.23278283485045503,
      "k_occurrence_max_over_mean": 2.81577806675334,
      "base_local_density": 9.664220884435855,
      "novel_local_density": 9.897350585677104,
      "base_novel_density_ratio": 0.9764452416610742,
      "novel_nearest_base_rate": 0.1666666716337204,
      "novel_base_neighbor_fraction": 0.23666666448116302,
      "novel_base_neighbor_excess": -0.388333335518837,
      "base_class_prior": 0.625,
      "novel_margin_mean": 0.0001936834305524826,
      "novel_margin_median": 0.00018620816990733147,
      "novel_margin_violation_rate": 0.0902777761220932,
      "novel_margin_severe_rate": 0.0
    },
    {
      "task_id": 7,
      "num_seen_classes": 170,
      "num_base_classes": 100,
      "beta_prior": 0.3,
      "hubness_skew": 0.8983243702223829,
      "k_occurrence_gini": 0.22847269634793443,
      "k_occurrence_max_over_mean": 2.776216656485422,
      "base_local_density": 9.664220884435855,
      "novel_local_density": 10.009590216633162,
      "base_novel_density_ratio": 0.9654961567134487,
      "novel_nearest_base_rate": 0.12857143580913544,
      "novel_base_neighbor_fraction": 0.1971428543329239,
      "novel_base_neighbor_excess": -0.3910924397847232,
      "base_class_prior": 0.5882352941176471,
      "novel_margin_mean": 0.00022282145801000297,
      "novel_margin_median": 0.0002293633297085762,
      "novel_margin_violation_rate": 0.03703703731298447,
      "novel_margin_severe_rate": 0.0
    },
    {
      "task_id": 8,
      "num_seen_classes": 180,
      "num_base_classes": 100,
      "beta_prior": 0.3,
      "hubness_skew": 0.8449847075560096,
      "k_occurrence_gini": 0.23028428736073758,
      "k_occurrence_max_over_mean": 2.7176334998078953,
      "base_local_density": 9.664220884435855,
      "novel_local_density": 10.13863743073588,
      "base_novel_density_ratio": 0.9532070705219418,
      "novel_nearest_base_rate": 0.11249999701976776,
      "novel_base_neighbor_fraction": 0.17499999701976776,
      "novel_base_neighbor_excess": -0.3805555585357878,
      "base_class_prior": 0.5555555555555556,
      "novel_margin_mean": 0.00022538851771969348,
      "novel_margin_median": 0.00024339091032743454,
      "novel_margin_violation_rate": 0.0576271191239357,
      "novel_margin_severe_rate": 0.0
    },
    {
      "task_id": 9,
      "num_seen_classes": 190,
      "num_base_classes": 100,
      "beta_prior": 0.3,
      "hubness_skew": 0.9316236811903835,
      "k_occurrence_gini": 0.2260590500641848,
      "k_occurrence_max_over_mean": 2.842737531852911,
      "base_local_density": 9.664220884435855,
      "novel_local_density": 10.135361304825732,
      "base_novel_density_ratio": 0.9535151825159351,
      "novel_nearest_base_rate": 0.1111111119389534,