{
  "dataset": "cub200",
  "trainer": "bimc",
  "seed": 7,
  "runtime_sec": 76.506,
  "acc_list": [
    81.46,
    79.22,
    77.9,
    74.22,
    73.51,
    71.68,
    71.09,
    69.88,
    67.84,
    68.04,
    67.98
  ],
  "task_acc_list": [
    [
      81.46
    ],
    [
      80.87,
      62.37
    ],
    [
      80.69,
      62.72,
      64.81
    ],
    [
      80.48,
      62.01,
      55.05,
      43.96
    ],
    [
      80.41,
      61.29,
      52.26,
      42.28,
      70.33
    ],
    [
      80.31,
      60.93,
      51.92,
      41.95,
      70.0,
      49.33
    ],
    [
      80.17,
      61.65,
      52.61,
      42.28,
      69.33,
      50.0,
      61.81
    ],
    [
      79.75,
      60.93,
      51.92,
      41.95,
      69.33,
      49.66,
      60.42,
      58.59
    ],
    [
      79.61,
      60.93,
      51.92,
      41.95,
      69.33,
      48.99,
      58.68,
      52.53,
      43.73
    ],
    [
      79.57,
      60.57,
      51.92,
      41.95,
      69.33,
      48.99,
      58.33,
      52.53,
      42.71,
      73.61
    ],
    [
      79.75,
      60.93,
      51.92,
      41.95,
      69.33,
      48.32,
      58.68,
      50.51,
      42.37,
      71.53,
      69.67
    ]
  ],
  "task_results": [
    {
      "task_id": 0,
      "elapsed_time_sec": 4.21,
      "metrics": {
        "mean_acc": 81.46,
        "task_acc": [
          81.46
        ],
        "harmonic_acc": 0.0,
        "base_avg_acc": 81.46,
        "inc_avg_acc": 0.0,
        "nll": 4.468788,
        "brier": 0.987095,
        "ece": 0.803103,
        "beta_prior": 0.0
      }
    },
    {
      "task_id": 1,
      "elapsed_time_sec": 4.472,
      "metrics": {
        "mean_acc": 79.22,
        "task_acc": [
          80.87,
          62.37
        ],
        "harmonic_acc": 70.43,
        "base_avg_acc": 80.87,
        "inc_avg_acc": 62.37,
        "nll": 4.563034,
        "brier": 0.988246,
        "ece": 0.781774,
        "beta_prior": 0.0
      }
    },
    {
      "task_id": 2,
      "elapsed_time_sec": 4.887,
      "metrics": {
        "mean_acc": 77.9,
        "task_acc": [
          80.69,
          62.72,
          64.81
        ],
        "harmonic_acc": 71.24,
        "base_avg_acc": 80.69,
        "inc_avg_acc": 63.76,
        "nll": 4.650002,
        "brier": 0.989224,
        "ece": 0.769415,
        "beta_prior": 0.0
      }
    },
    {
      "task_id": 3,
      "elapsed_time_sec": 5.281,
      "metrics": {
        "mean_acc": 74.22,
        "task_acc": [
          80.48,
          62.01,
          55.05,
          43.96
        ],
        "harmonic_acc": 64.4,
        "base_avg_acc": 80.48,
        "inc_avg_acc": 53.67,
        "nll": 4.730133,
        "brier": 0.990055,
        "ece": 0.73336,
        "beta_prior": 0.0
      }
    },
    {
      "task_id": 4,
      "elapsed_time_sec": 5.692,
      "metrics": {
        "mean_acc": 73.51,
        "task_acc": [
          80.41,
          61.29,
          52.26,
          42.28,
          70.33
        ],
        "harmonic_acc": 66.39,
        "base_avg_acc": 80.41,
        "inc_avg_acc": 56.54,
        "nll": 4.805346,
        "brier": 0.990782,
        "ece": 0.726884,
        "beta_prior": 0.0
      }
    },
    {
      "task_id": 5,
      "elapsed_time_sec": 6.099,
      "metrics": {
        "mean_acc": 71.68,
        "task_acc": [
          80.31,
          60.93,
          51.92,
          41.95,
          70.0,
          49.33
        ],
        "harmonic_acc": 65.17,
        "base_avg_acc": 80.31,
        "inc_avg_acc": 54.83,
        "nll": 4.874617,
        "brier": 0.991401,
        "ece": 0.709155,
        "beta_prior": 0.0
      }
    },
    {
      "task_id": 6,
      "elapsed_time_sec": 6.52,
      "metrics": {
        "mean_acc": 71.09,
        "task_acc": [
          80.17,
          61.65,
          52.61,
          42.28,
          69.33,
          50.0,
          61.81
        ],
        "harmonic_acc": 66.13,
        "base_avg_acc": 80.17,
        "inc_avg_acc": 56.28,
        "nll": 4.941164,
        "brier": 0.991967,
        "ece": 0.7037,
        "beta_prior": 0.0
      }
    },
    {
      "task_id": 7,
      "elapsed_time_sec": 6.953,
      "metrics": {
        "mean_acc": 69.88,
        "task_acc": [
          79.75,
          60.93,
          51.92,
          41.95,
          69.33,
          49.66,
          60.42,
          58.59
        ],
        "harmonic_acc": 65.88,
        "base_avg_acc": 79.75,
        "inc_avg_acc": 56.11,
        "nll": 5.003075,
        "brier": 0.992456,
        "ece": 0.692089,
        "beta_prior": 0.0
      }
    },
    {
      "task_id": 8,
      "elapsed_time_sec": 7.366,
      "metrics": {
        "mean_acc": 67.84,
        "task_acc": [
          79.61,
          60.93,
          51.92,
          41.95,
          69.33,
          48.99,
          58.68,
          52.53,
          43.73
        ],
        "harmonic_acc": 64.0,
        "base_avg_acc": 79.61,
        "inc_avg_acc": 53.51,
        "nll": 5.061762,
        "brier": 0.992894,
        "ece": 0.67208,
        "beta_prior": 0.0
      }
    },
    {
      "task_id": 9,
      "elapsed_time_sec": 7.749,
      "metrics": {
        "mean_acc": 68.04,
        "task_acc": [
          79.57,
          60.57,
          51.92,
          41.95,
          69.33,
          48.99,
          58.33,
          52.53,
          42.71,
          73.61
        ],
        "harmonic_acc": 65.42,
        "base_avg_acc": 79.57,
        "inc_avg_acc": 55.55,
        "nll": 5.115381,
        "brier": 0.993263,
        "ece": 0.674343,
        "beta_prior": 0.0
      }
    },
    {
      "task_id": 10,
      "elapsed_time_sec": 8.182,
      "metrics": {
        "mean_acc": 67.98,
        "task_acc": [
          79.75,
          60.93,
          51.92,
          41.95,
          69.33,
          48.32,
          58.68,
          50.51,
          42.37,
          71.53,
          69.67
        ],
        "harmonic_acc": 66.16,
        "base_avg_acc": 79.75,
        "inc_avg_acc": 56.52,
        "nll": 5.167434,
        "brier": 0.993608,
        "ece": 0.674111,
        "beta_prior": 0.0
      }
    }
  ]
}