{
  "dataset": "cub200",
  "trainer": "bimc_ensemble",
  "seed": 15,
  "runtime_sec": 76.4,
  "acc_list": [
    83.03,
    80.85,
    80.06,
    76.77,
    76.09,
    74.94,
    73.93,
    73.71,
    72.45,
    72.55,
    72.44
  ],
  "task_acc_list": [
    [
      83.03
    ],
    [
      80.76,
      81.72
    ],
    [
      80.52,
      81.36,
      74.22
    ],
    [
      80.38,
      79.93,
      66.2,
      49.33
    ],
    [
      79.68,
      80.29,
      62.72,
      48.32,
      78.33
    ],
    [
      79.5,
      76.7,
      63.07,
      47.99,
      78.0,
      64.77
    ],
    [
      78.95,
      75.99,
      62.37,
      47.32,
      77.33,
      64.77,
      67.01
    ],
    [
      78.98,
      75.63,
      63.07,
      47.65,
      77.33,
      64.09,
      63.19,
      73.74
    ],
    [
      78.74,
      75.99,
      62.02,
      46.98,
      77.33,
      64.77,
      61.81,
      66.33,
      63.39
    ],
    [
      78.84,
      75.27,
      63.07,
      46.98,
      78.0,
      64.09,
      61.81,
      65.66,
      61.02,
      76.04
    ],
    [
      78.63,
      72.4,
      62.02,
      46.64,
      77.33,
      64.09,
      61.11,
      64.98,
      61.36,
      75.0,
      79.0
    ]
  ],
  "task_results": [
    {
      "task_id": 0,
      "elapsed_time_sec": 4.231,
      "metrics": {
        "mean_acc": 83.03,
        "task_acc": [
          83.03
        ],
        "harmonic_acc": 0.0,
        "base_avg_acc": 83.03,
        "inc_avg_acc": 0.0,
        "nll": 4.462525,
        "brier": 0.986949,
        "ece": 0.818744,
        "beta_prior": 0.3
      }
    },
    {
      "task_id": 1,
      "elapsed_time_sec": 4.469,
      "metrics": {
        "mean_acc": 80.85,
        "task_acc": [
          80.76,
          81.72
        ],
        "harmonic_acc": 81.24,
        "base_avg_acc": 80.76,
        "inc_avg_acc": 81.72,
        "nll": 4.558564,
        "brier": 0.988151,
        "ece": 0.797957,
        "beta_prior": 0.3
      }
    },
    {
      "task_id": 2,
      "elapsed_time_sec": 4.871,
      "metrics": {
        "mean_acc": 80.06,
        "task_acc": [
          80.52,
          81.36,
          74.22
        ],
        "harmonic_acc": 79.13,
        "base_avg_acc": 80.52,
        "inc_avg_acc": 77.79,
        "nll": 4.645452,
        "brier": 0.989136,
        "ece": 0.79095,
        "beta_prior": 0.3
      }
    },
    {
      "task_id": 3,
      "elapsed_time_sec": 5.264,
      "metrics": {
        "mean_acc": 76.77,
        "task_acc": [
          80.38,
          79.93,
          66.2,
          49.33
        ],
        "harmonic_acc": 71.97,
        "base_avg_acc": 80.38,
        "inc_avg_acc": 65.15,
        "nll": 4.7257,
        "brier": 0.989976,
        "ece": 0.758809,
        "beta_prior": 0.3
      }
    },
    {
      "task_id": 4,
      "elapsed_time_sec": 5.699,
      "metrics": {
        "mean_acc": 76.09,
        "task_acc": [
          79.68,
          80.29,
          62.72,
          48.32,
          78.33
        ],
        "harmonic_acc": 73.04,
        "base_avg_acc": 79.68,
        "inc_avg_acc": 67.41,
        "nll": 4.800283,
        "brier": 0.9907,
        "ece": 0.752667,
        "beta_prior": 0.3
      }
    },
    {
      "task_id": 5,
      "elapsed_time_sec": 6.075,
      "metrics": {
        "mean_acc": 74.94,
        "task_acc": [
          79.5,
          76.7,
          63.07,
          47.99,
          78.0,
          64.77
        ],
        "harmonic_acc": 72.19,
        "base_avg_acc": 79.5,
        "inc_avg_acc": 66.11,
        "nll": 4.868838,
        "brier": 0.991313,
        "ece": 0.741712,
        "beta_prior": 0.3
      }
    },
    {
      "task_id": 6,
      "elapsed_time_sec": 6.481,
      "metrics": {
        "mean_acc": 73.93,
        "task_acc": [
          78.95,
          75.99,
          62.37,
          47.32,
          77.33,
          64.77,
          67.01
        ],
        "harmonic_acc": 71.78,
        "base_avg_acc": 78.95,
        "inc_avg_acc": 65.8,
        "nll": 4.934817,
        "brier": 0.991877,
        "ece": 0.732053,
        "beta_prior": 0.3
      }
    },
    {
      "task_id": 7,
      "elapsed_time_sec": 6.919,
      "metrics": {
        "mean_acc": 73.71,
        "task_acc": [
          78.98,
          75.63,
          63.07,
          47.65,
          77.33,
          64.09,
          63.19,
          73.74
        ],
        "harmonic_acc": 72.14,
        "base_avg_acc": 78.98,
        "inc_avg_acc": 66.39,
        "nll": 4.996484,
        "brier": 0.992368,
        "ece": 0.730333,
        "beta_prior": 0.3
      }
    },
    {
      "task_id": 8,
      "elapsed_time_sec": 7.331,
      "metrics": {
        "mean_acc": 72.45,
        "task_acc": [
          78.74,
          75.99,
          62.02,
          46.98,
          77.33,
          64.77,
          61.81,
          66.33,
          63.39
        ],
        "harmonic_acc": 71.11,
        "base_avg_acc": 78.74,
        "inc_avg_acc": 64.83,
        "nll": 5.054627,
        "brier": 0.992805,
        "ece": 0.718143,
        "beta_prior": 0.3
      }
    },
    {
      "task_id": 9,
      "elapsed_time_sec": 7.725,
      "metrics": {
        "mean_acc": 72.55,
        "task_acc": [
          78.84,
          75.27,
          63.07,
          46.98,
          78.0,
          64.09,
          61.81,
          65.66,
          61.02,
          76.04
        ],
        "harmonic_acc": 71.72,
        "base_avg_acc": 78.84,
        "inc_avg_acc": 65.77,
        "nll": 5.108425,
        "brier": 0.99318,
        "ece": 0.719449,
        "beta_prior": 0.3
      }
    },
    {
      "task_id": 10,
      "elapsed_time_sec": 8.183,
      "metrics": {
        "mean_acc": 72.44,
        "task_acc": [
          78.63,
          72.4,
          62.02,
          46.64,
          77.33,
          64.09,
          61.11,
          64.98,
          61.36,
          75.0,
          79.0
        ],
        "harmonic_acc": 72.0,
        "base_avg_acc": 78.63,
        "inc_avg_acc": 66.39,
        "nll": 5.160154,
        "brier": 0.993526,
        "ece": 0.718606,
        "beta_prior": 0.3
      }
    }
  ]
}