{
  "dataset": "cub200",
  "trainer": "bimc_dino_fusion",
  "seed": 3,
  "runtime_sec": 270.539,
  "acc_list": [
    86.35,
    84.57,
    83.7,
    82.56,
    82.25,
    81.44,
    81.97,
    82.39,
    82.23,
    82.89,
    83.26
  ],
  "task_acc_list": [
    [
      86.35
    ],
    [
      86.03,
      69.53
    ],
    [
      86.03,
      69.53,
      74.22
    ],
    [
      86.03,
      69.53,
      70.03,
      73.49
    ],
    [
      86.0,
      69.53,
      68.99,
      72.48,
      80.67
    ],
    [
      85.96,
      69.53,
      68.99,
      72.48,
      80.67,
      70.81
    ],
    [
      85.89,
      69.53,
      68.99,
      72.48,
      80.67,
      70.47,
      90.97
    ],
    [
      85.89,
      69.53,
      68.99,
      72.48,
      80.67,
      70.47,
      90.28,
      89.56
    ],
    [
      85.89,
      69.53,
      68.99,
      72.48,
      80.67,
      70.47,
      89.58,
      86.2,
      83.73
    ],
    [
      85.89,
      69.53,
      68.99,
      72.48,
      80.67,
      70.47,
      89.58,
      85.86,
      83.05,
      95.83
    ],
    [
      85.89,
      69.53,
      68.99,
      72.48,
      80.67,
      70.13,
      89.58,
      85.52,
      83.05,
      95.49,
      91.0
    ]
  ],
  "task_results": [
    {
      "task_id": 0,
      "elapsed_time_sec": 14.265,
      "metrics": {
        "mean_acc": 86.35,
        "task_acc": [
          86.35
        ],
        "harmonic_acc": 0.0,
        "base_avg_acc": 86.35,
        "inc_avg_acc": 0.0,
        "nll": 0.89055,
        "brier": 0.216717,
        "ece": 0.083843,
        "beta_prior": 0.0
      }
    },
    {
      "task_id": 1,
      "elapsed_time_sec": 15.43,
      "metrics": {
        "mean_acc": 84.57,
        "task_acc": [
          86.03,
          69.53
        ],
        "harmonic_acc": 76.9,
        "base_avg_acc": 86.03,
        "inc_avg_acc": 69.53,
        "nll": 0.967915,
        "brier": 0.245772,
        "ece": 0.098082,
        "beta_prior": 0.0
      }
    },
    {
      "task_id": 2,
      "elapsed_time_sec": 17.222,
      "metrics": {
        "mean_acc": 83.7,
        "task_acc": [
          86.03,
          69.53,
          74.22
        ],
        "harmonic_acc": 78.32,
        "base_avg_acc": 86.03,
        "inc_avg_acc": 71.88,
        "nll": 1.014852,
        "brier": 0.257728,
        "ece": 0.103487,
        "beta_prior": 0.0
      }
    },
    {
      "task_id": 3,
      "elapsed_time_sec": 19.053,
      "metrics": {
        "mean_acc": 82.56,
        "task_acc": [
          86.03,
          69.53,
          70.03,
          73.49
        ],
        "harmonic_acc": 77.81,
        "base_avg_acc": 86.03,
        "inc_avg_acc": 71.02,
        "nll": 1.100103,
        "brier": 0.278071,
        "ece": 0.112874,
        "beta_prior": 0.0
      }
    },
    {
      "task_id": 4,
      "elapsed_time_sec": 20.72,
      "metrics": {
        "mean_acc": 82.25,
        "task_acc": [
          86.0,
          69.53,
          68.99,
          72.48,
          80.67
        ],
        "harmonic_acc": 78.92,
        "base_avg_acc": 86.0,
        "inc_avg_acc": 72.92,
        "nll": 1.140853,
        "brier": 0.28358,
        "ece": 0.114191,
        "beta_prior": 0.0
      }
    },
    {
      "task_id": 5,
      "elapsed_time_sec": 22.369,
      "metrics": {
        "mean_acc": 81.44,
        "task_acc": [
          85.96,
          69.53,
          68.99,
          72.48,
          80.67,
          70.81
        ],
        "harmonic_acc": 78.66,
        "base_avg_acc": 85.96,
        "inc_avg_acc": 72.5,
        "nll": 1.204094,
        "brier": 0.298795,
        "ece": 0.119844,
        "beta_prior": 0.0
      }
    },
    {
      "task_id": 6,
      "elapsed_time_sec": 23.728,
      "metrics": {
        "mean_acc": 81.97,
        "task_acc": [
          85.89,
          69.53,
          68.99,
          72.48,
          80.67,
          70.47,
          90.97
        ],
        "harmonic_acc": 80.37,
        "base_avg_acc": 85.89,
        "inc_avg_acc": 75.52,
        "nll": 1.1819,
        "brier": 0.291015,
        "ece": 0.116091,
        "beta_prior": 0.0
      }
    },
    {
      "task_id": 7,
      "elapsed_time_sec": 25.228,
      "metrics": {
        "mean_acc": 82.39,
        "task_acc": [
          85.89,
          69.53,
          68.99,
          72.48,
          80.67,
          70.47,
          90.28,
          89.56
        ],
        "harmonic_acc": 81.44,
        "base_avg_acc": 85.89,
        "inc_avg_acc": 77.43,
        "nll": 1.172065,
        "brier": 0.283665,
        "ece": 0.113522,
        "beta_prior": 0.0
      }
    },
    {
      "task_id": 8,
      "elapsed_time_sec": 26.886,
      "metrics": {
        "mean_acc": 82.23,
        "task_acc": [
          85.89,
          69.53,
          68.99,
          72.48,
          80.67,
          70.47,
          89.58,
          86.2,
          83.73
        ],
        "harmonic_acc": 81.59,
        "base_avg_acc": 85.89,
        "inc_avg_acc": 77.71,
        "nll": 1.203365,
        "brier": 0.28846,
        "ece": 0.115969,
        "beta_prior": 0.0
      }
    },
    {
      "task_id": 9,
      "elapsed_time_sec": 28.347,
      "metrics": {
        "mean_acc": 82.89,
        "task_acc": [
          85.89,
          69.53,
          68.99,
          72.48,
          80.67,
          70.47,
          89.58,
          85.86,
          83.05,
          95.83
        ],
        "harmonic_acc": 82.63,
        "base_avg_acc": 85.89,
        "inc_avg_acc": 79.61,
        "nll": 1.155414,
        "brier": 0.277532,
        "ece": 0.110346,
        "beta_prior": 0.0
      }
    },
    {
      "task_id": 10,
      "elapsed_time_sec": 29.634,
      "metrics": {
        "mean_acc": 83.26,
        "task_acc": [
          85.89,
          69.53,
          68.99,
          72.48,
          80.67,
          70.13,
          89.58,
          85.52,
          83.05,
          95.49,
          91.0
        ],
        "harmonic_acc": 83.18,
        "base_avg_acc": 85.89,
        "inc_avg_acc": 80.64,
        "nll": 1.151787,
        "brier": 0.271742,
        "ece": 0.108108,
        "beta_prior": 0.0
      }
    }
  ]
}