{
  "dataset": "cub200",
  "trainer": "bimc",
  "seed": 11,
  "runtime_sec": 76.823,
  "acc_list": [
    81.46,
    78.87,
    77.23,
    74.25,
    72.84,
    71.17,
    70.44,
    69.8,
    68.19,
    68.33,
    67.98
  ],
  "task_acc_list": [
    [
      81.46
    ],
    [
      80.87,
      58.42
    ],
    [
      80.66,
      57.71,
      62.02
    ],
    [
      80.45,
      57.35,
      51.57,
      52.35
    ],
    [
      80.27,
      57.35,
      47.39,
      46.98,
      66.33
    ],
    [
      80.13,
      57.71,
      47.39,
      46.31,
      66.33,
      50.34
    ],
    [
      79.92,
      57.71,
      45.99,
      46.31,
      65.33,
      50.0,
      64.24
    ],
    [
      79.75,
      57.71,
      46.69,
      46.31,
      65.67,
      50.0,
      62.15,
      62.63
    ],
    [
      79.78,
      57.71,
      46.69,
      46.31,
      65.67,
      49.33,
      58.33,
      53.87,
      54.24
    ],
    [
      79.68,
      56.99,
      46.69,
      46.31,
      65.67,
      49.66,
      58.68,
      53.87,
      53.56,
      72.57
    ],
    [
      79.68,
      55.56,
      46.34,
      45.64,
      65.67,
      48.32,
      57.99,
      51.18,
      53.56,
      72.92,
      68.33
    ]
  ],
  "task_results": [
    {
      "task_id": 0,
      "elapsed_time_sec": 4.251,
      "metrics": {
        "mean_acc": 81.46,
        "task_acc": [
          81.46
        ],
        "harmonic_acc": 0.0,
        "base_avg_acc": 81.46,
        "inc_avg_acc": 0.0,
        "nll": 4.468788,
        "brier": 0.987095,
        "ece": 0.803103,
        "beta_prior": 0.0
      }
    },
    {
      "task_id": 1,
      "elapsed_time_sec": 4.506,
      "metrics": {
        "mean_acc": 78.87,
        "task_acc": [
          80.87,
          58.42
        ],
        "harmonic_acc": 67.84,
        "base_avg_acc": 80.87,
        "inc_avg_acc": 58.42,
        "nll": 4.563137,
        "brier": 0.988248,
        "ece": 0.778274,
        "beta_prior": 0.0
      }
    },
    {
      "task_id": 2,
      "elapsed_time_sec": 4.913,
      "metrics": {
        "mean_acc": 77.23,
        "task_acc": [
          80.66,
          57.71,
          62.02
        ],
        "harmonic_acc": 68.72,
        "base_avg_acc": 80.66,
        "inc_avg_acc": 59.86,
        "nll": 4.650406,
        "brier": 0.989232,
        "ece": 0.762712,
        "beta_prior": 0.0
      }
    },
    {
      "task_id": 3,
      "elapsed_time_sec": 5.324,
      "metrics": {
        "mean_acc": 74.25,
        "task_acc": [
          80.45,
          57.35,
          51.57,
          52.35
        ],
        "harmonic_acc": 64.45,
        "base_avg_acc": 80.45,
        "inc_avg_acc": 53.76,
        "nll": 4.729945,
        "brier": 0.990052,
        "ece": 0.733626,
        "beta_prior": 0.0
      }
    },
    {
      "task_id": 4,
      "elapsed_time_sec": 5.733,
      "metrics": {
        "mean_acc": 72.84,
        "task_acc": [
          80.27,
          57.35,
          47.39,
          46.98,
          66.33
        ],
        "harmonic_acc": 64.93,
        "base_avg_acc": 80.27,
        "inc_avg_acc": 54.51,
        "nll": 4.804865,
        "brier": 0.990775,
        "ece": 0.720176,
        "beta_prior": 0.0
      }
    },
    {
      "task_id": 5,
      "elapsed_time_sec": 6.119,
      "metrics": {
        "mean_acc": 71.17,
        "task_acc": [
          80.13,
          57.71,
          47.39,
          46.31,
          66.33,
          50.34
        ],
        "harmonic_acc": 64.24,
        "base_avg_acc": 80.13,
        "inc_avg_acc": 53.62,
        "nll": 4.874169,
        "brier": 0.991394,
        "ece": 0.704066,
        "beta_prior": 0.0
      }
    },
    {
      "task_id": 6,
      "elapsed_time_sec": 6.525,
      "metrics": {
        "mean_acc": 70.44,
        "task_acc": [
          79.92,
          57.71,
          45.99,
          46.31,
          65.33,
          50.0,
          64.24
        ],
        "harmonic_acc": 65.11,
        "base_avg_acc": 79.92,
        "inc_avg_acc": 54.93,
        "nll": 4.940647,
        "brier": 0.991959,
        "ece": 0.697194,
        "beta_prior": 0.0
      }
    },
    {
      "task_id": 7,
      "elapsed_time_sec": 6.953,
      "metrics": {
        "mean_acc": 69.8,
        "task_acc": [
          79.75,
          57.71,
          46.69,
          46.31,
          65.67,
          50.0,
          62.15,
          62.63
        ],
        "harmonic_acc": 65.71,
        "base_avg_acc": 79.75,
        "inc_avg_acc": 55.88,
        "nll": 5.002672,
        "brier": 0.992451,
        "ece": 0.691272,
        "beta_prior": 0.0
      }
    },
    {
      "task_id": 8,
      "elapsed_time_sec": 7.365,
      "metrics": {
        "mean_acc": 68.19,
        "task_acc": [
          79.78,
          57.71,
          46.69,
          46.31,
          65.67,
          49.33,
          58.33,
          53.87,
          54.24
        ],
        "harmonic_acc": 64.42,
        "base_avg_acc": 79.78,
        "inc_avg_acc": 54.02,
        "nll": 5.061486,
        "brier": 0.992891,
        "ece": 0.675537,
        "beta_prior": 0.0
      }
    },
    {
      "task_id": 9,
      "elapsed_time_sec": 7.76,
      "metrics": {
        "mean_acc": 68.33,
        "task_acc": [
          79.68,
          56.99,
          46.69,
          46.31,
          65.67,
          49.66,
          58.68,
          53.87,
          53.56,
          72.57
        ],
        "harmonic_acc": 65.77,
        "base_avg_acc": 79.68,
        "inc_avg_acc": 56.0,
        "nll": 5.115151,
        "brier": 0.99326,
        "ece": 0.677256,
        "beta_prior": 0.0
      }
    },
    {
      "task_id": 10,
      "elapsed_time_sec": 8.233,
      "metrics": {
        "mean_acc": 67.98,
        "task_acc": [
          79.68,
          55.56,
          46.34,
          45.64,
          65.67,
          48.32,
          57.99,
          51.18,
          53.56,
          72.92,
          68.33
        ],
        "harmonic_acc": 66.15,
        "base_avg_acc": 79.68,
        "inc_avg_acc": 56.55,
        "nll": 5.167397,
        "brier": 0.993607,
        "ece": 0.674112,
        "beta_prior": 0.0
      }
    }
  ]
}