{
  "dataset": "cub200",
  "trainer": "bimc",
  "seed": 3,
  "runtime_sec": 79.725,
  "acc_list": [
    82.23,
    80.05,
    78.8,
    75.54,
    74.7,
    73.88,
    73.06,
    72.82,
    71.61,
    71.82,
    71.61
  ],
  "task_acc_list": [
    [
      82.23
    ],
    [
      81.32,
      67.03
    ],
    [
      81.08,
      66.31,
      68.29
    ],
    [
      81.04,
      65.59,
      55.4,
      51.34
    ],
    [
      80.8,
      65.95,
      54.01,
      49.66,
      69.33
    ],
    [
      80.87,
      64.52,
      52.96,
      50.0,
      69.0,
      64.43
    ],
    [
      80.38,
      64.52,
      53.31,
      50.0,
      69.0,
      63.76,
      65.97
    ],
    [
      80.1,
      64.87,
      53.31,
      50.34,
      69.0,
      63.76,
      64.58,
      72.39
    ],
    [
      80.03,
      64.16,
      52.96,
      49.66,
      69.0,
      63.76,
      62.15,
      62.63,
      66.1
    ],
    [
      79.99,
      64.16,
      53.31,
      49.66,
      69.0,
      63.09,
      61.46,
      62.63,
      63.39,
      79.86
    ],
    [
      79.85,
      60.22,
      53.31,
      48.99,
      69.0,
      62.75,
      60.76,
      61.28,
      62.03,
      78.47,
      78.33
    ]
  ],
  "task_results": [
    {
      "task_id": 0,
      "elapsed_time_sec": 4.418,
      "metrics": {
        "mean_acc": 82.23,
        "task_acc": [
          82.23
        ],
        "harmonic_acc": 0.0,
        "base_avg_acc": 82.23,
        "inc_avg_acc": 0.0,
        "nll": 4.448106,
        "brier": 0.986622,
        "ece": 0.810544,
        "beta_prior": 0.3
      }
    },
    {
      "task_id": 1,
      "elapsed_time_sec": 4.682,
      "metrics": {
        "mean_acc": 80.05,
        "task_acc": [
          81.32,
          67.03
        ],
        "harmonic_acc": 73.49,
        "base_avg_acc": 81.32,
        "inc_avg_acc": 67.03,
        "nll": 4.543977,
        "brier": 0.98785,
        "ece": 0.789846,
        "beta_prior": 0.3
      }
    },
    {
      "task_id": 2,
      "elapsed_time_sec": 5.117,
      "metrics": {
        "mean_acc": 78.8,
        "task_acc": [
          81.08,
          66.31,
          68.29
        ],
        "harmonic_acc": 73.55,
        "base_avg_acc": 81.08,
        "inc_avg_acc": 67.3,
        "nll": 4.631687,
        "brier": 0.988875,
        "ece": 0.778276,
        "beta_prior": 0.3
      }
    },
    {
      "task_id": 3,
      "elapsed_time_sec": 5.512,
      "metrics": {
        "mean_acc": 75.54,
        "task_acc": [
          81.04,
          65.59,
          55.4,
          51.34
        ],
        "harmonic_acc": 67.23,
        "base_avg_acc": 81.04,
        "inc_avg_acc": 57.44,
        "nll": 4.712209,
        "brier": 0.98974,
        "ece": 0.746345,
        "beta_prior": 0.3
      }
    },
    {
      "task_id": 4,
      "elapsed_time_sec": 5.948,
      "metrics": {
        "mean_acc": 74.7,
        "task_acc": [
          80.8,
          65.95,
          54.01,
          49.66,
          69.33
        ],
        "harmonic_acc": 68.69,
        "base_avg_acc": 80.8,
        "inc_avg_acc": 59.74,
        "nll": 4.787395,
        "brier": 0.99049,
        "ece": 0.738653,
        "beta_prior": 0.3
      }
    },
    {
      "task_id": 5,
      "elapsed_time_sec": 6.389,
      "metrics": {
        "mean_acc": 73.88,
        "task_acc": [
          80.87,
          64.52,
          52.96,
          50.0,
          69.0,
          64.43
        ],
        "harmonic_acc": 69.01,
        "base_avg_acc": 80.87,
        "inc_avg_acc": 60.18,
        "nll": 4.85665,
        "brier": 0.991128,
        "ece": 0.73098,
        "beta_prior": 0.3
      }
    },
    {
      "task_id": 6,
      "elapsed_time_sec": 6.82,
      "metrics": {
        "mean_acc": 73.06,
        "task_acc": [
          80.38,
          64.52,
          53.31,
          50.0,
          69.0,
          63.76,
          65.97
        ],
        "harmonic_acc": 69.42,
        "base_avg_acc": 80.38,
        "inc_avg_acc": 61.09,
        "nll": 4.92316,
        "brier": 0.991711,
        "ece": 0.723296,
        "beta_prior": 0.3
      }
    },
    {
      "task_id": 7,
      "elapsed_time_sec": 7.259,
      "metrics": {
        "mean_acc": 72.82,
        "task_acc": [
          80.1,
          64.87,
          53.31,
          50.34,
          69.0,
          63.76,
          64.58,
          72.39
        ],
        "harmonic_acc": 70.28,
        "base_avg_acc": 80.1,
        "inc_avg_acc": 62.61,
        "nll": 4.985414,
        "brier": 0.992221,
        "ece": 0.721296,
        "beta_prior": 0.3
      }
    },
    {
      "task_id": 8,
      "elapsed_time_sec": 7.677,
      "metrics": {
        "mean_acc": 71.61,
        "task_acc": [
          80.03,
          64.16,
          52.96,
          49.66,
          69.0,
          63.76,
          62.15,
          62.63,
          66.1
        ],
        "harmonic_acc": 69.43,
        "base_avg_acc": 80.03,
        "inc_avg_acc": 61.3,
        "nll": 5.04421,
        "brier": 0.992674,
        "ece": 0.709622,
        "beta_prior": 0.3
      }
    },
    {
      "task_id": 9,
      "elapsed_time_sec": 8.08,
      "metrics": {
        "mean_acc": 71.82,
        "task_acc": [
          79.99,
          64.16,
          53.31,
          49.66,
          69.0,
          63.09,
          61.46,
          62.63,
          63.39,
          79.86
        ],
        "harmonic_acc": 70.46,
        "base_avg_acc": 79.99,
        "inc_avg_acc": 62.95,
        "nll": 5.098073,
        "brier": 0.993056,
        "ece": 0.712103,
        "beta_prior": 0.3
      }
    },
    {
      "task_id": 10,
      "elapsed_time_sec": 8.535,
      "metrics": {
        "mean_acc": 71.61,
        "task_acc": [
          79.85,
          60.22,
          53.31,
          48.99,
          69.0,
          62.75,
          60.76,
          61.28,
          62.03,
          78.47,
          78.33
        ],
        "harmonic_acc": 70.75,
        "base_avg_acc": 79.85,
        "inc_avg_acc": 63.51,
        "nll": 5.150114,
        "brier": 0.993412,
        "ece": 0.710261,
        "beta_prior": 0.3
      }
    }
  ]
}