{
  "dataset": "cub200",
  "trainer": "bimc_dino_fusion",
  "seed": 20,
  "runtime_sec": 287.808,
  "acc_list": [
    86.35,
    85.21,
    84.72,
    83.91,
    83.81,
    82.43,
    82.94,
    83.51,
    83.13,
    83.65,
    84.09
  ],
  "task_acc_list": [
    [
      86.35
    ],
    [
      86.03,
      76.7
    ],
    [
      86.03,
      76.7,
      79.44
    ],
    [
      86.03,
      76.7,
      76.31,
      77.52
    ],
    [
      86.03,
      76.7,
      75.61,
      76.51,
      84.33
    ],
    [
      86.03,
      76.7,
      75.61,
      76.51,
      84.33,
      63.76
    ],
    [
      85.96,
      76.7,
      75.61,
      76.51,
      84.33,
      63.76,
      91.32
    ],
    [
      85.96,
      76.7,
      75.61,
      76.51,
      84.33,
      63.76,
      90.62,
      92.93
    ],
    [
      85.96,
      76.7,
      75.61,
      76.51,
      84.33,
      63.42,
      89.93,
      88.89,
      82.03
    ],
    [
      85.96,
      76.7,
      75.61,
      76.51,
      84.33,
      63.42,
      89.93,
      88.89,
      81.69,
      93.4
    ],
    [
      85.96,
      76.7,
      75.61,
      76.51,
      84.33,
      63.09,
      89.93,
      88.55,
      81.69,
      93.4,
      92.67
    ]
  ],
  "task_results": [
    {
      "task_id": 0,
      "elapsed_time_sec": 15.623,
      "metrics": {
        "mean_acc": 86.35,
        "task_acc": [
          86.35
        ],
        "harmonic_acc": 0.0,
        "base_avg_acc": 86.35,
        "inc_avg_acc": 0.0,
        "nll": 0.89055,
        "brier": 0.216717,
        "ece": 0.083843,
        "beta_prior": 0.0
      }
    },
    {
      "task_id": 1,
      "elapsed_time_sec": 17.132,
      "metrics": {
        "mean_acc": 85.21,
        "task_acc": [
          86.03,
          76.7
        ],
        "harmonic_acc": 81.1,
        "base_avg_acc": 86.03,
        "inc_avg_acc": 76.7,
        "nll": 0.923748,
        "brier": 0.235101,
        "ece": 0.09139,
        "beta_prior": 0.0
      }
    },
    {
      "task_id": 2,
      "elapsed_time_sec": 18.74,
      "metrics": {
        "mean_acc": 84.72,
        "task_acc": [
          86.03,
          76.7,
          79.44
        ],
        "harmonic_acc": 81.86,
        "base_avg_acc": 86.03,
        "inc_avg_acc": 78.07,
        "nll": 0.95308,
        "brier": 0.242201,
        "ece": 0.096458,
        "beta_prior": 0.0
      }
    },
    {
      "task_id": 3,
      "elapsed_time_sec": 20.147,
      "metrics": {
        "mean_acc": 83.91,
        "task_acc": [
          86.03,
          76.7,
          76.31,
          77.52
        ],
        "harmonic_acc": 81.18,
        "base_avg_acc": 86.03,
        "inc_avg_acc": 76.84,
        "nll": 0.998152,
        "brier": 0.256404,
        "ece": 0.100605,
        "beta_prior": 0.0
      }
    },
    {
      "task_id": 4,
      "elapsed_time_sec": 21.645,
      "metrics": {
        "mean_acc": 83.81,
        "task_acc": [
          86.03,
          76.7,
          75.61,
          76.51,
          84.33
        ],
        "harmonic_acc": 81.98,
        "base_avg_acc": 86.03,
        "inc_avg_acc": 78.29,
        "nll": 1.017013,
        "brier": 0.25619,
        "ece": 0.10078,
        "beta_prior": 0.0
      }
    },
    {
      "task_id": 5,
      "elapsed_time_sec": 23.452,
      "metrics": {
        "mean_acc": 82.43,
        "task_acc": [
          86.03,
          76.7,
          75.61,
          76.51,
          84.33,
          63.76
        ],
        "harmonic_acc": 80.35,
        "base_avg_acc": 86.03,
        "inc_avg_acc": 75.38,
        "nll": 1.050937,
        "brier": 0.277667,
        "ece": 0.10778,
        "beta_prior": 0.0
      }
    },
    {
      "task_id": 6,
      "elapsed_time_sec": 25.096,
      "metrics": {
        "mean_acc": 82.94,
        "task_acc": [
          85.96,
          76.7,
          75.61,
          76.51,
          84.33,
          63.76,
          91.32
        ],
        "harmonic_acc": 81.81,
        "base_avg_acc": 85.96,
        "inc_avg_acc": 78.04,
        "nll": 1.054927,
        "brier": 0.271442,
        "ece": 0.104733,
        "beta_prior": 0.0
      }
    },
    {
      "task_id": 7,
      "elapsed_time_sec": 26.263,
      "metrics": {
        "mean_acc": 83.51,
        "task_acc": [
          85.96,
          76.7,
          75.61,
          76.51,
          84.33,
          63.76,
          90.62,
          92.93
        ],
        "harmonic_acc": 82.91,
        "base_avg_acc": 85.96,
        "inc_avg_acc": 80.07,
        "nll": 1.066523,
        "brier": 0.263563,
        "ece": 0.102316,
        "beta_prior": 0.0
      }
    },
    {
      "task_id": 8,
      "elapsed_time_sec": 28.121,
      "metrics": {
        "mean_acc": 83.13,
        "task_acc": [
          85.96,
          76.7,
          75.61,
          76.51,
          84.33,
          63.42,
          89.93,
          88.89,
          82.03
        ],
        "harmonic_acc": 82.7,
        "base_avg_acc": 85.96,
        "inc_avg_acc": 79.68,
        "nll": 1.108027,
        "brier": 0.269339,
        "ece": 0.105545,
        "beta_prior": 0.0
      }
    },
    {
      "task_id": 9,
      "elapsed_time_sec": 29.768,
      "metrics": {
        "mean_acc": 83.65,
        "task_acc": [
          85.96,
          76.7,
          75.61,
          76.51,
          84.33,
          63.42,
          89.93,
          88.89,
          81.69,
          93.4
        ],
        "harmonic_acc": 83.49,
        "base_avg_acc": 85.96,
        "inc_avg_acc": 81.16,
        "nll": 1.069465,
        "brier": 0.261637,
        "ece": 0.100835,
        "beta_prior": 0.0
      }
    },
    {
      "task_id": 10,
      "elapsed_time_sec": 31.431,
      "metrics": {
        "mean_acc": 84.09,
        "task_acc": [
          85.96,
          76.7,
          75.61,
          76.51,
          84.33,
          63.09,
          89.93,
          88.55,
          81.69,
          93.4,
          92.67
        ],
        "harmonic_acc": 84.06,
        "base_avg_acc": 85.96,
        "inc_avg_acc": 82.25,
        "nll": 1.070389,
        "brier": 0.255194,
        "ece": 0.098775,
        "beta_prior": 0.0
      }
    }
  ]
}