{
  "dataset": "cub200",
  "trainer": "bimc_dino_fusion",
  "seed": 2,
  "runtime_sec": 259.252,
  "acc_list": [
    86.35,
    85.17,
    84.96,
    83.61,
    83.54,
    81.95,
    82.25,
    83.0,
    82.89,
    83.4,
    83.74
  ],
  "task_acc_list": [
    [
      86.35
    ],
    [
      86.17,
      74.91
    ],
    [
      86.17,
      74.91,
      82.58
    ],
    [
      86.17,
      74.91,
      77.7,
      72.82
    ],
    [
      86.17,
      74.91,
      75.61,
      71.81,
      85.67
    ],
    [
      86.17,
      74.91,
      75.61,
      71.81,
      85.67,
      60.4
    ],
    [
      86.1,
      74.91,
      75.61,
      71.81,
      85.67,
      60.4,
      87.5
    ],
    [
      86.1,
      74.91,
      75.61,
      71.81,
      85.67,
      60.4,
      87.5,
      94.61
    ],
    [
      86.1,
      74.91,
      75.61,
      71.81,
      85.67,
      60.07,
      85.42,
      90.57,
      87.46
    ],
    [
      86.07,
      74.91,
      75.61,
      71.81,
      85.67,
      60.07,
      85.42,
      90.57,
      86.78,
      93.75
    ],
    [
      86.07,
      74.91,
      75.61,
      71.81,
      85.67,
      59.73,
      85.42,
      90.24,
      86.78,
      93.4,
      91.0
    ]
  ],
  "task_results": [
    {
      "task_id": 0,
      "elapsed_time_sec": 14.137,
      "metrics": {
        "mean_acc": 86.35,
        "task_acc": [
          86.35
        ],
        "harmonic_acc": 0.0,
        "base_avg_acc": 86.35,
        "inc_avg_acc": 0.0,
        "nll": 0.89055,
        "brier": 0.216717,
        "ece": 0.083843,
        "beta_prior": 0.0
      }
    },
    {
      "task_id": 1,
      "elapsed_time_sec": 15.407,
      "metrics": {
        "mean_acc": 85.17,
        "task_acc": [
          86.17,
          74.91
        ],
        "harmonic_acc": 80.15,
        "base_avg_acc": 86.17,
        "inc_avg_acc": 74.91,
        "nll": 0.924292,
        "brier": 0.235898,
        "ece": 0.090947,
        "beta_prior": 0.0
      }
    },
    {
      "task_id": 2,
      "elapsed_time_sec": 16.826,
      "metrics": {
        "mean_acc": 84.96,
        "task_acc": [
          86.17,
          74.91,
          82.58
        ],
        "harmonic_acc": 82.29,
        "base_avg_acc": 86.17,
        "inc_avg_acc": 78.74,
        "nll": 0.94399,
        "brier": 0.240064,
        "ece": 0.091473,
        "beta_prior": 0.0
      }
    },
    {
      "task_id": 3,
      "elapsed_time_sec": 18.267,
      "metrics": {
        "mean_acc": 83.61,
        "task_acc": [
          86.17,
          74.91,
          77.7,
          72.82
        ],
        "harmonic_acc": 80.28,
        "base_avg_acc": 86.17,
        "inc_avg_acc": 75.14,
        "nll": 1.018935,
        "brier": 0.260479,
        "ece": 0.100818,
        "beta_prior": 0.0
      }
    },
    {
      "task_id": 4,
      "elapsed_time_sec": 19.803,
      "metrics": {
        "mean_acc": 83.54,
        "task_acc": [
          86.17,
          74.91,
          75.61,
          71.81,
          85.67
        ],
        "harmonic_acc": 81.33,
        "base_avg_acc": 86.17,
        "inc_avg_acc": 77.0,
        "nll": 1.043438,
        "brier": 0.26278,
        "ece": 0.101489,
        "beta_prior": 0.0
      }
    },
    {
      "task_id": 5,
      "elapsed_time_sec": 21.182,
      "metrics": {
        "mean_acc": 81.95,
        "task_acc": [
          86.17,
          74.91,
          75.61,
          71.81,
          85.67,
          60.4
        ],
        "harmonic_acc": 79.44,
        "base_avg_acc": 86.17,
        "inc_avg_acc": 73.68,
        "nll": 1.132725,
        "brier": 0.287008,
        "ece": 0.113769,
        "beta_prior": 0.0
      }
    },
    {
      "task_id": 6,
      "elapsed_time_sec": 22.61,
      "metrics": {
        "mean_acc": 82.25,
        "task_acc": [
          86.1,
          74.91,
          75.61,
          71.81,
          85.67,
          60.4,
          87.5
        ],
        "harmonic_acc": 80.73,
        "base_avg_acc": 86.1,
        "inc_avg_acc": 75.98,
        "nll": 1.131811,
        "brier": 0.282844,
        "ece": 0.113141,
        "beta_prior": 0.0
      }
    },
    {
      "task_id": 7,
      "elapsed_time_sec": 24.054,
      "metrics": {
        "mean_acc": 83.0,
        "task_acc": [
          86.1,
          74.91,
          75.61,
          71.81,
          85.67,
          60.4,
          87.5,
          94.61
        ],
        "harmonic_acc": 82.2,
        "base_avg_acc": 86.1,
        "inc_avg_acc": 78.64,
        "nll": 1.116698,
        "brier": 0.271737,
        "ece": 0.108687,
        "beta_prior": 0.0
      }
    },
    {
      "task_id": 8,
      "elapsed_time_sec": 25.521,
      "metrics": {
        "mean_acc": 82.89,
        "task_acc": [
          86.1,
          74.91,
          75.61,
          71.81,
          85.67,
          60.07,
          85.42,
          90.57,
          87.46
        ],
        "harmonic_acc": 82.36,
        "base_avg_acc": 86.1,
        "inc_avg_acc": 78.94,
        "nll": 1.142433,
        "brier": 0.273665,
        "ece": 0.109428,
        "beta_prior": 0.0
      }
    },
    {
      "task_id": 9,
      "elapsed_time_sec": 26.905,
      "metrics": {
        "mean_acc": 83.4,
        "task_acc": [
          86.07,
          74.91,
          75.61,
          71.81,
          85.67,
          60.07,
          85.42,
          90.57,
          86.78,
          93.75
        ],
        "harmonic_acc": 83.2,
        "base_avg_acc": 86.07,
        "inc_avg_acc": 80.51,
        "nll": 1.100289,
        "brier": 0.265384,
        "ece": 0.104868,
        "beta_prior": 0.0
      }
    },
    {
      "task_id": 10,
      "elapsed_time_sec": 28.399,
      "metrics": {
        "mean_acc": 83.74,
        "task_acc": [
          86.07,
          74.91,
          75.61,
          71.81,
          85.67,
          59.73,
          85.42,
          90.24,
          86.78,
          93.4,
          91.0
        ],
        "harmonic_acc": 83.7,
        "base_avg_acc": 86.07,
        "inc_avg_acc": 81.46,
        "nll": 1.098197,
        "brier": 0.260437,
        "ece": 0.103211,
        "beta_prior": 0.0
      }
    }
  ]
}