{
  "dataset": "cub200",
  "trainer": "bimc",
  "seed": 14,
  "runtime_sec": 76.765,
  "acc_list": [
    82.23,
    80.37,
    79.27,
    76.21,
    75.6,
    74.29,
    73.56,
    73.16,
    71.8,
    71.84,
    71.92
  ],
  "task_acc_list": [
    [
      82.23
    ],
    [
      81.46,
      69.18
    ],
    [
      81.42,
      69.18,
      67.6
    ],
    [
      81.35,
      68.46,
      56.79,
      52.68
    ],
    [
      80.94,
      67.74,
      55.05,
      48.66,
      78.33
    ],
    [
      80.83,
      66.67,
      54.36,
      47.32,
      78.0,
      61.07
    ],
    [
      80.69,
      67.03,
      54.36,
      47.32,
      78.0,
      61.07,
      63.54
    ],
    [
      80.41,
      67.03,
      54.36,
      47.32,
      78.33,
      60.74,
      61.46,
      71.72
    ],
    [
      80.24,
      66.67,
      54.36,
      47.32,
      78.33,
      60.4,
      57.99,
      64.31,
      62.37
    ],
    [
      80.17,
      66.67,
      54.36,
      47.32,
      78.0,
      59.73,
      59.03,
      63.97,
      59.32,
      76.74
    ],
    [
      80.17,
      65.23,
      54.7,
      46.64,
      78.0,
      59.06,
      58.68,
      63.64,
      58.98,
      76.04,
      77.33
    ]
  ],
  "task_results": [
    {
      "task_id": 0,
      "elapsed_time_sec": 4.213,
      "metrics": {
        "mean_acc": 82.23,
        "task_acc": [
          82.23
        ],
        "harmonic_acc": 0.0,
        "base_avg_acc": 82.23,
        "inc_avg_acc": 0.0,
        "nll": 4.448106,
        "brier": 0.986622,
        "ece": 0.810544,
        "beta_prior": 0.3
      }
    },
    {
      "task_id": 1,
      "elapsed_time_sec": 4.471,
      "metrics": {
        "mean_acc": 80.37,
        "task_acc": [
          81.46,
          69.18
        ],
        "harmonic_acc": 74.82,
        "base_avg_acc": 81.46,
        "inc_avg_acc": 69.18,
        "nll": 4.54364,
        "brier": 0.987843,
        "ece": 0.793025,
        "beta_prior": 0.3
      }
    },
    {
      "task_id": 2,
      "elapsed_time_sec": 4.869,
      "metrics": {
        "mean_acc": 79.27,
        "task_acc": [
          81.42,
          69.18,
          67.6
        ],
        "harmonic_acc": 74.34,
        "base_avg_acc": 81.42,
        "inc_avg_acc": 68.39,
        "nll": 4.631373,
        "brier": 0.988869,
        "ece": 0.782939,
        "beta_prior": 0.3
      }
    },
    {
      "task_id": 3,
      "elapsed_time_sec": 5.267,
      "metrics": {
        "mean_acc": 76.21,
        "task_acc": [
          81.35,
          68.46,
          56.79,
          52.68
        ],
        "harmonic_acc": 68.6,
        "base_avg_acc": 81.35,
        "inc_avg_acc": 59.31,
        "nll": 4.712174,
        "brier": 0.98974,
        "ece": 0.753053,
        "beta_prior": 0.3
      }
    },
    {
      "task_id": 4,
      "elapsed_time_sec": 5.683,
      "metrics": {
        "mean_acc": 75.6,
        "task_acc": [
          80.94,
          67.74,
          55.05,
          48.66,
          78.33
        ],
        "harmonic_acc": 70.5,
        "base_avg_acc": 80.94,
        "inc_avg_acc": 62.44,
        "nll": 4.787493,
        "brier": 0.990492,
        "ece": 0.747593,
        "beta_prior": 0.3
      }
    },
    {
      "task_id": 5,
      "elapsed_time_sec": 6.083,
      "metrics": {
        "mean_acc": 74.29,
        "task_acc": [
          80.83,
          66.67,
          54.36,
          47.32,
          78.0,
          61.07
        ],
        "harmonic_acc": 69.84,
        "base_avg_acc": 80.83,
        "inc_avg_acc": 61.48,
        "nll": 4.856873,
        "brier": 0.991132,
        "ece": 0.735143,
        "beta_prior": 0.3
      }
    },
    {
      "task_id": 6,
      "elapsed_time_sec": 6.497,
      "metrics": {
        "mean_acc": 73.56,
        "task_acc": [
          80.69,
          67.03,
          54.36,
          47.32,
          78.0,
          61.07,
          63.54
        ],
        "harmonic_acc": 70.05,
        "base_avg_acc": 80.69,
        "inc_avg_acc": 61.89,
        "nll": 4.9235,
        "brier": 0.991716,
        "ece": 0.728284,
        "beta_prior": 0.3
      }
    },
    {
      "task_id": 7,
      "elapsed_time_sec": 6.908,
      "metrics": {
        "mean_acc": 73.16,
        "task_acc": [
          80.41,
          67.03,
          54.36,
          47.32,
          78.33,
          60.74,
          61.46,
          71.72
        ],
        "harmonic_acc": 70.64,
        "base_avg_acc": 80.41,
        "inc_avg_acc": 62.99,
        "nll": 4.985705,
        "brier": 0.992224,
        "ece": 0.724759,
        "beta_prior": 0.3
      }
    },
    {
      "task_id": 8,
      "elapsed_time_sec": 7.341,
      "metrics": {
        "mean_acc": 71.8,
        "task_acc": [
          80.24,
          66.67,
          54.36,
          47.32,
          78.33,
          60.4,
          57.99,
          64.31,
          62.37
        ],
        "harmonic_acc": 69.61,
        "base_avg_acc": 80.24,
        "inc_avg_acc": 61.47,
        "nll": 5.044465,
        "brier": 0.992677,
        "ece": 0.711544,
        "beta_prior": 0.3
      }
    },
    {
      "task_id": 9,
      "elapsed_time_sec": 7.735,
      "metrics": {
        "mean_acc": 71.84,
        "task_acc": [
          80.17,
          66.67,
          54.36,
          47.32,
          78.0,
          59.73,
          59.03,
          63.97,
          59.32,
          76.74
        ],
        "harmonic_acc": 70.43,
        "base_avg_acc": 80.17,
        "inc_avg_acc": 62.79,
        "nll": 5.09849,
        "brier": 0.993061,
        "ece": 0.712287,
        "beta_prior": 0.3
      }
    },
    {
      "task_id": 10,
      "elapsed_time_sec": 8.146,
      "metrics": {
        "mean_acc": 71.92,
        "task_acc": [
          80.17,
          65.23,
          54.7,
          46.64,
          78.0,
          59.06,
          58.68,
          63.64,
          58.98,
          76.04,
          77.33
        ],
        "harmonic_acc": 71.07,
        "base_avg_acc": 80.17,
        "inc_avg_acc": 63.83,
        "nll": 5.150594,
        "brier": 0.993417,
        "ece": 0.71337,
        "beta_prior": 0.3
      }
    }
  ]
}