{
  "dataset": "CIFAR100",
  "trainer": "bimc_adaptive_risk_base_auto",
  "seed": 1,
  "runtime_sec": 107.39,
  "acc_list": [
    79.95,
    74.89,
    72.49,
    69.35,
    67.2,
    65.95,
    65.84,
    62.11,
    61.11
  ],
  "task_acc_list": [
    [
      79.95
    ],
    [
      79.63,
      18.0
    ],
    [
      78.93,
      18.6,
      49.0
    ],
    [
      78.32,
      17.8,
      43.8,
      38.8
    ],
    [
      78.17,
      17.8,
      43.8,
      39.4,
      36.2
    ],
    [
      78.03,
      17.8,
      43.8,
      38.6,
      36.4,
      48.2
    ],
    [
      77.9,
      18.6,
      47.0,
      41.0,
      39.8,
      51.4,
      52.6
    ],
    [
      77.6,
      13.4,
      41.0,
      33.4,
      32.2,
      45.2,
      48.0,
      35.6
    ],
    [
      77.32,
      13.2,
      43.6,
      35.0,
      34.2,
      47.6,
      50.6,
      38.8,
      31.4
    ]
  ],
  "task_results": [
    {
      "task_id": 0,
      "elapsed_time_sec": 6.277,
      "metrics": {
        "mean_acc": 79.95,
        "task_acc": [
          79.95
        ],
        "harmonic_acc": 0.0,
        "base_avg_acc": 79.95,
        "inc_avg_acc": 0.0,
        "nll": 4.007812,
        "brier": 0.980469,
        "ece": 0.781235,
        "beta_prior": 0.5,
        "session_beta": 0.47
      }
    },
    {
      "task_id": 1,
      "elapsed_time_sec": 6.716,
      "metrics": {
        "mean_acc": 74.89,
        "task_acc": [
          79.63,
          18.0
        ],
        "harmonic_acc": 29.36,
        "base_avg_acc": 79.63,
        "inc_avg_acc": 18.0,
        "nll": 4.085938,
        "brier": 0.981934,
        "ece": 0.732047,
        "beta_prior": 0.5,
        "session_beta": 0.41
      }
    },
    {
      "task_id": 2,
      "elapsed_time_sec": 7.215,
      "metrics": {
        "mean_acc": 72.49,
        "task_acc": [
          78.93,
          18.6,
          49.0
        ],
        "harmonic_acc": 47.33,
        "base_avg_acc": 78.93,
        "inc_avg_acc": 33.8,
        "nll": 4.160156,
        "brier": 0.98291,
        "ece": 0.709186,
        "beta_prior": 0.5,
        "session_beta": 0.44
      }
    },
    {
      "task_id": 3,
      "elapsed_time_sec": 7.701,
      "metrics": {
        "mean_acc": 69.35,
        "task_acc": [
          78.32,
          17.8,
          43.8,
          38.8
        ],
        "harmonic_acc": 46.89,
        "base_avg_acc": 78.32,
        "inc_avg_acc": 33.47,
        "nll": 4.230469,
        "brier": 0.983887,
        "ece": 0.678841,
        "beta_prior": 0.5,
        "session_beta": 0.41
      }
    },
    {
      "task_id": 4,
      "elapsed_time_sec": 8.176,
      "metrics": {
        "mean_acc": 67.2,
        "task_acc": [
          78.17,
          17.8,
          43.8,
          39.4,
          36.2
        ],
        "harmonic_acc": 47.68,
        "base_avg_acc": 78.17,
        "inc_avg_acc": 34.3,
        "nll": 4.296875,
        "brier": 0.984863,
        "ece": 0.65829,
        "beta_prior": 0.5,
        "session_beta": 0.41
      }
    },
    {
      "task_id": 5,
      "elapsed_time_sec": 8.717,
      "metrics": {
        "mean_acc": 65.95,
        "task_acc": [
          78.03,
          17.8,
          43.8,
          38.6,
          36.4,
          48.2
        ],
        "harmonic_acc": 50.16,
        "base_avg_acc": 78.03,
        "inc_avg_acc": 36.96,
        "nll": 4.359375,
        "brier": 0.986328,
        "ece": 0.64662,
        "beta_prior": 0.5,
        "session_beta": 0.41
      }
    },
    {
      "task_id": 6,
      "elapsed_time_sec": 9.187,
      "metrics": {
        "mean_acc": 65.84,
        "task_acc": [
          77.9,
          18.6,
          47.0,
          41.0,
          39.8,
          51.4,
          52.6
        ],
        "harmonic_acc": 54.35,
        "base_avg_acc": 77.9,
        "inc_avg_acc": 41.73,
        "nll": 4.414062,
        "brier": 0.986816,
        "ece": 0.646253,
        "beta_prior": 0.5,
        "session_beta": 0.44
      }
    },
    {
      "task_id": 7,
      "elapsed_time_sec": 9.696,
      "metrics": {
        "mean_acc": 62.11,
        "task_acc": [
          77.6,
          13.4,
          41.0,
          33.4,
          32.2,
          45.2,
          48.0,
          35.6
        ],
        "harmonic_acc": 48.75,
        "base_avg_acc": 77.6,
        "inc_avg_acc": 35.54,
        "nll": 4.46875,
        "brier": 0.987305,
        "ece": 0.609494,
        "beta_prior": 0.5,
        "session_beta": 0.38
      }
    },
    {
      "task_id": 8,
      "elapsed_time_sec": 10.183,
      "metrics": {
        "mean_acc": 61.11,
        "task_acc": [
          77.32,
          13.2,
          43.6,
          35.0,
          34.2,
          47.6,
          50.6,
          38.8,
          31.4
        ],
        "harmonic_acc": 49.87,
        "base_avg_acc": 77.32,
        "inc_avg_acc": 36.8,
        "nll": 4.523438,
        "brier": 0.987793,
        "ece": 0.600114,
        "beta_prior": 0.5,
        "session_beta": 0.41
      }
    }
  ]
}