{
  "dataset": "cub200",
  "trainer": "bimc",
  "seed": 20,
  "runtime_sec": 76.98,
  "acc_list": [
    81.46,
    78.56,
    77.52,
    73.42,
    72.64,
    71.08,
    70.61,
    70.21,
    68.73,
    68.86,
    68.8
  ],
  "task_acc_list": [
    [
      81.46
    ],
    [
      80.52,
      58.42
    ],
    [
      80.83,
      58.78,
      62.72
    ],
    [
      80.59,
      58.42,
      50.52,
      40.6
    ],
    [
      80.24,
      58.06,
      49.48,
      39.93,
      68.33
    ],
    [
      80.2,
      58.06,
      48.78,
      39.26,
      69.0,
      51.01
    ],
    [
      80.27,
      58.06,
      47.39,
      39.93,
      69.0,
      50.34,
      64.24
    ],
    [
      79.99,
      58.06,
      47.39,
      40.27,
      69.33,
      49.66,
      63.19,
      67.68
    ],
    [
      79.99,
      57.71,
      47.39,
      39.93,
      69.0,
      50.0,
      62.15,
      63.97,
      49.49
    ],
    [
      79.85,
      57.35,
      47.04,
      39.6,
      68.67,
      50.0,
      61.46,
      63.3,
      49.49,
      75.35
    ],
    [
      79.92,
      57.35,
      46.34,
      39.93,
      69.0,
      50.34,
      61.81,
      62.29,
      48.81,
      74.31,
      69.0
    ]
  ],
  "task_results": [
    {
      "task_id": 0,
      "elapsed_time_sec": 4.253,
      "metrics": {
        "mean_acc": 81.46,
        "task_acc": [
          81.46
        ],
        "harmonic_acc": 0.0,
        "base_avg_acc": 81.46,
        "inc_avg_acc": 0.0,
        "nll": 4.468788,
        "brier": 0.987095,
        "ece": 0.803103,
        "beta_prior": 0.0
      }
    },
    {
      "task_id": 1,
      "elapsed_time_sec": 4.523,
      "metrics": {
        "mean_acc": 78.56,
        "task_acc": [
          80.52,
          58.42
        ],
        "harmonic_acc": 67.71,
        "base_avg_acc": 80.52,
        "inc_avg_acc": 58.42,
        "nll": 4.563333,
        "brier": 0.988252,
        "ece": 0.775095,
        "beta_prior": 0.0
      }
    },
    {
      "task_id": 2,
      "elapsed_time_sec": 4.915,
      "metrics": {
        "mean_acc": 77.52,
        "task_acc": [
          80.83,
          58.78,
          62.72
        ],
        "harmonic_acc": 69.37,
        "base_avg_acc": 80.83,
        "inc_avg_acc": 60.75,
        "nll": 4.650544,
        "brier": 0.989234,
        "ece": 0.765629,
        "beta_prior": 0.0
      }
    },
    {
      "task_id": 3,
      "elapsed_time_sec": 5.306,
      "metrics": {
        "mean_acc": 73.42,
        "task_acc": [
          80.59,
          58.42,
          50.52,
          40.6
        ],
        "harmonic_acc": 61.6,
        "base_avg_acc": 80.59,
        "inc_avg_acc": 49.85,
        "nll": 4.730548,
        "brier": 0.990062,
        "ece": 0.725315,
        "beta_prior": 0.0
      }
    },
    {
      "task_id": 4,
      "elapsed_time_sec": 5.738,
      "metrics": {
        "mean_acc": 72.64,
        "task_acc": [
          80.24,
          58.06,
          49.48,
          39.93,
          68.33
        ],
        "harmonic_acc": 64.52,
        "base_avg_acc": 80.24,
        "inc_avg_acc": 53.95,
        "nll": 4.806031,
        "brier": 0.990793,
        "ece": 0.7182,
        "beta_prior": 0.0
      }
    },
    {
      "task_id": 5,
      "elapsed_time_sec": 6.129,
      "metrics": {
        "mean_acc": 71.08,
        "task_acc": [
          80.2,
          58.06,
          48.78,
          39.26,
          69.0,
          51.01
        ],
        "harmonic_acc": 63.98,
        "base_avg_acc": 80.2,
        "inc_avg_acc": 53.22,
        "nll": 4.875449,
        "brier": 0.991413,
        "ece": 0.703153,
        "beta_prior": 0.0
      }
    },
    {
      "task_id": 6,
      "elapsed_time_sec": 6.574,
      "metrics": {
        "mean_acc": 70.61,
        "task_acc": [
          80.27,
          58.06,
          47.39,
          39.93,
          69.0,
          50.34,
          64.24
        ],
        "harmonic_acc": 65.15,
        "base_avg_acc": 80.27,
        "inc_avg_acc": 54.83,
        "nll": 4.941874,
        "brier": 0.991977,
        "ece": 0.698938,
        "beta_prior": 0.0
      }
    },
    {
      "task_id": 7,
      "elapsed_time_sec": 6.975,
      "metrics": {
        "mean_acc": 70.21,
        "task_acc": [
          79.99,
          58.06,
          47.39,
          40.27,
          69.33,
          49.66,
          63.19,
          67.68
        ],
        "harmonic_acc": 66.23,
        "base_avg_acc": 79.99,
        "inc_avg_acc": 56.51,
        "nll": 5.003583,
        "brier": 0.992463,
        "ece": 0.695352,
        "beta_prior": 0.0
      }
    },
    {
      "task_id": 8,
      "elapsed_time_sec": 7.381,
      "metrics": {
        "mean_acc": 68.73,
        "task_acc": [
          79.99,
          57.71,
          47.39,
          39.93,
          69.0,
          50.0,
          62.15,
          63.97,
          49.49
        ],
        "harmonic_acc": 65.15,
        "base_avg_acc": 79.99,
        "inc_avg_acc": 54.96,
        "nll": 5.062216,
        "brier": 0.9929,
        "ece": 0.680921,
        "beta_prior": 0.0
      }
    },
    {
      "task_id": 9,
      "elapsed_time_sec": 7.787,
      "metrics": {
        "mean_acc": 68.86,
        "task_acc": [
          79.85,
          57.35,
          47.04,
          39.6,
          68.67,
          50.0,
          61.46,
          63.3,
          49.49,
          75.35
        ],
        "harmonic_acc": 66.46,
        "base_avg_acc": 79.85,
        "inc_avg_acc": 56.92,
        "nll": 5.1157,
        "brier": 0.993266,
        "ece": 0.682538,
        "beta_prior": 0.0
      }
    },
    {
      "task_id": 10,
      "elapsed_time_sec": 8.258,
      "metrics": {
        "mean_acc": 68.8,
        "task_acc": [
          79.92,
          57.35,
          46.34,
          39.93,
          69.0,
          50.34,
          61.81,
          62.29,
          48.81,
          74.31,
          69.0
        ],
        "harmonic_acc": 67.16,
        "base_avg_acc": 79.92,
        "inc_avg_acc": 57.92,
        "nll": 5.167829,
        "brier": 0.993612,
        "ece": 0.682227,
        "beta_prior": 0.0
      }
    }
  ]
}