{
  "dataset": "cub200",
  "trainer": "bimc",
  "seed": 19,
  "runtime_sec": 76.808,
  "acc_list": [
    82.23,
    80.31,
    78.95,
    76.23,
    75.72,
    74.83,
    74.47,
    73.45,
    72.49,
    72.55,
    72.42
  ],
  "task_acc_list": [
    [
      82.23
    ],
    [
      81.35,
      69.53
    ],
    [
      81.28,
      68.82,
      65.51
    ],
    [
      81.08,
      68.82,
      57.49,
      54.7
    ],
    [
      80.8,
      68.1,
      54.7,
      52.35,
      77.67
    ],
    [
      80.48,
      68.46,
      55.4,
      53.36,
      77.67,
      63.76
    ],
    [
      80.17,
      68.82,
      55.4,
      52.68,
      77.67,
      64.43,
      71.88
    ],
    [
      79.92,
      68.82,
      55.05,
      52.68,
      78.0,
      63.42,
      71.18,
      61.62
    ],
    [
      79.82,
      68.46,
      55.05,
      53.36,
      78.0,
      63.42,
      68.4,
      57.58,
      64.07
    ],
    [
      79.82,
      68.82,
      56.1,
      52.68,
      77.67,
      63.42,
      68.75,
      57.24,
      62.71,
      74.65
    ],
    [
      79.75,
      68.1,
      56.1,
      52.01,
      77.67,
      63.42,
      68.4,
      55.22,
      61.36,
      72.92,
      77.33
    ]
  ],
  "task_results": [
    {
      "task_id": 0,
      "elapsed_time_sec": 4.234,
      "metrics": {
        "mean_acc": 82.23,
        "task_acc": [
          82.23
        ],
        "harmonic_acc": 0.0,
        "base_avg_acc": 82.23,
        "inc_avg_acc": 0.0,
        "nll": 4.448106,
        "brier": 0.986622,
        "ece": 0.810544,
        "beta_prior": 0.3
      }
    },
    {
      "task_id": 1,
      "elapsed_time_sec": 4.481,
      "metrics": {
        "mean_acc": 80.31,
        "task_acc": [
          81.35,
          69.53
        ],
        "harmonic_acc": 74.98,
        "base_avg_acc": 81.35,
        "inc_avg_acc": 69.53,
        "nll": 4.543601,
        "brier": 0.987842,
        "ece": 0.792388,
        "beta_prior": 0.3
      }
    },
    {
      "task_id": 2,
      "elapsed_time_sec": 4.881,
      "metrics": {
        "mean_acc": 78.95,
        "task_acc": [
          81.28,
          68.82,
          65.51
        ],
        "harmonic_acc": 73.55,
        "base_avg_acc": 81.28,
        "inc_avg_acc": 67.16,
        "nll": 4.631271,
        "brier": 0.988867,
        "ece": 0.779731,
        "beta_prior": 0.3
      }
    },
    {
      "task_id": 3,
      "elapsed_time_sec": 5.284,
      "metrics": {
        "mean_acc": 76.23,
        "task_acc": [
          81.08,
          68.82,
          57.49,
          54.7
        ],
        "harmonic_acc": 69.19,
        "base_avg_acc": 81.08,
        "inc_avg_acc": 60.34,
        "nll": 4.711966,
        "brier": 0.989736,
        "ece": 0.753319,
        "beta_prior": 0.3
      }
    },
    {
      "task_id": 4,
      "elapsed_time_sec": 5.73,
      "metrics": {
        "mean_acc": 75.72,
        "task_acc": [
          80.8,
          68.1,
          54.7,
          52.35,
          77.67
        ],
        "harmonic_acc": 70.93,
        "base_avg_acc": 80.8,
        "inc_avg_acc": 63.2,
        "nll": 4.787201,
        "brier": 0.990487,
        "ece": 0.748833,
        "beta_prior": 0.3
      }
    },
    {
      "task_id": 5,
      "elapsed_time_sec": 6.087,
      "metrics": {
        "mean_acc": 74.83,
        "task_acc": [
          80.48,
          68.46,
          55.4,
          53.36,
          77.67,
          63.76
        ],
        "harmonic_acc": 71.13,
        "base_avg_acc": 80.48,
        "inc_avg_acc": 63.73,
        "nll": 4.85671,
        "brier": 0.991129,
        "ece": 0.74046,
        "beta_prior": 0.3
      }
    },
    {
      "task_id": 6,
      "elapsed_time_sec": 6.533,
      "metrics": {
        "mean_acc": 74.47,
        "task_acc": [
          80.17,
          68.82,
          55.4,
          52.68,
          77.67,
          64.43,
          71.88
        ],
        "harmonic_acc": 71.88,
        "base_avg_acc": 80.17,
        "inc_avg_acc": 65.15,
        "nll": 4.923338,
        "brier": 0.991714,
        "ece": 0.737387,
        "beta_prior": 0.3
      }
    },
    {
      "task_id": 7,
      "elapsed_time_sec": 6.925,
      "metrics": {
        "mean_acc": 73.45,
        "task_acc": [
          79.92,
          68.82,
          55.05,
          52.68,
          78.0,
          63.42,
          71.18,
          61.62
        ],
        "harmonic_acc": 71.32,
        "base_avg_acc": 79.92,
        "inc_avg_acc": 64.4,
        "nll": 4.985675,
        "brier": 0.992224,
        "ece": 0.727611,
        "beta_prior": 0.3
      }
    },
    {
      "task_id": 8,
      "elapsed_time_sec": 7.36,
      "metrics": {
        "mean_acc": 72.49,
        "task_acc": [
          79.82,
          68.46,
          55.05,
          53.36,
          78.0,
          63.42,
          68.4,
          57.58,
          64.07
        ],
        "harmonic_acc": 70.76,
        "base_avg_acc": 79.82,
        "inc_avg_acc": 63.54,
        "nll": 5.044355,
        "brier": 0.992676,
        "ece": 0.71846,
        "beta_prior": 0.3
      }
    },
    {
      "task_id": 9,
      "elapsed_time_sec": 7.738,
      "metrics": {
        "mean_acc": 72.55,
        "task_acc": [
          79.82,
          68.82,
          56.1,
          52.68,
          77.67,
          63.42,
          68.75,
          57.24,
          62.71,
          74.65
        ],
        "harmonic_acc": 71.45,
        "base_avg_acc": 79.82,
        "inc_avg_acc": 64.67,
        "nll": 5.09834,
        "brier": 0.99306,
        "ece": 0.719386,
        "beta_prior": 0.3
      }
    },
    {
      "task_id": 10,
      "elapsed_time_sec": 8.181,
      "metrics": {
        "mean_acc": 72.42,
        "task_acc": [
          79.75,
          68.1,
          56.1,
          52.01,
          77.67,
          63.42,
          68.4,
          55.22,
          61.36,
          72.92,
          77.33
        ],
        "harmonic_acc": 71.78,
        "base_avg_acc": 79.75,
        "inc_avg_acc": 65.25,
        "nll": 5.150406,
        "brier": 0.993415,
        "ece": 0.718376,
        "beta_prior": 0.3
      }
    }
  ]
}