{
  "baseline": {
    "full": {
      "base_acc": 96.3,
      "correct_count": 9347,
      "full_acc": 93.47,
      "novel_acc": 89.225
    },
    "visual": {
      "base_acc": 95.283,
      "correct_count": 9191,
      "full_acc": 91.91,
      "novel_acc": 86.85
    }
  },
  "completed_at": "2026-05-19T01:42:18+06:00",
  "data_cfg": "configs/datasets/miniimagenet.yaml",
  "dataset_key": "miniimagenet",
  "dataset_name": "miniimagenet",
  "framework": "tric_dinov2",
  "gains": {
    "mean_full_gain": 0.0,
    "mean_visual_gain": 0.0,
    "refined_full_gain": -0.14,
    "refined_visual_gain": -0.44
  },
  "geometry": {
    "mean_orig_proto_cos": 1.0,
    "mean_refined_vs_mean_cos": 0.988136,
    "mean_refined_vs_orig_cos": 0.988137,
    "novel_basis_rank_max": 3,
    "novel_basis_rank_mean": 3.0,
    "novel_basis_rank_min": 3,
    "novel_class_count": 40,
    "novel_support_count_max": 5,
    "novel_support_count_mean": 5.0,
    "novel_support_count_min": 5,
    "per_class_competitor_cos": {
      "60": 0.276535,
      "61": 0.100882,
      "62": 0.103036,
      "63": 0.227246,
      "64": 0.135997,
      "65": 0.303038,
      "66": 0.122951,
      "67": 0.202996,
      "68": 0.845425,
      "69": 0.139934,
      "70": 0.290997,
      "71": 0.391643,
      "72": 0.182136,
      "73": 0.1122,
      "74": 0.186124,
      "75": 0.213607,
      "76": 0.170861,
      "77": 0.371197,
      "78": 0.208206,
      "79": 0.109136,
      "80": 0.250533,
      "81": 0.155694,
      "82": 0.250533,
      "83": 0.208206,
      "84": 0.463868,
      "85": 0.185308,
      "86": 0.142833,
      "87": 0.140935,
      "88": 0.637442,
      "89": 0.121534,
      "90": 0.496291,
      "91": 0.090195,
      "92": 0.103452,
      "93": 0.087373,
      "94": 0.094717,
      "95": 0.131952,
      "96": 0.256777,
      "97": 0.371197,
      "98": 0.096783,
      "99": 0.078096
    },
    "per_class_mean_to_refined_cos": {
      "60": 0.9895,
      "61": 0.994267,
      "62": 0.987859,
      "63": 0.989671,
      "64": 0.992232,
      "65": 0.977305,
      "66": 0.990084,
      "67": 0.984584,
      "68": 0.987409,
      "69": 0.993991,
      "70": 0.992784,
      "71": 0.992002,
      "72": 0.992137,
      "73": 0.993046,
      "74": 0.990171,
      "75": 0.98624,
      "76": 0.984388,
      "77": 0.993222,
      "78": 0.992187,
      "79": 0.993742,
      "80": 0.984076,
      "81": 0.99429,
      "82": 0.991178,
      "83": 0.992416,
      "84": 0.962246,
      "85": 0.993644,
      "86": 0.992462,
      "87": 0.968218,
      "88": 0.956441,
      "89": 0.991412,
      "90": 0.987983,
      "91": 0.978666,
      "92": 0.993488,
      "93": 0.994167,
      "94": 0.994201,
      "95": 0.994515,
      "96": 0.983676,
      "97": 0.991368,
      "98": 0.989653,
      "99": 0.99454
    },
    "per_class_orig_to_mean_cos": {
      "60": 1.0,
      "61": 1.0,
      "62": 1.0,
      "63": 1.0,
      "64": 1.0,
      "65": 1.0,
      "66": 1.0,
      "67": 1.0,
      "68": 1.0,
      "69": 1.0,
      "70": 1.0,
      "71": 1.0,
      "72": 1.0,
      "73": 1.0,
      "74": 1.0,
      "75": 1.0,
      "76": 1.0,
      "77": 1.0,
      "78": 1.0,
      "79": 1.0,
      "80": 1.0,
      "81": 1.0,
      "82": 1.0,
      "83": 1.0,
      "84": 1.0,
      "85": 1.0,
      "86": 1.0,
      "87": 1.0,
      "88": 1.0,
      "89": 1.0,
      "90": 1.0,
      "91": 1.0,
      "92": 1.0,
      "93": 1.0,
      "94": 1.0,
      "95": 1.0,
      "96": 1.0,
      "97": 1.0,
      "98": 1.0,
      "99": 1.0
    },
    "per_class_total_refine_delta_norm": {
      "60": 0.130341,
      "61": 0.107082,
      "62": 0.104592,
      "63": 0.10624,
      "64": 0.108037,
      "65": 0.115267,
      "66": 0.102628,
      "67": 0.10718,
      "68": 0.126877,
      "69": 0.109111,
      "70": 0.118582,
      "71": 0.111601,
      "72": 0.108895,
      "73": 0.103003,
      "74": 0.1072,
      "75": 0.112304,
      "76": 0.105777,
      "77": 0.115925,
      "78": 0.10376,
      "79": 0.104724,
      "80": 0.112582,
      "81": 0.103522,
      "82": 0.109683,
      "83": 0.109675,
      "84": 0.119223,
      "85": 0.104683,
      "86": 0.110786,
      "87": 0.104115,
      "88": 0.123237,
      "89": 0.108907,
      "90": 0.134202,
      "91": 0.106502,
      "92": 0.103266,
      "93": 0.107006,
      "94": 0.101183,
      "95": 0.102944,
      "96": 0.119868,
      "97": 0.115488,
      "98": 0.104097,
      "99": 0.103406
    },
    "per_class_unique_component_norm": {
      "60": 0.239872,
      "61": 0.092663,
      "62": 0.095283,
      "63": 0.045258,
      "64": 0.063826,
      "65": 0.071361,
      "66": 0.023511,
      "67": 0.095535,
      "68": 0.172484,
      "69": 0.115702,
      "70": 0.090166,
      "71": 0.064911,
      "72": 0.125009,
      "73": 0.088655,
      "74": 0.048022,
      "75": 0.149028,
      "76": 0.081587,
      "77": 0.06552,
      "78": 0.045607,
      "79": 0.085768,
      "80": 0.04102,
      "81": 0.010638,
      "82": 0.047886,
      "83": 0.122871,
      "84": 0.107862,
      "85": 0.08998,
      "86": 0.083186,
      "87": 0.038754,
      "88": 0.037722,
      "89": 0.137213,
      "90": 0.088205,
      "91": 0.142113,
      "92": 0.075182,
      "93": 0.138874,
      "94": 0.06262,
      "95": 0.062732,
      "96": 0.059876,
      "97": 0.159637,
      "98": 0.10592,
      "99": 0.098226
    },
    "shared_energy_ratio": 0.027479,
    "shared_rank_used": 1
  },
  "host": "NDAG-M-Lab",
  "mean_rebuild": {
    "full": {
      "base_acc": 96.3,
      "correct_count": 9347,
      "full_acc": 93.47,
      "novel_acc": 89.225
    },
    "visual": {
      "base_acc": 95.283,
      "correct_count": 9191,
      "full_acc": 91.91,
      "novel_acc": 86.85
    }
  },
  "num_base_classes": 60,
  "num_seen_classes": 100,
  "params": {
    "beta_residual": 0.15,
    "eps": 1e-12,
    "lambda_unique": 0.35,
    "novel_only": true,
    "shared_rank": 1,
    "subspace_rank": 3,
    "weighted_unique": true
  },
  "refined": {
    "full": {
      "base_acc": 96.367,
      "correct_count": 9333,
      "full_acc": 93.33,
      "novel_acc": 88.775
    },
    "visual": {
      "base_acc": 95.417,
      "correct_count": 9147,
      "full_acc": 91.47,
      "novel_acc": 85.55
    }
  },
  "runtime_sec": 317.874,
  "seed": 1,
  "started_at": "2026-05-19T01:37:00+06:00",
  "train_cfg": "configs/trainers/bimc_dino_fusion.yaml"
}