{
  "dataset": "cub200",
  "trainer": "bimc_dino_fusion",
  "seed": 13,
  "runtime_sec": 258.013,
  "acc_list": [
    86.35,
    85.27,
    84.43,
    83.18,
    83.09,
    81.46,
    81.95,
    82.35,
    82.21,
    82.65,
    83.1
  ],
  "task_acc_list": [
    [
      86.35
    ],
    [
      86.1,
      76.7
    ],
    [
      86.1,
      76.7,
      75.26
    ],
    [
      86.1,
      76.7,
      72.47,
      71.48
    ],
    [
      86.03,
      76.7,
      70.73,
      70.81,
      85.0
    ],
    [
      86.0,
      76.7,
      70.73,
      70.81,
      85.0,
      59.73
    ],
    [
      85.93,
      76.7,
      70.73,
      70.81,
      85.0,
      59.73,
      89.93
    ],
    [
      85.89,
      76.7,
      70.73,
      70.81,
      85.0,
      59.73,
      88.54,
      90.24
    ],
    [
      85.89,
      76.7,
      70.73,
      70.81,
      85.0,
      59.4,
      87.5,
      86.87,
      84.75
    ],
    [
      85.86,
      76.7,
      70.73,
      70.81,
      85.0,
      59.4,
      87.5,
      86.87,
      84.75,
      90.97
    ],
    [
      85.86,
      76.7,
      70.73,
      70.81,
      85.0,
      59.06,
      87.5,
      85.19,
      84.41,
      90.97,
      93.67
    ]
  ],
  "task_results": [
    {
      "task_id": 0,
      "elapsed_time_sec": 14.182,
      "metrics": {
        "mean_acc": 86.35,
        "task_acc": [
          86.35
        ],
        "harmonic_acc": 0.0,
        "base_avg_acc": 86.35,
        "inc_avg_acc": 0.0,
        "nll": 0.89055,
        "brier": 0.216717,
        "ece": 0.083843,
        "beta_prior": 0.0
      }
    },
    {
      "task_id": 1,
      "elapsed_time_sec": 15.453,
      "metrics": {
        "mean_acc": 85.27,
        "task_acc": [
          86.1,
          76.7
        ],
        "harmonic_acc": 81.13,
        "base_avg_acc": 86.1,
        "inc_avg_acc": 76.7,
        "nll": 0.931091,
        "brier": 0.233427,
        "ece": 0.091365,
        "beta_prior": 0.0
      }
    },
    {
      "task_id": 2,
      "elapsed_time_sec": 16.869,
      "metrics": {
        "mean_acc": 84.43,
        "task_acc": [
          86.1,
          76.7,
          75.26
        ],
        "harmonic_acc": 80.72,
        "base_avg_acc": 86.1,
        "inc_avg_acc": 75.98,
        "nll": 0.952954,
        "brier": 0.245852,
        "ece": 0.098663,
        "beta_prior": 0.0
      }
    },
    {
      "task_id": 3,
      "elapsed_time_sec": 18.337,
      "metrics": {
        "mean_acc": 83.18,
        "task_acc": [
          86.1,
          76.7,
          72.47,
          71.48
        ],
        "harmonic_acc": 79.33,
        "base_avg_acc": 86.1,
        "inc_avg_acc": 73.55,
        "nll": 1.03279,
        "brier": 0.266756,
        "ece": 0.106596,
        "beta_prior": 0.0
      }
    },
    {
      "task_id": 4,
      "elapsed_time_sec": 19.803,
      "metrics": {
        "mean_acc": 83.09,
        "task_acc": [
          86.03,
          76.7,
          70.73,
          70.81,
          85.0
        ],
        "harmonic_acc": 80.6,
        "base_avg_acc": 86.03,
        "inc_avg_acc": 75.81,
        "nll": 1.053832,
        "brier": 0.267129,
        "ece": 0.107408,
        "beta_prior": 0.0
      }
    },
    {
      "task_id": 5,
      "elapsed_time_sec": 21.392,
      "metrics": {
        "mean_acc": 81.46,
        "task_acc": [
          86.0,
          76.7,
          70.73,
          70.81,
          85.0,
          59.73
        ],
        "harmonic_acc": 78.73,
        "base_avg_acc": 86.0,
        "inc_avg_acc": 72.59,
        "nll": 1.107893,
        "brier": 0.290861,
        "ece": 0.116518,
        "beta_prior": 0.0
      }
    },
    {
      "task_id": 6,
      "elapsed_time_sec": 22.775,
      "metrics": {
        "mean_acc": 81.95,
        "task_acc": [
          85.93,
          76.7,
          70.73,
          70.81,
          85.0,
          59.73,
          89.93
        ],
        "harmonic_acc": 80.37,
        "base_avg_acc": 85.93,
        "inc_avg_acc": 75.48,
        "nll": 1.100679,
        "brier": 0.283786,
        "ece": 0.112439,
        "beta_prior": 0.0
      }
    },
    {
      "task_id": 7,
      "elapsed_time_sec": 24.263,
      "metrics": {
        "mean_acc": 82.35,
        "task_acc": [
          85.89,
          76.7,
          70.73,
          70.81,
          85.0,
          59.73,
          88.54,
          90.24
        ],
        "harmonic_acc": 81.42,
        "base_avg_acc": 85.89,
        "inc_avg_acc": 77.39,
        "nll": 1.116727,
        "brier": 0.278643,
        "ece": 0.111056,
        "beta_prior": 0.0
      }
    },
    {
      "task_id": 8,
      "elapsed_time_sec": 25.704,
      "metrics": {
        "mean_acc": 82.21,
        "task_acc": [
          85.89,
          76.7,
          70.73,
          70.81,
          85.0,
          59.4,
          87.5,
          86.87,
          84.75
        ],
        "harmonic_acc": 81.6,
        "base_avg_acc": 85.89,
        "inc_avg_acc": 77.72,
        "nll": 1.144583,
        "brier": 0.279923,
        "ece": 0.112043,
        "beta_prior": 0.0
      }
    },
    {
      "task_id": 9,
      "elapsed_time_sec": 27.135,
      "metrics": {
        "mean_acc": 82.65,
        "task_acc": [
          85.86,
          76.7,
          70.73,
          70.81,
          85.0,
          59.4,
          87.5,
          86.87,
          84.75,
          90.97
        ],
        "harmonic_acc": 82.39,
        "base_avg_acc": 85.86,
        "inc_avg_acc": 79.19,
        "nll": 1.10559,
        "brier": 0.272808,
        "ece": 0.109097,
        "beta_prior": 0.0
      }
    },
    {
      "task_id": 10,
      "elapsed_time_sec": 28.534,
      "metrics": {
        "mean_acc": 83.1,
        "task_acc": [
          85.86,
          76.7,
          70.73,
          70.81,
          85.0,
          59.06,
          87.5,
          85.19,
          84.41,
          90.97,
          93.67
        ],
        "harmonic_acc": 83.04,
        "base_avg_acc": 85.86,
        "inc_avg_acc": 80.4,
        "nll": 1.109531,
        "brier": 0.266544,
        "ece": 0.106377,
        "beta_prior": 0.0
      }
    }
  ]
}