{
  "dataset": "cub200",
  "trainer": "bimc_dino_fusion_ensemble",
  "seed": 8,
  "runtime_sec": 251.651,
  "acc_list": [
    88.16,
    86.61,
    85.63,
    84.71,
    84.71,
    83.59,
    83.77,
    84.18,
    84.27,
    84.86,
    85.21
  ],
  "task_acc_list": [
    [
      88.16
    ],
    [
      88.23,
      69.89
    ],
    [
      88.27,
      69.89,
      74.56
    ],
    [
      88.2,
      69.89,
      71.78,
      77.52
    ],
    [
      88.16,
      69.89,
      71.43,
      77.52,
      85.33
    ],
    [
      88.16,
      69.89,
      71.08,
      77.52,
      85.33,
      68.79
    ],
    [
      88.06,
      69.53,
      71.08,
      77.52,
      85.33,
      68.46,
      88.19
    ],
    [
      87.99,
      69.53,
      71.08,
      77.52,
      85.33,
      68.46,
      88.19,
      91.25
    ],
    [
      87.99,
      69.53,
      71.08,
      77.52,
      85.33,
      68.46,
      87.15,
      88.89,
      89.15
    ],
    [
      87.99,
      69.53,
      71.08,
      77.52,
      85.33,
      68.46,
      87.15,
      88.89,
      89.15,
      95.49
    ],
    [
      87.95,
      69.53,
      71.08,
      77.52,
      85.33,
      68.46,
      87.15,
      88.89,
      89.15,
      95.49,
      92.0
    ]
  ],
  "task_results": [
    {
      "task_id": 0,
      "elapsed_time_sec": 13.789,
      "metrics": {
        "mean_acc": 88.16,
        "task_acc": [
          88.16
        ],
        "harmonic_acc": 0.0,
        "base_avg_acc": 88.16,
        "inc_avg_acc": 0.0,
        "nll": 0.547428,
        "brier": 0.183482,
        "ece": 0.044411,
        "beta_prior": 0.3
      }
    },
    {
      "task_id": 1,
      "elapsed_time_sec": 15.143,
      "metrics": {
        "mean_acc": 86.61,
        "task_acc": [
          88.23,
          69.89
        ],
        "harmonic_acc": 78.0,
        "base_avg_acc": 88.23,
        "inc_avg_acc": 69.89,
        "nll": 0.604089,
        "brier": 0.206325,
        "ece": 0.039213,
        "beta_prior": 0.3
      }
    },
    {
      "task_id": 2,
      "elapsed_time_sec": 16.464,
      "metrics": {
        "mean_acc": 85.63,
        "task_acc": [
          88.27,
          69.89,
          74.56
        ],
        "harmonic_acc": 79.45,
        "base_avg_acc": 88.27,
        "inc_avg_acc": 72.22,
        "nll": 0.644088,
        "brier": 0.219492,
        "ece": 0.039828,
        "beta_prior": 0.3
      }
    },
    {
      "task_id": 3,
      "elapsed_time_sec": 17.862,
      "metrics": {
        "mean_acc": 84.71,
        "task_acc": [
          88.2,
          69.89,
          71.78,
          77.52
        ],
        "harmonic_acc": 79.92,
        "base_avg_acc": 88.2,
        "inc_avg_acc": 73.06,
        "nll": 0.688818,
        "brier": 0.232244,
        "ece": 0.045135,
        "beta_prior": 0.3
      }
    },
    {
      "task_id": 4,
      "elapsed_time_sec": 19.301,
      "metrics": {
        "mean_acc": 84.71,
        "task_acc": [
          88.16,
          69.89,
          71.43,
          77.52,
          85.33
        ],
        "harmonic_acc": 81.65,
        "base_avg_acc": 88.16,
        "inc_avg_acc": 76.04,
        "nll": 0.694095,
        "brier": 0.232497,
        "ece": 0.045928,
        "beta_prior": 0.3
      }
    },
    {
      "task_id": 5,
      "elapsed_time_sec": 20.738,
      "metrics": {
        "mean_acc": 83.59,
        "task_acc": [
          88.16,
          69.89,
          71.08,
          77.52,
          85.33,
          68.79
        ],
        "harmonic_acc": 80.77,
        "base_avg_acc": 88.16,
        "inc_avg_acc": 74.52,
        "nll": 0.733456,
        "brier": 0.246968,
        "ece": 0.042301,
        "beta_prior": 0.3
      }
    },
    {
      "task_id": 6,
      "elapsed_time_sec": 22.201,
      "metrics": {
        "mean_acc": 83.77,
        "task_acc": [
          88.06,
          69.53,
          71.08,
          77.52,
          85.33,
          68.46,
          88.19
        ],
        "harmonic_acc": 81.98,
        "base_avg_acc": 88.06,
        "inc_avg_acc": 76.68,
        "nll": 0.737783,
        "brier": 0.244081,
        "ece": 0.047303,
        "beta_prior": 0.3
      }
    },
    {
      "task_id": 7,
      "elapsed_time_sec": 23.667,
      "metrics": {
        "mean_acc": 84.18,
        "task_acc": [
          87.99,
          69.53,
          71.08,
          77.52,
          85.33,
          68.46,
          88.19,
          91.25
        ],
        "harmonic_acc": 83.12,
        "base_avg_acc": 87.99,
        "inc_avg_acc": 78.77,
        "nll": 0.73526,
        "brier": 0.238203,
        "ece": 0.052093,
        "beta_prior": 0.3
      }
    },
    {
      "task_id": 8,
      "elapsed_time_sec": 25.118,
      "metrics": {
        "mean_acc": 84.27,
        "task_acc": [
          87.99,
          69.53,
          71.08,
          77.52,
          85.33,
          68.46,
          87.15,
          88.89,
          89.15
        ],
        "harmonic_acc": 83.61,
        "base_avg_acc": 87.99,
        "inc_avg_acc": 79.64,
        "nll": 0.745359,
        "brier": 0.238299,
        "ece": 0.053173,
        "beta_prior": 0.3
      }
    },
    {
      "task_id": 9,
      "elapsed_time_sec": 26.315,
      "metrics": {
        "mean_acc": 84.86,
        "task_acc": [
          87.99,
          69.53,
          71.08,
          77.52,
          85.33,
          68.46,
          87.15,
          88.89,
          89.15,
          95.49
        ],
        "harmonic_acc": 84.57,
        "base_avg_acc": 87.99,
        "inc_avg_acc": 81.4,
        "nll": 0.731547,
        "brier": 0.231976,
        "ece": 0.051348,
        "beta_prior": 0.3
      }
    },
    {
      "task_id": 10,
      "elapsed_time_sec": 27.903,
      "metrics": {
        "mean_acc": 85.21,
        "task_acc": [
          87.95,
          69.53,
          71.08,
          77.52,
          85.33,
          68.46,
          87.15,
          88.89,
          89.15,
          95.49,
          92.0
        ],
        "harmonic_acc": 85.12,
        "base_avg_acc": 87.95,
        "inc_avg_acc": 82.46,
        "nll": 0.72893,
        "brier": 0.228237,
        "ece": 0.052748,
        "beta_prior": 0.3
      }
    }
  ]
}