{
  "dataset": "cub200",
  "trainer": "bimc_ensemble",
  "seed": 20,
  "runtime_sec": 76.4,
  "acc_list": [
    83.03,
    80.88,
    80.03,
    76.39,
    76.09,
    75.24,
    74.82,
    74.65,
    73.72,
    73.92,
    73.8
  ],
  "task_acc_list": [
    [
      83.03
    ],
    [
      81.18,
      77.78
    ],
    [
      80.97,
      75.99,
      74.56
    ],
    [
      80.76,
      74.91,
      60.63,
      51.01
    ],
    [
      80.06,
      75.27,
      59.93,
      50.67,
      79.67
    ],
    [
      79.78,
      73.48,
      59.93,
      50.0,
      79.67,
      68.79
    ],
    [
      79.29,
      73.12,
      59.23,
      50.0,
      80.33,
      67.45,
      75.0
    ],
    [
      79.26,
      73.12,
      59.58,
      49.33,
      80.67,
      67.11,
      75.35,
      72.39
    ],
    [
      79.05,
      73.84,
      59.58,
      50.34,
      79.67,
      67.45,
      71.18,
      67.0,
      68.81
    ],
    [
      78.98,
      73.48,
      59.58,
      49.66,
      80.33,
      67.79,
      72.22,
      66.67,
      67.8,
      78.47
    ],
    [
      78.88,
      72.4,
      58.89,
      49.66,
      80.67,
      67.11,
      71.53,
      64.65,
      67.46,
      77.78,
      78.33
    ]
  ],
  "task_results": [
    {
      "task_id": 0,
      "elapsed_time_sec": 4.236,
      "metrics": {
        "mean_acc": 83.03,
        "task_acc": [
          83.03
        ],
        "harmonic_acc": 0.0,
        "base_avg_acc": 83.03,
        "inc_avg_acc": 0.0,
        "nll": 4.462525,
        "brier": 0.986949,
        "ece": 0.818744,
        "beta_prior": 0.3
      }
    },
    {
      "task_id": 1,
      "elapsed_time_sec": 4.487,
      "metrics": {
        "mean_acc": 80.88,
        "task_acc": [
          81.18,
          77.78
        ],
        "harmonic_acc": 79.44,
        "base_avg_acc": 81.18,
        "inc_avg_acc": 77.78,
        "nll": 4.558912,
        "brier": 0.988158,
        "ece": 0.798279,
        "beta_prior": 0.3
      }
    },
    {
      "task_id": 2,
      "elapsed_time_sec": 4.87,
      "metrics": {
        "mean_acc": 80.03,
        "task_acc": [
          80.97,
          75.99,
          74.56
        ],
        "harmonic_acc": 78.02,
        "base_avg_acc": 80.97,
        "inc_avg_acc": 75.28,
        "nll": 4.64595,
        "brier": 0.989145,
        "ece": 0.790663,
        "beta_prior": 0.3
      }
    },
    {
      "task_id": 3,
      "elapsed_time_sec": 5.267,
      "metrics": {
        "mean_acc": 76.39,
        "task_acc": [
          80.76,
          74.91,
          60.63,
          51.01
        ],
        "harmonic_acc": 70.26,
        "base_avg_acc": 80.76,
        "inc_avg_acc": 62.18,
        "nll": 4.726084,
        "brier": 0.989983,
        "ece": 0.755057,
        "beta_prior": 0.3
      }
    },
    {
      "task_id": 4,
      "elapsed_time_sec": 5.688,
      "metrics": {
        "mean_acc": 76.09,
        "task_acc": [
          80.06,
          75.27,
          59.93,
          50.67,
          79.67
        ],
        "harmonic_acc": 72.58,
        "base_avg_acc": 80.06,
        "inc_avg_acc": 66.39,
        "nll": 4.800979,
        "brier": 0.990711,
        "ece": 0.752673,
        "beta_prior": 0.3
      }
    },
    {
      "task_id": 5,
      "elapsed_time_sec": 6.079,
      "metrics": {
        "mean_acc": 75.24,
        "task_acc": [
          79.78,
          73.48,
          59.93,
          50.0,
          79.67,
          68.79
        ],
        "harmonic_acc": 72.46,
        "base_avg_acc": 79.78,
        "inc_avg_acc": 66.37,
        "nll": 4.8697,
        "brier": 0.991326,
        "ece": 0.744725,
        "beta_prior": 0.3
      }
    },
    {
      "task_id": 6,
      "elapsed_time_sec": 6.49,
      "metrics": {
        "mean_acc": 74.82,
        "task_acc": [
          79.29,
          73.12,
          59.23,
          50.0,
          80.33,
          67.45,
          75.0
        ],
        "harmonic_acc": 72.93,
        "base_avg_acc": 79.29,
        "inc_avg_acc": 67.52,
        "nll": 4.935721,
        "brier": 0.99189,
        "ece": 0.740947,
        "beta_prior": 0.3
      }
    },
    {
      "task_id": 7,
      "elapsed_time_sec": 6.906,
      "metrics": {
        "mean_acc": 74.65,
        "task_acc": [
          79.26,
          73.12,
          59.58,
          49.33,
          80.67,
          67.11,
          75.35,
          72.39
        ],
        "harmonic_acc": 73.33,
        "base_avg_acc": 79.26,
        "inc_avg_acc": 68.22,
        "nll": 4.997144,
        "brier": 0.992377,
        "ece": 0.739706,
        "beta_prior": 0.3
      }
    },
    {
      "task_id": 8,
      "elapsed_time_sec": 7.323,
      "metrics": {
        "mean_acc": 73.72,
        "task_acc": [
          79.05,
          73.84,
          59.58,
          50.34,
          79.67,
          67.45,
          71.18,
          67.0,
          68.81
        ],
        "harmonic_acc": 72.66,
        "base_avg_acc": 79.05,
        "inc_avg_acc": 67.23,
        "nll": 5.055396,
        "brier": 0.992815,
        "ece": 0.730827,
        "beta_prior": 0.3
      }
    },
    {
      "task_id": 9,
      "elapsed_time_sec": 7.721,
      "metrics": {
        "mean_acc": 73.92,
        "task_acc": [
          78.98,
          73.48,
          59.58,
          49.66,
          80.33,
          67.79,
          72.22,
          66.67,
          67.8,
          78.47
        ],
        "harmonic_acc": 73.34,
        "base_avg_acc": 78.98,
        "inc_avg_acc": 68.44,
        "nll": 5.109026,
        "brier": 0.993187,
        "ece": 0.733105,
        "beta_prior": 0.3
      }
    },
    {
      "task_id": 10,
      "elapsed_time_sec": 8.164,
      "metrics": {
        "mean_acc": 73.8,
        "task_acc": [
          78.88,
          72.4,
          58.89,
          49.66,
          80.67,
          67.11,
          71.53,
          64.65,
          67.46,
          77.78,
          78.33
        ],
        "harmonic_acc": 73.52,
        "base_avg_acc": 78.88,
        "inc_avg_acc": 68.85,
        "nll": 5.160685,
        "brier": 0.993532,
        "ece": 0.732245,
        "beta_prior": 0.3
      }
    }
  ]
}