{
  "dataset": "cub200",
  "trainer": "bimc_ensemble",
  "seed": 8,
  "runtime_sec": 75.902,
  "acc_list": [
    83.03,
    80.91,
    79.48,
    76.61,
    75.77,
    74.6,
    73.86,
    73.67,
    72.47,
    72.5,
    72.66
  ],
  "task_acc_list": [
    [
      83.03
    ],
    [
      81.22,
      77.78
    ],
    [
      80.9,
      77.06,
      67.6
    ],
    [
      80.73,
      75.99,
      57.14,
      56.38
    ],
    [
      80.2,
      75.99,
      55.75,
      52.68,
      75.33
    ],
    [
      79.96,
      73.12,
      55.75,
      52.68,
      74.0,
      65.1
    ],
    [
      79.36,
      72.04,
      54.7,
      53.69,
      74.33,
      64.77,
      69.79
    ],
    [
      79.16,
      72.04,
      54.7,
      52.68,
      74.33,
      64.77,
      67.01,
      76.43
    ],
    [
      79.43,
      70.97,
      54.7,
      52.68,
      74.33,
      64.77,
      64.93,
      68.35,
      61.02
    ],
    [
      78.88,
      72.04,
      55.05,
      53.02,
      75.0,
      64.77,
      65.28,
      68.01,
      59.66,
      77.43
    ],
    [
      79.09,
      69.53,
      54.36,
      52.01,
      74.67,
      64.09,
      64.93,
      66.67,
      58.98,
      78.47,
      80.0
    ]
  ],
  "task_results": [
    {
      "task_id": 0,
      "elapsed_time_sec": 4.208,
      "metrics": {
        "mean_acc": 83.03,
        "task_acc": [
          83.03
        ],
        "harmonic_acc": 0.0,
        "base_avg_acc": 83.03,
        "inc_avg_acc": 0.0,
        "nll": 4.462525,
        "brier": 0.986949,
        "ece": 0.818744,
        "beta_prior": 0.3
      }
    },
    {
      "task_id": 1,
      "elapsed_time_sec": 4.453,
      "metrics": {
        "mean_acc": 80.91,
        "task_acc": [
          81.22,
          77.78
        ],
        "harmonic_acc": 79.46,
        "base_avg_acc": 81.22,
        "inc_avg_acc": 77.78,
        "nll": 4.558633,
        "brier": 0.988152,
        "ece": 0.798595,
        "beta_prior": 0.3
      }
    },
    {
      "task_id": 2,
      "elapsed_time_sec": 4.848,
      "metrics": {
        "mean_acc": 79.48,
        "task_acc": [
          80.9,
          77.06,
          67.6
        ],
        "harmonic_acc": 76.38,
        "base_avg_acc": 80.9,
        "inc_avg_acc": 72.33,
        "nll": 4.6457,
        "brier": 0.989141,
        "ece": 0.785121,
        "beta_prior": 0.3
      }
    },
    {
      "task_id": 3,
      "elapsed_time_sec": 5.225,
      "metrics": {
        "mean_acc": 76.61,
        "task_acc": [
          80.73,
          75.99,
          57.14,
          56.38
        ],
        "harmonic_acc": 70.88,
        "base_avg_acc": 80.73,
        "inc_avg_acc": 63.17,
        "nll": 4.72582,
        "brier": 0.989979,
        "ece": 0.757201,
        "beta_prior": 0.3
      }
    },
    {
      "task_id": 4,
      "elapsed_time_sec": 5.633,
      "metrics": {
        "mean_acc": 75.77,
        "task_acc": [
          80.2,
          75.99,
          55.75,
          52.68,
          75.33
        ],
        "harmonic_acc": 71.77,
        "base_avg_acc": 80.2,
        "inc_avg_acc": 64.94,
        "nll": 4.800556,
        "brier": 0.990704,
        "ece": 0.749442,
        "beta_prior": 0.3
      }
    },
    {
      "task_id": 5,
      "elapsed_time_sec": 6.055,
      "metrics": {
        "mean_acc": 74.6,
        "task_acc": [
          79.96,
          73.12,
          55.75,
          52.68,
          74.0,
          65.1
        ],
        "harmonic_acc": 71.18,
        "base_avg_acc": 79.96,
        "inc_avg_acc": 64.13,
        "nll": 4.869269,
        "brier": 0.99132,
        "ece": 0.738249,
        "beta_prior": 0.3
      }
    },
    {
      "task_id": 6,
      "elapsed_time_sec": 6.457,
      "metrics": {
        "mean_acc": 73.86,
        "task_acc": [
          79.36,
          72.04,
          54.7,
          53.69,
          74.33,
          64.77,
          69.79
        ],
        "harmonic_acc": 71.4,
        "base_avg_acc": 79.36,
        "inc_avg_acc": 64.89,
        "nll": 4.935294,
        "brier": 0.991884,
        "ece": 0.731407,
        "beta_prior": 0.3
      }
    },
    {
      "task_id": 7,
      "elapsed_time_sec": 6.863,
      "metrics": {
        "mean_acc": 73.67,
        "task_acc": [
          79.16,
          72.04,
          54.7,
          52.68,
          74.33,
          64.77,
          67.01,
          76.43
        ],
        "harmonic_acc": 71.98,
        "base_avg_acc": 79.16,
        "inc_avg_acc": 65.99,
        "nll": 4.996906,
        "brier": 0.992374,
        "ece": 0.72993,
        "beta_prior": 0.3
      }
    },
    {
      "task_id": 8,
      "elapsed_time_sec": 7.285,
      "metrics": {
        "mean_acc": 72.47,
        "task_acc": [
          79.43,
          70.97,
          54.7,
          52.68,
          74.33,
          64.77,
          64.93,
          68.35,
          61.02
        ],
        "harmonic_acc": 70.87,
        "base_avg_acc": 79.43,
        "inc_avg_acc": 63.97,
        "nll": 5.055082,
        "brier": 0.992811,
        "ece": 0.718339,
        "beta_prior": 0.3
      }
    },
    {
      "task_id": 9,
      "elapsed_time_sec": 7.679,
      "metrics": {
        "mean_acc": 72.5,
        "task_acc": [
          78.88,
          72.04,
          55.05,
          53.02,
          75.0,
          64.77,
          65.28,
          68.01,
          59.66,
          77.43
        ],
        "harmonic_acc": 71.62,
        "base_avg_acc": 78.88,
        "inc_avg_acc": 65.58,
        "nll": 5.108876,
        "brier": 0.993186,
        "ece": 0.718907,
        "beta_prior": 0.3
      }
    },
    {
      "task_id": 10,
      "elapsed_time_sec": 8.121,
      "metrics": {
        "mean_acc": 72.66,
        "task_acc": [
          79.09,
          69.53,
          54.36,
          52.01,
          74.67,
          64.09,
          64.93,
          66.67,
          58.98,
          78.47,
          80.0
        ],
        "harmonic_acc": 72.17,
        "base_avg_acc": 79.09,
        "inc_avg_acc": 66.37,
        "nll": 5.160466,
        "brier": 0.993529,
        "ece": 0.720853,
        "beta_prior": 0.3
      }
    }
  ]
}