{
  "dataset": "miniimagenet",
  "train_cfg": "configs/trainers/bimc_ensemble.yaml",
  "runtime_sec": 195.389,
  "knn_k": 5,
  "density_k": 5,
  "crowd_k": 5,
  "per_session": [
    {
      "task_id": 0,
      "num_seen_classes": 60,
      "num_base_classes": 60,
      "beta_prior": 0.65,
      "hubness_skew": 2.246650935861474,
      "k_occurrence_gini": 0.2977455555555557,
      "k_occurrence_max_over_mean": 3.885999999999992,
      "base_local_density": 6.6632300586021564,
      "novel_local_density": 0.0,
      "base_novel_density_ratio": 1.0,
      "novel_nearest_base_rate": 0.0,
      "novel_base_neighbor_fraction": 0.0,
      "novel_base_neighbor_excess": 0.0,
      "base_class_prior": 1.0,
      "novel_margin_mean": -1.7473856132710353e-05,
      "novel_margin_median": 0.0,
      "novel_margin_violation_rate": 1.0,
      "novel_margin_severe_rate": 0.0
    },
    {
      "task_id": 1,
      "num_seen_classes": 65,
      "num_base_classes": 60,
      "beta_prior": 0.65,
      "hubness_skew": 2.671560565271306,
      "k_occurrence_gini": 0.2922963313609468,
      "k_occurrence_max_over_mean": 4.241999999999991,
      "base_local_density": 6.6632300586021564,
      "novel_local_density": 5.359770957083424,
      "base_novel_density_ratio": 1.2431930602922672,
      "novel_nearest_base_rate": 1.0,
      "novel_base_neighbor_fraction": 0.8399999737739563,
      "novel_base_neighbor_excess": -0.08307694930296683,
      "base_class_prior": 0.9230769230769231,
      "novel_margin_mean": 0.0015819220570847392,
      "novel_margin_median": 0.0016233529895544052,
      "novel_margin_violation_rate": 0.02800000086426735,
      "novel_margin_severe_rate": 0.0
    },
    {
      "task_id": 2,
      "num_seen_classes": 70,
      "num_base_classes": 60,
      "beta_prior": 0.65,
      "hubness_skew": 2.75269708961419,
      "k_occurrence_gini": 0.28606612244897955,
      "k_occurrence_max_over_mean": 4.203999999999992,
      "base_local_density": 6.6632300586021564,
      "novel_local_density": 5.41478590590855,
      "base_novel_density_ratio": 1.2305620525700414,
      "novel_nearest_base_rate": 0.8999999761581421,
      "novel_base_neighbor_fraction": 0.8600000143051147,
      "novel_base_neighbor_excess": 0.002857157162257651,
      "base_class_prior": 0.8571428571428571,
      "novel_margin_mean": 0.001023283926770091,
      "novel_margin_median": 0.0012096501886844635,
      "novel_margin_violation_rate": 0.17800000309944153,
      "novel_margin_severe_rate": 0.0
    },
    {
      "task_id": 3,
      "num_seen_classes": 75,
      "num_base_classes": 60,
      "beta_prior": 0.65,
      "hubness_skew": 3.0223046356132652,
      "k_occurrence_gini": 0.28310684444444445,
      "k_occurrence_max_over_mean": 4.429999999999991,
      "base_local_density": 6.6632300586021564,
      "novel_local_density": 5.657333630312914,
      "base_novel_density_ratio": 1.1778039786975767,
      "novel_nearest_base_rate": 0.9333333373069763,
      "novel_base_neighbor_fraction": 0.8266666531562805,
      "novel_base_neighbor_excess": 0.026666653156280473,
      "base_class_prior": 0.8,
      "novel_margin_mean": 0.001146821305155754,
      "novel_margin_median": 0.0012703556567430496,
      "novel_margin_violation_rate": 0.07199999690055847,
      "novel_margin_severe_rate": 0.0
    },
    {
      "task_id": 4,
      "num_seen_classes": 80,
      "num_base_classes": 60,
      "beta_prior": 0.65,
      "hubness_skew": 3.1636600725930117,
      "k_occurrence_gini": 0.28403625,
      "k_occurrence_max_over_mean": 4.62999999999999,
      "base_local_density": 6.6632300586021564,
      "novel_local_density": 5.755085496807582,
      "base_novel_density_ratio": 1.1577986221574526,
      "novel_nearest_base_rate": 0.8999999761581421,
      "novel_base_neighbor_fraction": 0.800000011920929,
      "novel_base_neighbor_excess": 0.050000011920928955,
      "base_class_prior": 0.75,
      "novel_margin_mean": 0.0014009337173774838,
      "novel_margin_median": 0.0014599207788705826,
      "novel_margin_violation_rate": 0.03200000151991844,
      "novel_margin_severe_rate": 0.0
    },
    {
      "task_id": 5,
      "num_seen_classes": 85,
      "num_base_classes": 60,
      "beta_prior": 0.65,
      "hubness_skew": 3.2994900597451204,
      "k_occurrence_gini": 0.2732279584775088,
      "k_occurrence_max_over_mean": 4.655999999999991,
      "base_local_density": 6.6632300586021564,
      "novel_local_density": 5.674506138276027,
      "base_novel_density_ratio": 1.1742396423993495,
      "novel_nearest_base_rate": 0.8399999737739563,
      "novel_base_neighbor_fraction": 0.7279999852180481,
      "novel_base_neighbor_excess": 0.02211763227687158,
      "base_class_prior": 0.7058823529411765,
      "novel_margin_mean": 0.0010802889009937644,
      "novel_margin_median": 0.0011464711278676987,
      "novel_margin_violation_rate": 0.03799999877810478,
      "novel_margin_severe_rate": 0.0
    },
    {
      "task_id": 6,
      "num_seen_classes": 90,
      "num_base_classes": 60,
      "beta_prior": 0.65,
      "hubness_skew": 3.257607099795075,
      "k_occurrence_gini": 0.2710918518518519,
      "k_occurrence_max_over_mean": 4.631999999999991,
      "base_local_density": 6.6632300586021564,
      "novel_local_density": 5.64695289459639,
      "base_novel_density_ratio": 1.1799691236982426,
      "novel_nearest_base_rate": 0.7666666507720947,
      "novel_base_neighbor_fraction": 0.6666666865348816,
      "novel_base_neighbor_excess": 1.9868214962137642e-08,
      "base_class_prior": 0.6666666666666666,
      "novel_margin_mean": 0.0007220276747830212,
      "novel_margin_median": 0.0007676118984818459,
      "novel_margin_violation_rate": 0.1120000034570694,
      "novel_margin_severe_rate": 0.0
    },
    {
      "task_id": 7,
      "num_seen_classes": 95,
      "num_base_classes": 60,
      "beta_prior": 0.65,
      "hubness_skew": 3.32351674258471,
      "k_occurrence_gini": 0.2692396675900277,
      "k_occurrence_max_over_mean": 4.71199999999999,
      "base_local_density": 6.6632300586021564,
      "novel_local_density": 5.697092308493775,
      "base_novel_density_ratio": 1.1695843594929944,
      "novel_nearest_base_rate": 0.7142857313156128,
      "novel_base_neighbor_fraction": 0.6628571152687073,
      "novel_base_neighbor_excess": 0.03127816790028626,
      "base_class_prior": 0.631578947368421,
      "novel_margin_mean": 0.0011251685209572315,
      "novel_margin_median": 0.0011572707444429398,
      "novel_margin_violation_rate": 0.019999999552965164,
      "novel_margin_severe_rate": 0.0
    },
    {
      "task_id": 8,
      "num_seen_classes": 100,
      "num_base_classes": 60,
      "beta_prior": 0.65,
      "hubness_skew": 3.2229525339651484,
      "k_occurrence_gini": 0.2775856000000001,
      "k_occurrence_max_over_mean": 4.82999999999999,
      "base_local_density": 6.6632300586021564,
      "novel_local_density": 5.941987087724644,
      "base_novel_density_ratio": 1.12138077047786,
      "novel_nearest_base_rate": 0.75,
      "novel_base_neighbor_fraction": 0.6549999713897705,
      "novel_base_neighbor_excess": 0.05499997138977053,
      "base_class_prior": 0.6,
      "novel_margin_mean": 0.0010153530165553093,
      "novel_margin_median": 0.001085265539586544,
      "novel_margin_violation_rate": 0.03799999877810478,
      "novel_margin_severe_rate": 0.0
    }
  ],
  "kill_switch": {
    "final_metrics": {
      "task_id": 8,
      "num_seen_classes": 100,
      "num_base_classes": 60,
      "beta_prior": 0.65,
      "hubness_skew": 3.2229525339651484,
      "k_occurrence_gini": 0.2775856000000001,
      "k_occurrence_max_over_mean": 4.82999999999999,
      "base_local_density": 6.6632300586021564,
      "novel_local_density": 5.941987087724644,
      "base_novel_density_ratio": 1.12138077047786,
      "novel_nearest_base_rate": 0.75,
      "novel_base_neighbor_fraction": 0.6549999713897705,
      "novel_base_neighbor_excess": 0.05499997138977053,