{
  "dataset": "cub200",
  "trainer": "bimc_ensemble",
  "seed": 12,
  "runtime_sec": 76.209,
  "acc_list": [
    83.03,
    80.97,
    79.13,
    76.07,
    75.72,
    74.64,
    74.08,
    73.77,
    72.57,
    72.52,
    72.49
  ],
  "task_acc_list": [
    [
      83.03
    ],
    [
      81.39,
      76.7
    ],
    [
      80.73,
      76.34,
      65.85
    ],
    [
      80.41,
      74.91,
      56.79,
      54.03
    ],
    [
      79.85,
      74.91,
      56.45,
      55.03,
      76.0
    ],
    [
      79.78,
      72.76,
      56.79,
      53.02,
      76.0,
      64.43
    ],
    [
      78.77,
      72.4,
      56.1,
      53.02,
      75.67,
      64.43,
      77.08
    ],
    [
      78.77,
      72.04,
      56.1,
      52.68,
      75.67,
      64.09,
      73.61,
      73.4
    ],
    [
      78.81,
      72.04,
      55.75,
      53.36,
      75.33,
      64.09,
      70.14,
      60.27,
      68.81
    ],
    [
      78.53,
      72.76,
      55.75,
      53.02,
      75.67,
      63.76,
      68.75,
      59.93,
      65.08,
      79.51
    ],
    [
      78.56,
      71.33,
      55.4,
      52.01,
      75.67,
      63.76,
      68.75,
      58.59,
      64.75,
      78.82,
      76.67
    ]
  ],
  "task_results": [
    {
      "task_id": 0,
      "elapsed_time_sec": 4.22,
      "metrics": {
        "mean_acc": 83.03,
        "task_acc": [
          83.03
        ],
        "harmonic_acc": 0.0,
        "base_avg_acc": 83.03,
        "inc_avg_acc": 0.0,
        "nll": 4.462525,
        "brier": 0.986949,
        "ece": 0.818744,
        "beta_prior": 0.3
      }
    },
    {
      "task_id": 1,
      "elapsed_time_sec": 4.466,
      "metrics": {
        "mean_acc": 80.97,
        "task_acc": [
          81.39,
          76.7
        ],
        "harmonic_acc": 78.98,
        "base_avg_acc": 81.39,
        "inc_avg_acc": 76.7,
        "nll": 4.558751,
        "brier": 0.988155,
        "ece": 0.799231,
        "beta_prior": 0.3
      }
    },
    {
      "task_id": 2,
      "elapsed_time_sec": 4.86,
      "metrics": {
        "mean_acc": 79.13,
        "task_acc": [
          80.73,
          76.34,
          65.85
        ],
        "harmonic_acc": 75.61,
        "base_avg_acc": 80.73,
        "inc_avg_acc": 71.1,
        "nll": 4.645809,
        "brier": 0.989143,
        "ece": 0.781623,
        "beta_prior": 0.3
      }
    },
    {
      "task_id": 3,
      "elapsed_time_sec": 5.247,
      "metrics": {
        "mean_acc": 76.07,
        "task_acc": [
          80.41,
          74.91,
          56.79,
          54.03
        ],
        "harmonic_acc": 69.96,
        "base_avg_acc": 80.41,
        "inc_avg_acc": 61.91,
        "nll": 4.726073,
        "brier": 0.989983,
        "ece": 0.751838,
        "beta_prior": 0.3
      }
    },
    {
      "task_id": 4,
      "elapsed_time_sec": 5.678,
      "metrics": {
        "mean_acc": 75.72,
        "task_acc": [
          79.85,
          74.91,
          56.45,
          55.03,
          76.0
        ],
        "harmonic_acc": 72.03,
        "base_avg_acc": 79.85,
        "inc_avg_acc": 65.6,
        "nll": 4.801009,
        "brier": 0.990712,
        "ece": 0.748949,
        "beta_prior": 0.3
      }
    },
    {
      "task_id": 5,
      "elapsed_time_sec": 6.068,
      "metrics": {
        "mean_acc": 74.64,
        "task_acc": [
          79.78,
          72.76,
          56.79,
          53.02,
          76.0,
          64.43
        ],
        "harmonic_acc": 71.39,
        "base_avg_acc": 79.78,
        "inc_avg_acc": 64.6,
        "nll": 4.869528,
        "brier": 0.991324,
        "ece": 0.738712,
        "beta_prior": 0.3
      }
    },
    {
      "task_id": 6,
      "elapsed_time_sec": 6.472,
      "metrics": {
        "mean_acc": 74.08,
        "task_acc": [
          78.77,
          72.4,
          56.1,
          53.02,
          75.67,
          64.43,
          77.08
        ],
        "harmonic_acc": 72.09,
        "base_avg_acc": 78.77,
        "inc_avg_acc": 66.45,
        "nll": 4.935517,
        "brier": 0.991887,
        "ece": 0.733576,
        "beta_prior": 0.3
      }
    },
    {
      "task_id": 7,
      "elapsed_time_sec": 6.891,
      "metrics": {
        "mean_acc": 73.77,
        "task_acc": [
          78.77,
          72.04,
          56.1,
          52.68,
          75.67,
          64.09,
          73.61,
          73.4
        ],
        "harmonic_acc": 72.29,
        "base_avg_acc": 78.77,
        "inc_avg_acc": 66.8,
        "nll": 4.996965,
        "brier": 0.992375,
        "ece": 0.730948,
        "beta_prior": 0.3
      }
    },
    {
      "task_id": 8,
      "elapsed_time_sec": 7.312,
      "metrics": {
        "mean_acc": 72.57,
        "task_acc": [
          78.81,
          72.04,
          55.75,
          53.36,
          75.33,
          64.09,
          70.14,
          60.27,
          68.81
        ],
        "harmonic_acc": 71.23,
        "base_avg_acc": 78.81,
        "inc_avg_acc": 64.97,
        "nll": 5.055121,
        "brier": 0.992811,
        "ece": 0.719299,
        "beta_prior": 0.3
      }
    },
    {
      "task_id": 9,
      "elapsed_time_sec": 7.727,
      "metrics": {
        "mean_acc": 72.52,
        "task_acc": [
          78.53,
          72.76,
          55.75,
          53.02,
          75.67,
          63.76,
          68.75,
          59.93,
          65.08,
          79.51
        ],
        "harmonic_acc": 71.74,
        "base_avg_acc": 78.53,
        "inc_avg_acc": 66.03,
        "nll": 5.108842,
        "brier": 0.993185,
        "ece": 0.719088,
        "beta_prior": 0.3
      }
    },
    {
      "task_id": 10,
      "elapsed_time_sec": 8.159,
      "metrics": {
        "mean_acc": 72.49,
        "task_acc": [
          78.56,
          71.33,
          55.4,
          52.01,
          75.67,
          63.76,
          68.75,
          58.59,
          64.75,
          78.82,
          76.67
        ],
        "harmonic_acc": 72.07,
        "base_avg_acc": 78.56,
        "inc_avg_acc": 66.57,
        "nll": 5.160571,
        "brier": 0.993531,
        "ece": 0.719127,
        "beta_prior": 0.3
      }
    }
  ]
}