{
  "dataset": "CIFAR100",
  "seed": 5,
  "baseline": {
    "full_acc": 73.42999577522278,
    "base_acc": 77.7833342552185,
    "novel_acc": 66.90000295639038
  },
  "conservative": {
    "gated_query_count": 3593,
    "gated_base_count": 444,
    "gated_novel_count": 3149,
    "updated_class_count": 40,
    "updated_class_rate": 1.0,
    "mean_queries_per_updated_class": 89.825,
    "mean_selected_per_updated_class": 89.825,
    "per_class_counts": {
      "60": 85,
      "61": 83,
      "62": 99,
      "63": 10,
      "64": 93,
      "65": 121,
      "66": 132,
      "67": 63,
      "68": 97,
      "69": 109,
      "70": 86,
      "71": 94,
      "72": 58,
      "73": 111,
      "74": 100,
      "75": 122,
      "76": 88,
      "77": 75,
      "78": 60,
      "79": 71,
      "80": 73,
      "81": 79,
      "82": 106,
      "83": 73,
      "84": 87,
      "85": 85,
      "86": 93,
      "87": 84,
      "88": 65,
      "89": 120,
      "90": 100,
      "91": 70,
      "92": 136,
      "93": 79,
      "94": 113,
      "95": 83,
      "96": 81,
      "97": 143,
      "98": 56,
      "99": 110
    },
    "selected_per_class": {
      "60": 85,
      "61": 83,
      "62": 99,
      "63": 10,
      "64": 93,
      "65": 121,
      "66": 132,
      "67": 63,
      "68": 97,
      "69": 109,
      "70": 86,
      "71": 94,
      "72": 58,
      "73": 111,
      "74": 100,
      "75": 122,
      "76": 88,
      "77": 75,
      "78": 60,
      "79": 71,
      "80": 73,
      "81": 79,
      "82": 106,
      "83": 73,
      "84": 87,
      "85": 85,
      "86": 93,
      "87": 84,
      "88": 65,
      "89": 120,
      "90": 100,
      "91": 70,
      "92": 136,
      "93": 79,
      "94": 113,
      "95": 83,
      "96": 81,
      "97": 143,
      "98": 56,
      "99": 110
    },
    "gated_base_frac": 0.12357361536320624,
    "gated_novel_frac": 0.8764263846367938,
    "cpr_full_acc": 73.75999689102173,
    "cpr_base_acc": 77.54999995231628,
    "cpr_novel_acc": 68.07500123977661,
    "cpr_gain": 0.3300011157989502
  },
  "aggressive": {
    "per_class_quota": 100,
    "novel_quota": 4000,
    "selected_query_count": 4000,
    "selected_base_count": 1353,
    "selected_novel_count": 2647,
    "selected_base_frac": 0.33825,
    "selected_novel_frac": 0.66175,
    "assigned_class_count": 40,
    "per_class_assignment": [
      {
        "local_class_idx": 0,
        "count": 84,
        "base_count": 20,
        "novel_count": 64,
        "base_frac": 0.23809523809523808,
        "novel_frac": 0.7619047619047619
      },
      {
        "local_class_idx": 1,
        "count": 34,
        "base_count": 9,
        "novel_count": 25,
        "base_frac": 0.2647058823529412,
        "novel_frac": 0.7352941176470589
      },
      {
        "local_class_idx": 2,
        "count": 97,
        "base_count": 10,
        "novel_count": 87,
        "base_frac": 0.10309278350515463,
        "novel_frac": 0.8969072164948454
      },
      {
        "local_class_idx": 3,
        "count": 72,
        "base_count": 32,
        "novel_count": 40,
        "base_frac": 0.4444444444444444,
        "novel_frac": 0.5555555555555556
      },
      {
        "local_class_idx": 4,
        "count": 162,
        "base_count": 69,
        "novel_count": 93,
        "base_frac": 0.42592592592592593,
        "novel_frac": 0.5740740740740741
      },
      {
        "local_class_idx": 5,
        "count": 177,
        "base_count": 87,
        "novel_count": 90,
        "base_frac": 0.4915254237288136,
        "novel_frac": 0.5084745762711864
      },
      {
        "local_class_idx": 6,
        "count": 136,
        "base_count": 41,
        "novel_count": 95,
        "base_frac": 0.3014705882352941,
        "novel_frac": 0.6985294117647058
      },
      {
        "local_class_idx": 7,
        "count": 28,
        "base_count": 6,
        "novel_count": 22,
        "base_frac": 0.21428571428571427,
        "novel_frac": 0.7857142857142857
      },
      {
        "local_class_idx": 8,
        "count": 104,
        "base_count": 14,
        "novel_count": 90,
        "base_frac": 0.1346153846153846,
        "novel_frac": 0.8653846153846154
      },
      {
        "local_class_idx": 9,
        "count": 109,
        "base_count": 14,
        "novel_count": 95,
        "base_frac": 0.12844036697247707,
        "novel_frac": 0.8715596330275229
      },
      {
        "local_class_idx": 10,
        "count": 71,
        "base_count": 8,
        "novel_count": 63,
        "base_frac": 0.11267605633802817,
        "novel_frac": 0.8873239436619719
      },
      {
        "local_class_idx": 11,
        "count": 162,
        "base_count": 53,
        "novel_count": 109,
        "base_frac": 0.3271604938271605,
        "novel_frac": 0.6728395061728395
      },
      {
        "local_class_idx": 12,
        "count": 96,
        "base_count": 43,
        "novel_count": 53,
        "base_frac": 0.4479166666666667,
        "novel_frac": 0.5520833333333334
      },
      {
        "local_class_idx": 13,
        "count": 170,
        "base_count": 50,
        "novel_count": 120,
        "base_frac": 0.29411764705882354,
        "novel_frac": 0.7058823529411765
      },
      {
        "local_class_idx": 14,
        "count": 167,
        "base_count": 92,
        "novel_count": 75,
        "base_frac": 0.5508982035928144,
        "novel_frac": 0.4491017964071856
      },
      {
        "local_class_idx": 15,
        "count": 116,
        "base_count": 26,
        "novel_count": 90,
        "base_frac": 0.22413793103448276,
        "novel_frac": 0.7758620689655172
      },
      {
        "local_class_idx": 16,
        "count": 147,
        "base_count": 57,
        "novel_count": 90,
        "base_frac": 0.3877551020408163,
        "novel_frac": 0.6122448979591837
      },
      {
        "local_class_idx": 17,
        "count": 81,
        "base_count": 16,
        "novel_count": 65,
        "base_frac": 0.19753086419753085,
        "novel_frac": 0.8024691358024691
      },
      {
        "local_class_idx": 18,
        "count": 77,
        "base_count": 21,
        "novel_count": 56,
        "base_frac": 0.2727272727272727,
        "novel_frac": 0.7272727272727273
      },
      {
        "local_class_idx": 19,
        "count": 57,
        "base_count": 19,
        "novel_count": 38,
        "base_frac": 0.3333333333333333,
        "novel_frac": 0.6666666666666666
      },
      {
        "local_class_idx": 20,
        "count": 77,
        "base_count": 19,
        "novel_count": 58,
        "base_frac": 0.24675324675324675,
        "novel_frac": 0.7532467532467533
      },
      {
        "local_class_idx": 21,
        "count": 194,
        "base_count": 68,
        "novel_count": 126,
        "base_frac": 0.35051546391752575,
        "novel_frac": 0.6494845360824743
      },
      {
        "local_class_idx": 22,
        "count": 126,
        "base_count": 18,
        "novel_count": 108,
        "base_frac": 0.14285714285714285,
        "novel_frac": 0.8571428571428571
      },
      {
        "local_class_idx": 23,
        "count": 20,
        "base_count": 14,
        "novel_count": 6,
        "base_frac": 0.7,
        "novel_frac": 0.3
      },
      {
        "local_class_idx": 24,
        "count": 11,
        "base_count": 6,
        "novel_count": 5,
        "base_frac": 0.5454545454545454,
        "novel_frac": 0.45454545454545453
      },
      {
        "local_class_idx": 25,
        "count": 79,
        "base_count": 2,
        "novel_count": 77,
        "base_frac": 0.02531645569620253,
        "novel_frac": 0.9746835443037974
      },
      {
        "local_class_idx": 26,
        "count": 66,
        "base_count": 21,
        "novel_count": 45,
        "base_frac": 0.3181818181818182,
        "novel_frac": 0.6818181818181818
      },
      {
        "local_class_idx": 27,
        "count": 38,
        "base_count": 16,
        "novel_count": 22,
        "base_frac": 0.42105263157894735,