{
  "dataset": "cub200",
  "trainer": "bimc_ensemble",
  "seed": 14,
  "runtime_sec": 76.317,
  "acc_list": [
    83.03,
    80.5,
    79.45,
    76.13,
    75.7,
    74.76,
    73.69,
    73.28,
    72.19,
    72.32,
    72.42
  ],
  "task_acc_list": [
    [
      83.03
    ],
    [
      81.01,
      75.27
    ],
    [
      80.83,
      75.27,
      69.69
    ],
    [
      80.73,
      73.12,
      58.19,
      52.01
    ],
    [
      80.06,
      74.55,
      56.79,
      48.32,
      80.33
    ],
    [
      79.96,
      72.04,
      56.79,
      47.65,
      80.0,
      66.44
    ],
    [
      79.33,
      69.18,
      56.45,
      47.99,
      79.33,
      66.11,
      67.71
    ],
    [
      79.22,
      69.18,
      56.79,
      47.32,
      79.67,
      65.44,
      64.93,
      71.38
    ],
    [
      79.16,
      68.46,
      56.45,
      47.32,
      79.33,
      65.77,
      61.11,
      64.65,
      66.1
    ],
    [
      78.98,
      68.82,
      56.45,
      47.65,
      79.67,
      66.11,
      61.46,
      64.65,
      63.05,
      77.78
    ],
    [
      78.84,
      67.03,
      56.79,
      47.32,
      79.0,
      65.1,
      62.15,
      64.31,
      62.37,
      77.08,
      80.0
    ]
  ],
  "task_results": [
    {
      "task_id": 0,
      "elapsed_time_sec": 4.227,
      "metrics": {
        "mean_acc": 83.03,
        "task_acc": [
          83.03
        ],
        "harmonic_acc": 0.0,
        "base_avg_acc": 83.03,
        "inc_avg_acc": 0.0,
        "nll": 4.462525,
        "brier": 0.986949,
        "ece": 0.818744,
        "beta_prior": 0.3
      }
    },
    {
      "task_id": 1,
      "elapsed_time_sec": 4.484,
      "metrics": {
        "mean_acc": 80.5,
        "task_acc": [
          81.01,
          75.27
        ],
        "harmonic_acc": 78.03,
        "base_avg_acc": 81.01,
        "inc_avg_acc": 75.27,
        "nll": 4.558527,
        "brier": 0.98815,
        "ece": 0.794457,
        "beta_prior": 0.3
      }
    },
    {
      "task_id": 2,
      "elapsed_time_sec": 4.87,
      "metrics": {
        "mean_acc": 79.45,
        "task_acc": [
          80.83,
          75.27,
          69.69
        ],
        "harmonic_acc": 76.43,
        "base_avg_acc": 80.83,
        "inc_avg_acc": 72.48,
        "nll": 4.64551,
        "brier": 0.989137,
        "ece": 0.784827,
        "beta_prior": 0.3
      }
    },
    {
      "task_id": 3,
      "elapsed_time_sec": 5.252,
      "metrics": {
        "mean_acc": 76.13,
        "task_acc": [
          80.73,
          73.12,
          58.19,
          52.01
        ],
        "harmonic_acc": 69.56,
        "base_avg_acc": 80.73,
        "inc_avg_acc": 61.11,
        "nll": 4.725691,
        "brier": 0.989976,
        "ece": 0.752371,
        "beta_prior": 0.3
      }
    },
    {
      "task_id": 4,
      "elapsed_time_sec": 5.68,
      "metrics": {
        "mean_acc": 75.7,
        "task_acc": [
          80.06,
          74.55,
          56.79,
          48.32,
          80.33
        ],
        "harmonic_acc": 71.75,
        "base_avg_acc": 80.06,
        "inc_avg_acc": 65.0,
        "nll": 4.800465,
        "brier": 0.990703,
        "ece": 0.748696,
        "beta_prior": 0.3
      }
    },
    {
      "task_id": 5,
      "elapsed_time_sec": 6.069,
      "metrics": {
        "mean_acc": 74.76,
        "task_acc": [
          79.96,
          72.04,
          56.79,
          47.65,
          80.0,
          66.44
        ],
        "harmonic_acc": 71.45,
        "base_avg_acc": 79.96,
        "inc_avg_acc": 64.58,
        "nll": 4.869234,
        "brier": 0.991319,
        "ece": 0.739865,
        "beta_prior": 0.3
      }
    },
    {
      "task_id": 6,
      "elapsed_time_sec": 6.498,
      "metrics": {
        "mean_acc": 73.69,
        "task_acc": [
          79.33,
          69.18,
          56.45,
          47.99,
          79.33,
          66.11,
          67.71
        ],
        "harmonic_acc": 71.13,
        "base_avg_acc": 79.33,
        "inc_avg_acc": 64.46,
        "nll": 4.935226,
        "brier": 0.991883,
        "ece": 0.729672,
        "beta_prior": 0.3
      }
    },
    {
      "task_id": 7,
      "elapsed_time_sec": 6.902,
      "metrics": {
        "mean_acc": 73.28,
        "task_acc": [
          79.22,
          69.18,
          56.79,
          47.32,
          79.67,
          65.44,
          64.93,
          71.38
        ],
        "harmonic_acc": 71.38,
        "base_avg_acc": 79.22,
        "inc_avg_acc": 64.96,
        "nll": 4.99687,
        "brier": 0.992374,
        "ece": 0.726059,
        "beta_prior": 0.3
      }
    },
    {
      "task_id": 8,
      "elapsed_time_sec": 7.335,
      "metrics": {
        "mean_acc": 72.19,
        "task_acc": [
          79.16,
          68.46,
          56.45,
          47.32,
          79.33,
          65.77,
          61.11,
          64.65,
          66.1
        ],
        "harmonic_acc": 70.56,
        "base_avg_acc": 79.16,
        "inc_avg_acc": 63.65,
        "nll": 5.055112,
        "brier": 0.992811,
        "ece": 0.715457,
        "beta_prior": 0.3
      }
    },
    {
      "task_id": 9,
      "elapsed_time_sec": 7.747,
      "metrics": {
        "mean_acc": 72.32,
        "task_acc": [
          78.98,
          68.82,
          56.45,
          47.65,
          79.67,
          66.11,
          61.46,
          64.65,
          63.05,
          77.78
        ],
        "harmonic_acc": 71.35,
        "base_avg_acc": 78.98,
        "inc_avg_acc": 65.07,
        "nll": 5.108927,
        "brier": 0.993186,
        "ece": 0.717085,
        "beta_prior": 0.3
      }
    },
    {
      "task_id": 10,
      "elapsed_time_sec": 8.127,
      "metrics": {
        "mean_acc": 72.42,
        "task_acc": [
          78.84,
          67.03,
          56.79,
          47.32,
          79.0,
          65.1,
          62.15,
          64.31,
          62.37,
          77.08,
          80.0
        ],
        "harmonic_acc": 71.92,
        "base_avg_acc": 78.84,
        "inc_avg_acc": 66.11,
        "nll": 5.16058,
        "brier": 0.993531,
        "ece": 0.718436,
        "beta_prior": 0.3
      }
    }
  ]
}