{
  "dataset": "cub200",
  "trainer": "bimc_ensemble",
  "seed": 17,
  "runtime_sec": 76.467,
  "acc_list": [
    83.03,
    80.85,
    79.65,
    76.31,
    75.7,
    74.85,
    74.19,
    74.06,
    72.94,
    72.84,
    72.87
  ],
  "task_acc_list": [
    [
      83.03
    ],
    [
      81.32,
      75.99
    ],
    [
      80.9,
      74.91,
      71.78
    ],
    [
      80.76,
      74.55,
      60.28,
      50.67
    ],
    [
      80.1,
      73.48,
      58.54,
      48.99,
      78.67
    ],
    [
      79.92,
      73.12,
      58.19,
      47.99,
      79.67,
      65.77
    ],
    [
      79.22,
      72.04,
      57.84,
      49.66,
      78.67,
      65.44,
      72.22
    ],
    [
      79.12,
      70.61,
      58.19,
      48.99,
      78.33,
      65.77,
      70.49,
      76.43
    ],
    [
      79.19,
      70.97,
      57.84,
      48.99,
      77.67,
      65.77,
      67.36,
      65.99,
      67.8
    ],
    [
      78.67,
      70.25,
      57.84,
      48.32,
      78.0,
      65.44,
      68.06,
      65.99,
      65.42,
      79.51
    ],
    [
      78.74,
      67.74,
      58.54,
      47.99,
      78.33,
      64.43,
      67.36,
      64.65,
      65.42,
      78.47,
      78.33
    ]
  ],
  "task_results": [
    {
      "task_id": 0,
      "elapsed_time_sec": 4.219,
      "metrics": {
        "mean_acc": 83.03,
        "task_acc": [
          83.03
        ],
        "harmonic_acc": 0.0,
        "base_avg_acc": 83.03,
        "inc_avg_acc": 0.0,
        "nll": 4.462525,
        "brier": 0.986949,
        "ece": 0.818744,
        "beta_prior": 0.3
      }
    },
    {
      "task_id": 1,
      "elapsed_time_sec": 4.473,
      "metrics": {
        "mean_acc": 80.85,
        "task_acc": [
          81.32,
          75.99
        ],
        "harmonic_acc": 78.56,
        "base_avg_acc": 81.32,
        "inc_avg_acc": 75.99,
        "nll": 4.558916,
        "brier": 0.988158,
        "ece": 0.797961,
        "beta_prior": 0.3
      }
    },
    {
      "task_id": 2,
      "elapsed_time_sec": 4.847,
      "metrics": {
        "mean_acc": 79.65,
        "task_acc": [
          80.9,
          74.91,
          71.78
        ],
        "harmonic_acc": 76.94,
        "base_avg_acc": 80.9,
        "inc_avg_acc": 73.34,
        "nll": 4.646102,
        "brier": 0.989148,
        "ece": 0.786874,
        "beta_prior": 0.3
      }
    },
    {
      "task_id": 3,
      "elapsed_time_sec": 5.286,
      "metrics": {
        "mean_acc": 76.31,
        "task_acc": [
          80.76,
          74.55,
          60.28,
          50.67
        ],
        "harmonic_acc": 70.04,
        "base_avg_acc": 80.76,
        "inc_avg_acc": 61.83,
        "nll": 4.726253,
        "brier": 0.989986,
        "ece": 0.754255,
        "beta_prior": 0.3
      }
    },
    {
      "task_id": 4,
      "elapsed_time_sec": 5.68,
      "metrics": {
        "mean_acc": 75.7,
        "task_acc": [
          80.1,
          73.48,
          58.54,
          48.99,
          78.67
        ],
        "harmonic_acc": 71.72,
        "base_avg_acc": 80.1,
        "inc_avg_acc": 64.92,
        "nll": 4.800986,
        "brier": 0.990712,
        "ece": 0.748702,
        "beta_prior": 0.3
      }
    },
    {
      "task_id": 5,
      "elapsed_time_sec": 6.124,
      "metrics": {
        "mean_acc": 74.85,
        "task_acc": [
          79.92,
          73.12,
          58.19,
          47.99,
          79.67,
          65.77
        ],
        "harmonic_acc": 71.66,
        "base_avg_acc": 79.92,
        "inc_avg_acc": 64.95,
        "nll": 4.869725,
        "brier": 0.991327,
        "ece": 0.740795,
        "beta_prior": 0.3
      }
    },
    {
      "task_id": 6,
      "elapsed_time_sec": 6.497,
      "metrics": {
        "mean_acc": 74.19,
        "task_acc": [
          79.22,
          72.04,
          57.84,
          49.66,
          78.67,
          65.44,
          72.22
        ],
        "harmonic_acc": 72.0,
        "base_avg_acc": 79.22,
        "inc_avg_acc": 65.98,
        "nll": 4.935665,
        "brier": 0.991889,
        "ece": 0.734661,
        "beta_prior": 0.3
      }
    },
    {
      "task_id": 7,
      "elapsed_time_sec": 6.918,
      "metrics": {
        "mean_acc": 74.06,
        "task_acc": [
          79.12,
          70.61,
          58.19,
          48.99,
          78.33,
          65.77,
          70.49,
          76.43
        ],
        "harmonic_acc": 72.54,
        "base_avg_acc": 79.12,
        "inc_avg_acc": 66.97,
        "nll": 4.99716,
        "brier": 0.992378,
        "ece": 0.733801,
        "beta_prior": 0.3
      }
    },
    {
      "task_id": 8,
      "elapsed_time_sec": 7.329,
      "metrics": {
        "mean_acc": 72.94,
        "task_acc": [
          79.19,
          70.97,
          57.84,
          48.99,
          77.67,
          65.77,
          67.36,
          65.99,
          67.8
        ],
        "harmonic_acc": 71.58,
        "base_avg_acc": 79.19,
        "inc_avg_acc": 65.3,
        "nll": 5.05525,
        "brier": 0.992813,
        "ece": 0.722951,
        "beta_prior": 0.3
      }
    },
    {
      "task_id": 9,
      "elapsed_time_sec": 7.729,
      "metrics": {
        "mean_acc": 72.84,
        "task_acc": [
          78.67,
          70.25,
          57.84,
          48.32,
          78.0,
          65.44,
          68.06,
          65.99,
          65.42,
          79.51
        ],
        "harmonic_acc": 72.1,
        "base_avg_acc": 78.67,
        "inc_avg_acc": 66.54,
        "nll": 5.10887,
        "brier": 0.993186,
        "ece": 0.722365,
        "beta_prior": 0.3
      }
    },
    {
      "task_id": 10,
      "elapsed_time_sec": 8.168,
      "metrics": {
        "mean_acc": 72.87,
        "task_acc": [
          78.74,
          67.74,
          58.54,
          47.99,
          78.33,
          64.43,
          67.36,
          64.65,
          65.42,
          78.47,
          78.33
        ],
        "harmonic_acc": 72.47,
        "base_avg_acc": 78.74,
        "inc_avg_acc": 67.13,
        "nll": 5.160602,
        "brier": 0.993531,
        "ece": 0.722925,
        "beta_prior": 0.3
      }
    }
  ]
}