{
  "dataset": "cub200",
  "trainer": "bimc_dino_fusion_ensemble",
  "seed": 1,
  "runtime_sec": 301.705,
  "acc_list": [
    88.16,
    86.8,
    86.27,
    85.17,
    85.2,
    83.75,
    84.18,
    84.69,
    84.38,
    84.93,
    85.3
  ],
  "task_acc_list": [
    [
      88.16
    ],
    [
      88.06,
      73.84
    ],
    [
      88.09,
      73.84,
      80.14
    ],
    [
      88.2,
      73.84,
      77.35,
      74.16
    ],
    [
      88.13,
      74.55,
      76.66,
      73.49,
      87.0
    ],
    [
      88.13,
      74.19,
      76.66,
      73.49,
      87.0,
      64.43
    ],
    [
      88.06,
      73.84,
      76.66,
      73.49,
      87.0,
      64.43,
      91.67
    ],
    [
      87.99,
      73.48,
      76.66,
      73.49,
      87.0,
      64.43,
      90.97,
      94.28
    ],
    [
      87.95,
      73.48,
      76.31,
      73.49,
      87.0,
      64.09,
      90.62,
      89.23,
      85.76
    ],
    [
      87.88,
      73.48,
      76.31,
      73.49,
      87.0,
      64.09,
      90.62,
      89.23,
      85.08,
      96.18
    ],
    [
      87.88,
      73.48,
      76.31,
      73.49,
      87.0,
      64.09,
      90.62,
      89.23,
      85.08,
      96.18,
      92.0
    ]
  ],
  "task_results": [
    {
      "task_id": 0,
      "elapsed_time_sec": 32.624,
      "metrics": {
        "mean_acc": 88.16,
        "task_acc": [
          88.16
        ],
        "harmonic_acc": 0.0,
        "base_avg_acc": 88.16,
        "inc_avg_acc": 0.0,
        "nll": 0.547428,
        "brier": 0.183482,
        "ece": 0.044411,
        "beta_prior": 0.3
      }
    },
    {
      "task_id": 1,
      "elapsed_time_sec": 15.13,
      "metrics": {
        "mean_acc": 86.8,
        "task_acc": [
          88.06,
          73.84
        ],
        "harmonic_acc": 80.33,
        "base_avg_acc": 88.06,
        "inc_avg_acc": 73.84,
        "nll": 0.590875,
        "brier": 0.201645,
        "ece": 0.034313,
        "beta_prior": 0.3
      }
    },
    {
      "task_id": 2,
      "elapsed_time_sec": 16.405,
      "metrics": {
        "mean_acc": 86.27,
        "task_acc": [
          88.09,
          73.84,
          80.14
        ],
        "harmonic_acc": 82.17,
        "base_avg_acc": 88.09,
        "inc_avg_acc": 76.99,
        "nll": 0.608726,
        "brier": 0.20779,
        "ece": 0.034144,
        "beta_prior": 0.3
      }
    },
    {
      "task_id": 3,
      "elapsed_time_sec": 17.826,
      "metrics": {
        "mean_acc": 85.17,
        "task_acc": [
          88.2,
          73.84,
          77.35,
          74.16
        ],
        "harmonic_acc": 81.13,
        "base_avg_acc": 88.2,
        "inc_avg_acc": 75.12,
        "nll": 0.671567,
        "brier": 0.226892,
        "ece": 0.042703,
        "beta_prior": 0.3
      }
    },
    {
      "task_id": 4,
      "elapsed_time_sec": 19.428,
      "metrics": {
        "mean_acc": 85.2,
        "task_acc": [
          88.13,
          74.55,
          76.66,
          73.49,
          87.0
        ],
        "harmonic_acc": 82.71,
        "base_avg_acc": 88.13,
        "inc_avg_acc": 77.92,
        "nll": 0.675344,
        "brier": 0.226323,
        "ece": 0.039793,
        "beta_prior": 0.3
      }
    },
    {
      "task_id": 5,
      "elapsed_time_sec": 20.891,
      "metrics": {
        "mean_acc": 83.75,
        "task_acc": [
          88.13,
          74.19,
          76.66,
          73.49,
          87.0,
          64.43
        ],
        "harmonic_acc": 81.13,
        "base_avg_acc": 88.13,
        "inc_avg_acc": 75.15,
        "nll": 0.729228,
        "brier": 0.244168,
        "ece": 0.0416,
        "beta_prior": 0.3
      }
    },
    {
      "task_id": 6,
      "elapsed_time_sec": 22.212,
      "metrics": {
        "mean_acc": 84.18,
        "task_acc": [
          88.06,
          73.84,
          76.66,
          73.49,
          87.0,
          64.43,
          91.67
        ],
        "harmonic_acc": 82.64,
        "base_avg_acc": 88.06,
        "inc_avg_acc": 77.85,
        "nll": 0.73152,
        "brier": 0.240095,
        "ece": 0.045758,
        "beta_prior": 0.3
      }
    },
    {
      "task_id": 7,
      "elapsed_time_sec": 23.678,
      "metrics": {
        "mean_acc": 84.69,
        "task_acc": [
          87.99,
          73.48,
          76.66,
          73.49,
          87.0,
          64.43,
          90.97,
          94.28
        ],
        "harmonic_acc": 83.83,
        "base_avg_acc": 87.99,
        "inc_avg_acc": 80.04,
        "nll": 0.72458,
        "brier": 0.232782,
        "ece": 0.05115,
        "beta_prior": 0.3
      }
    },
    {
      "task_id": 8,
      "elapsed_time_sec": 25.075,
      "metrics": {
        "mean_acc": 84.38,
        "task_acc": [
          87.95,
          73.48,
          76.31,
          73.49,
          87.0,
          64.09,
          90.62,
          89.23,
          85.76
        ],
        "harmonic_acc": 83.79,
        "base_avg_acc": 87.95,
        "inc_avg_acc": 80.0,
        "nll": 0.738915,
        "brier": 0.236457,
        "ece": 0.053094,
        "beta_prior": 0.3
      }
    },
    {
      "task_id": 9,
      "elapsed_time_sec": 26.523,
      "metrics": {
        "mean_acc": 84.93,
        "task_acc": [
          87.88,
          73.48,
          76.31,
          73.49,
          87.0,
          64.09,
          90.62,
          89.23,
          85.08,
          96.18
        ],
        "harmonic_acc": 84.69,
        "base_avg_acc": 87.88,
        "inc_avg_acc": 81.72,
        "nll": 0.723967,
        "brier": 0.229867,
        "ece": 0.051815,
        "beta_prior": 0.3
      }
    },
    {
      "task_id": 10,
      "elapsed_time_sec": 27.905,
      "metrics": {
        "mean_acc": 85.3,
        "task_acc": [
          87.88,
          73.48,
          76.31,
          73.49,
          87.0,
          64.09,
          90.62,
          89.23,
          85.08,
          96.18,
          92.0
        ],
        "harmonic_acc": 85.24,
        "base_avg_acc": 87.88,
        "inc_avg_acc": 82.75,
        "nll": 0.721332,
        "brier": 0.226087,
        "ece": 0.053344,
        "beta_prior": 0.3
      }
    }
  ]
}