{
  "dataset": "cub200",
  "trainer": "bimc_dino_fusion",
  "seed": 14,
  "runtime_sec": 257.809,
  "acc_list": [
    86.35,
    85.3,
    84.9,
    83.53,
    83.37,
    82.06,
    82.53,
    83.18,
    83.06,
    83.55,
    83.81
  ],
  "task_acc_list": [
    [
      86.35
    ],
    [
      86.1,
      77.06
    ],
    [
      86.1,
      77.06,
      80.49
    ],
    [
      86.1,
      77.06,
      74.56,
      73.49
    ],
    [
      86.07,
      77.06,
      73.17,
      72.48,
      84.0
    ],
    [
      86.07,
      77.06,
      73.17,
      72.48,
      84.0,
      64.43
    ],
    [
      86.0,
      77.06,
      73.17,
      72.48,
      84.0,
      64.09,
      90.62
    ],
    [
      86.0,
      77.06,
      73.17,
      72.48,
      84.0,
      64.09,
      89.58,
      94.28
    ],
    [
      86.0,
      77.06,
      73.17,
      72.48,
      84.0,
      64.09,
      88.89,
      89.23,
      86.78
    ],
    [
      85.96,
      77.06,
      73.17,
      72.48,
      84.0,
      64.09,
      88.89,
      89.23,
      86.1,
      93.4
    ],
    [
      85.96,
      77.06,
      73.17,
      72.48,
      84.0,
      64.09,
      88.89,
      89.23,
      86.1,
      93.06,
      89.0
    ]
  ],
  "task_results": [
    {
      "task_id": 0,
      "elapsed_time_sec": 14.175,
      "metrics": {
        "mean_acc": 86.35,
        "task_acc": [
          86.35
        ],
        "harmonic_acc": 0.0,
        "base_avg_acc": 86.35,
        "inc_avg_acc": 0.0,
        "nll": 0.89055,
        "brier": 0.216717,
        "ece": 0.083843,
        "beta_prior": 0.0
      }
    },
    {
      "task_id": 1,
      "elapsed_time_sec": 15.52,
      "metrics": {
        "mean_acc": 85.3,
        "task_acc": [
          86.1,
          77.06
        ],
        "harmonic_acc": 81.33,
        "base_avg_acc": 86.1,
        "inc_avg_acc": 77.06,
        "nll": 0.909842,
        "brier": 0.232907,
        "ece": 0.09053,
        "beta_prior": 0.0
      }
    },
    {
      "task_id": 2,
      "elapsed_time_sec": 16.928,
      "metrics": {
        "mean_acc": 84.9,
        "task_acc": [
          86.1,
          77.06,
          80.49
        ],
        "harmonic_acc": 82.27,
        "base_avg_acc": 86.1,
        "inc_avg_acc": 78.78,
        "nll": 0.916336,
        "brier": 0.237033,
        "ece": 0.093534,
        "beta_prior": 0.0
      }
    },
    {
      "task_id": 3,
      "elapsed_time_sec": 18.318,
      "metrics": {
        "mean_acc": 83.53,
        "task_acc": [
          86.1,
          77.06,
          74.56,
          73.49
        ],
        "harmonic_acc": 80.19,
        "base_avg_acc": 86.1,
        "inc_avg_acc": 75.04,
        "nll": 1.005745,
        "brier": 0.258136,
        "ece": 0.103839,
        "beta_prior": 0.0
      }
    },
    {
      "task_id": 4,
      "elapsed_time_sec": 19.798,
      "metrics": {
        "mean_acc": 83.37,
        "task_acc": [
          86.07,
          77.06,
          73.17,
          72.48,
          84.0
        ],
        "harmonic_acc": 81.1,
        "base_avg_acc": 86.07,
        "inc_avg_acc": 76.68,
        "nll": 1.051803,
        "brier": 0.263235,
        "ece": 0.106434,
        "beta_prior": 0.0
      }
    },
    {
      "task_id": 5,
      "elapsed_time_sec": 21.262,
      "metrics": {
        "mean_acc": 82.06,
        "task_acc": [
          86.07,
          77.06,
          73.17,
          72.48,
          84.0,
          64.43
        ],
        "harmonic_acc": 79.71,
        "base_avg_acc": 86.07,
        "inc_avg_acc": 74.23,
        "nll": 1.089498,
        "brier": 0.282459,
        "ece": 0.114041,
        "beta_prior": 0.0
      }
    },
    {
      "task_id": 6,
      "elapsed_time_sec": 22.696,
      "metrics": {
        "mean_acc": 82.53,
        "task_acc": [
          86.0,
          77.06,
          73.17,
          72.48,
          84.0,
          64.09,
          90.62
        ],
        "harmonic_acc": 81.2,
        "base_avg_acc": 86.0,
        "inc_avg_acc": 76.9,
        "nll": 1.085349,
        "brier": 0.275144,
        "ece": 0.11105,
        "beta_prior": 0.0
      }
    },
    {
      "task_id": 7,
      "elapsed_time_sec": 24.266,
      "metrics": {
        "mean_acc": 83.18,
        "task_acc": [
          86.0,
          77.06,
          73.17,
          72.48,
          84.0,
          64.09,
          89.58,
          94.28
        ],
        "harmonic_acc": 82.48,
        "base_avg_acc": 86.0,
        "inc_avg_acc": 79.24,
        "nll": 1.074459,
        "brier": 0.266277,
        "ece": 0.107648,
        "beta_prior": 0.0
      }
    },
    {
      "task_id": 8,
      "elapsed_time_sec": 25.719,
      "metrics": {
        "mean_acc": 83.06,
        "task_acc": [
          86.0,
          77.06,
          73.17,
          72.48,
          84.0,
          64.09,
          88.89,
          89.23,
          86.78
        ],
        "harmonic_acc": 82.6,
        "base_avg_acc": 86.0,
        "inc_avg_acc": 79.46,
        "nll": 1.113054,
        "brier": 0.269438,
        "ece": 0.10935,
        "beta_prior": 0.0
      }
    },
    {
      "task_id": 9,
      "elapsed_time_sec": 27.035,
      "metrics": {
        "mean_acc": 83.55,
        "task_acc": [
          85.96,
          77.06,
          73.17,
          72.48,
          84.0,
          64.09,
          88.89,
          89.23,
          86.1,
          93.4
        ],
        "harmonic_acc": 83.37,
        "base_avg_acc": 85.96,
        "inc_avg_acc": 80.94,
        "nll": 1.074301,
        "brier": 0.261574,
        "ece": 0.105531,
        "beta_prior": 0.0
      }
    },
    {
      "task_id": 10,
      "elapsed_time_sec": 28.5,
      "metrics": {
        "mean_acc": 83.81,
        "task_acc": [
          85.96,
          77.06,
          73.17,
          72.48,
          84.0,
          64.09,
          88.89,
          89.23,
          86.1,
          93.06,
          89.0
        ],
        "harmonic_acc": 83.78,
        "base_avg_acc": 85.96,
        "inc_avg_acc": 81.71,
        "nll": 1.075329,
        "brier": 0.257785,
        "ece": 0.104517,
        "beta_prior": 0.0
      }
    }
  ]
}