{
  "dataset": "cub200",
  "trainer": "bimc_dino_fusion_ensemble",
  "seed": 16,
  "runtime_sec": 252.218,
  "acc_list": [
    88.16,
    86.83,
    86.27,
    85.54,
    85.43,
    83.93,
    84.4,
    84.63,
    84.56,
    85.04,
    85.33
  ],
  "task_acc_list": [
    [
      88.16
    ],
    [
      88.06,
      74.19
    ],
    [
      88.09,
      73.84,
      80.14
    ],
    [
      88.16,
      73.84,
      77.35,
      79.19
    ],
    [
      88.06,
      73.84,
      77.0,
      78.19,
      86.33
    ],
    [
      87.95,
      73.84,
      77.0,
      78.19,
      86.33,
      64.77
    ],
    [
      87.99,
      73.84,
      77.0,
      78.19,
      86.33,
      64.77,
      90.97
    ],
    [
      87.85,
      73.48,
      77.0,
      78.19,
      86.33,
      64.77,
      90.62,
      90.24
    ],
    [
      87.81,
      73.48,
      77.0,
      78.19,
      86.33,
      64.43,
      89.93,
      88.22,
      86.78
    ],
    [
      87.81,
      73.48,
      77.0,
      78.19,
      86.33,
      64.43,
      89.93,
      88.22,
      85.76,
      94.79
    ],
    [
      87.74,
      73.48,
      77.0,
      78.19,
      86.33,
      64.43,
      89.93,
      87.88,
      85.42,
      94.79,
      92.0
    ]
  ],
  "task_results": [
    {
      "task_id": 0,
      "elapsed_time_sec": 13.838,
      "metrics": {
        "mean_acc": 88.16,
        "task_acc": [
          88.16
        ],
        "harmonic_acc": 0.0,
        "base_avg_acc": 88.16,
        "inc_avg_acc": 0.0,
        "nll": 0.547428,
        "brier": 0.183482,
        "ece": 0.044411,
        "beta_prior": 0.3
      }
    },
    {
      "task_id": 1,
      "elapsed_time_sec": 15.119,
      "metrics": {
        "mean_acc": 86.83,
        "task_acc": [
          88.06,
          74.19
        ],
        "harmonic_acc": 80.53,
        "base_avg_acc": 88.06,
        "inc_avg_acc": 74.19,
        "nll": 0.597546,
        "brier": 0.201192,
        "ece": 0.036943,
        "beta_prior": 0.3
      }
    },
    {
      "task_id": 2,
      "elapsed_time_sec": 16.458,
      "metrics": {
        "mean_acc": 86.27,
        "task_acc": [
          88.09,
          73.84,
          80.14
        ],
        "harmonic_acc": 82.17,
        "base_avg_acc": 88.09,
        "inc_avg_acc": 76.99,
        "nll": 0.61509,
        "brier": 0.208729,
        "ece": 0.032646,
        "beta_prior": 0.3
      }
    },
    {
      "task_id": 3,
      "elapsed_time_sec": 17.973,
      "metrics": {
        "mean_acc": 85.54,
        "task_acc": [
          88.16,
          73.84,
          77.35,
          79.19
        ],
        "harmonic_acc": 82.09,
        "base_avg_acc": 88.16,
        "inc_avg_acc": 76.79,
        "nll": 0.654602,
        "brier": 0.220715,
        "ece": 0.042115,
        "beta_prior": 0.3
      }
    },
    {
      "task_id": 4,
      "elapsed_time_sec": 19.422,
      "metrics": {
        "mean_acc": 85.43,
        "task_acc": [
          88.06,
          73.84,
          77.0,
          78.19,
          86.33
        ],
        "harmonic_acc": 83.2,
        "base_avg_acc": 88.06,
        "inc_avg_acc": 78.84,
        "nll": 0.65896,
        "brier": 0.221157,
        "ece": 0.035563,
        "beta_prior": 0.3
      }
    },
    {
      "task_id": 5,
      "elapsed_time_sec": 20.731,
      "metrics": {
        "mean_acc": 83.93,
        "task_acc": [
          87.95,
          73.84,
          77.0,
          78.19,
          86.33,
          64.77
        ],
        "harmonic_acc": 81.55,
        "base_avg_acc": 87.95,
        "inc_avg_acc": 76.03,
        "nll": 0.712099,
        "brier": 0.240403,
        "ece": 0.042008,
        "beta_prior": 0.3
      }
    },
    {
      "task_id": 6,
      "elapsed_time_sec": 22.152,
      "metrics": {
        "mean_acc": 84.4,
        "task_acc": [
          87.99,
          73.84,
          77.0,
          78.19,
          86.33,
          64.77,
          90.97
        ],
        "harmonic_acc": 82.98,
        "base_avg_acc": 87.99,
        "inc_avg_acc": 78.52,
        "nll": 0.71343,
        "brier": 0.235374,
        "ece": 0.043654,
        "beta_prior": 0.3
      }
    },
    {
      "task_id": 7,
      "elapsed_time_sec": 23.597,
      "metrics": {
        "mean_acc": 84.63,
        "task_acc": [
          87.85,
          73.48,
          77.0,
          78.19,
          86.33,
          64.77,
          90.62,
          90.24
        ],
        "harmonic_acc": 83.79,
        "base_avg_acc": 87.85,
        "inc_avg_acc": 80.09,
        "nll": 0.7099,
        "brier": 0.230772,
        "ece": 0.051316,
        "beta_prior": 0.3
      }
    },
    {
      "task_id": 8,
      "elapsed_time_sec": 25.037,
      "metrics": {
        "mean_acc": 84.56,
        "task_acc": [
          87.81,
          73.48,
          77.0,
          78.19,
          86.33,
          64.43,
          89.93,
          88.22,
          86.78
        ],
        "harmonic_acc": 84.02,
        "base_avg_acc": 87.81,
        "inc_avg_acc": 80.54,
        "nll": 0.730271,
        "brier": 0.233472,
        "ece": 0.052282,
        "beta_prior": 0.3
      }
    },
    {
      "task_id": 9,
      "elapsed_time_sec": 26.38,
      "metrics": {
        "mean_acc": 85.04,
        "task_acc": [
          87.81,
          73.48,
          77.0,
          78.19,
          86.33,
          64.43,
          89.93,
          88.22,
          85.76,
          94.79
        ],
        "harmonic_acc": 84.81,
        "base_avg_acc": 87.81,
        "inc_avg_acc": 82.01,
        "nll": 0.716243,
        "brier": 0.22825,
        "ece": 0.052098,
        "beta_prior": 0.3
      }
    },
    {
      "task_id": 10,
      "elapsed_time_sec": 27.851,
      "metrics": {
        "mean_acc": 85.33,
        "task_acc": [
          87.74,
          73.48,
          77.0,
          78.19,
          86.33,
          64.43,
          89.93,
          87.88,
          85.42,
          94.79,
          92.0
        ],
        "harmonic_acc": 85.28,
        "base_avg_acc": 87.74,
        "inc_avg_acc": 82.94,
        "nll": 0.714412,
        "brier": 0.224517,
        "ece": 0.055725,
        "beta_prior": 0.3
      }
    }
  ]
}