{
  "dataset": "cub200",
  "trainer": "bimc_ensemble",
  "seed": 11,
  "runtime_sec": 80.049,
  "acc_list": [
    83.03,
    81.2,
    79.88,
    77.04,
    76.54,
    75.4,
    74.9,
    74.42,
    72.92,
    73.04,
    73.04
  ],
  "task_acc_list": [
    [
      83.03
    ],
    [
      81.56,
      77.42
    ],
    [
      81.25,
      76.7,
      69.34
    ],
    [
      81.18,
      74.91,
      56.1,
      59.4
    ],
    [
      80.55,
      74.91,
      52.96,
      57.05,
      81.67
    ],
    [
      80.52,
      73.12,
      52.96,
      56.38,
      81.67,
      62.75
    ],
    [
      79.78,
      72.04,
      51.92,
      57.05,
      82.0,
      63.09,
      75.35
    ],
    [
      79.57,
      70.97,
      52.26,
      56.71,
      81.67,
      63.09,
      73.26,
      72.39
    ],
    [
      79.54,
      71.33,
      51.57,
      56.04,
      82.0,
      62.42,
      66.32,
      61.95,
      66.78
    ],
    [
      79.47,
      70.97,
      51.22,
      55.7,
      81.67,
      62.75,
      65.97,
      60.94,
      65.76,
      79.51
    ],
    [
      79.19,
      69.18,
      51.57,
      55.37,
      82.0,
      62.42,
      66.32,
      60.61,
      64.75,
      79.51,
      78.33
    ]
  ],
  "task_results": [
    {
      "task_id": 0,
      "elapsed_time_sec": 4.437,
      "metrics": {
        "mean_acc": 83.03,
        "task_acc": [
          83.03
        ],
        "harmonic_acc": 0.0,
        "base_avg_acc": 83.03,
        "inc_avg_acc": 0.0,
        "nll": 4.462525,
        "brier": 0.986949,
        "ece": 0.818744,
        "beta_prior": 0.3
      }
    },
    {
      "task_id": 1,
      "elapsed_time_sec": 4.731,
      "metrics": {
        "mean_acc": 81.2,
        "task_acc": [
          81.56,
          77.42
        ],
        "harmonic_acc": 79.44,
        "base_avg_acc": 81.56,
        "inc_avg_acc": 77.42,
        "nll": 4.558813,
        "brier": 0.988156,
        "ece": 0.801459,
        "beta_prior": 0.3
      }
    },
    {
      "task_id": 2,
      "elapsed_time_sec": 5.107,
      "metrics": {
        "mean_acc": 79.88,
        "task_acc": [
          81.25,
          76.7,
          69.34
        ],
        "harmonic_acc": 76.92,
        "base_avg_acc": 81.25,
        "inc_avg_acc": 73.02,
        "nll": 4.645938,
        "brier": 0.989145,
        "ece": 0.789205,
        "beta_prior": 0.3
      }
    },
    {
      "task_id": 3,
      "elapsed_time_sec": 5.545,
      "metrics": {
        "mean_acc": 77.04,
        "task_acc": [
          81.18,
          74.91,
          56.1,
          59.4
        ],
        "harmonic_acc": 71.24,
        "base_avg_acc": 81.18,
        "inc_avg_acc": 63.47,
        "nll": 4.725773,
        "brier": 0.989978,
        "ece": 0.761493,
        "beta_prior": 0.3
      }
    },
    {
      "task_id": 4,
      "elapsed_time_sec": 5.947,
      "metrics": {
        "mean_acc": 76.54,
        "task_acc": [
          80.55,
          74.91,
          52.96,
          57.05,
          81.67
        ],
        "harmonic_acc": 72.94,
        "base_avg_acc": 80.55,
        "inc_avg_acc": 66.65,
        "nll": 4.800314,
        "brier": 0.9907,
        "ece": 0.757136,
        "beta_prior": 0.3
      }
    },
    {
      "task_id": 5,
      "elapsed_time_sec": 6.387,
      "metrics": {
        "mean_acc": 75.4,
        "task_acc": [
          80.52,
          73.12,
          52.96,
          56.38,
          81.67,
          62.75
        ],
        "harmonic_acc": 72.16,
        "base_avg_acc": 80.52,
        "inc_avg_acc": 65.38,
        "nll": 4.868942,
        "brier": 0.991315,
        "ece": 0.746336,
        "beta_prior": 0.3
      }
    },
    {
      "task_id": 6,
      "elapsed_time_sec": 6.815,
      "metrics": {
        "mean_acc": 74.9,
        "task_acc": [
          79.78,
          72.04,
          51.92,
          57.05,
          82.0,
          63.09,
          75.35
        ],
        "harmonic_acc": 72.78,
        "base_avg_acc": 79.78,
        "inc_avg_acc": 66.91,
        "nll": 4.934963,
        "brier": 0.991879,
        "ece": 0.741808,
        "beta_prior": 0.3
      }
    },
    {
      "task_id": 7,
      "elapsed_time_sec": 7.253,
      "metrics": {
        "mean_acc": 74.42,
        "task_acc": [
          79.57,
          70.97,
          52.26,
          56.71,
          81.67,
          63.09,
          73.26,
          72.39
        ],
        "harmonic_acc": 72.86,
        "base_avg_acc": 79.57,
        "inc_avg_acc": 67.19,
        "nll": 4.996603,
        "brier": 0.99237,
        "ece": 0.737462,
        "beta_prior": 0.3
      }
    },
    {
      "task_id": 8,
      "elapsed_time_sec": 7.73,
      "metrics": {
        "mean_acc": 72.92,
        "task_acc": [
          79.54,
          71.33,
          51.57,
          56.04,
          82.0,
          62.42,
          66.32,
          61.95,
          66.78
        ],
        "harmonic_acc": 71.42,
        "base_avg_acc": 79.54,
        "inc_avg_acc": 64.8,
        "nll": 5.054953,
        "brier": 0.992809,
        "ece": 0.722757,
        "beta_prior": 0.3
      }
    },
    {
      "task_id": 9,
      "elapsed_time_sec": 8.108,
      "metrics": {
        "mean_acc": 73.04,
        "task_acc": [
          79.47,
          70.97,
          51.22,
          55.7,
          81.67,
          62.75,
          65.97,
          60.94,
          65.76,
          79.51
        ],
        "harmonic_acc": 72.14,
        "base_avg_acc": 79.47,
        "inc_avg_acc": 66.05,
        "nll": 5.108668,
        "brier": 0.993183,
        "ece": 0.724366,
        "beta_prior": 0.3
      }
    },
    {
      "task_id": 10,
      "elapsed_time_sec": 8.585,
      "metrics": {
        "mean_acc": 73.04,
        "task_acc": [
          79.19,
          69.18,
          51.57,
          55.37,
          82.0,
          62.42,
          66.32,
          60.61,
          64.75,
          79.51,
          78.33
        ],
        "harmonic_acc": 72.59,
        "base_avg_acc": 79.19,
        "inc_avg_acc": 67.01,
        "nll": 5.160398,
        "brier": 0.993529,
        "ece": 0.724649,
        "beta_prior": 0.3
      }
    }
  ]
}