{
  "dataset": "cub200",
  "trainer": "bimc",
  "seed": 13,
  "runtime_sec": 76.984,
  "acc_list": [
    81.46,
    78.62,
    77.03,
    73.85,
    72.79,
    71.17,
    70.72,
    69.97,
    68.69,
    68.64,
    68.35
  ],
  "task_acc_list": [
    [
      81.46
    ],
    [
      80.62,
      58.06
    ],
    [
      80.59,
      56.63,
      61.32
    ],
    [
      80.38,
      57.35,
      55.4,
      44.3
    ],
    [
      80.17,
      56.63,
      54.7,
      42.62,
      64.67
    ],
    [
      80.13,
      56.27,
      54.36,
      43.29,
      65.33,
      48.99
    ],
    [
      80.1,
      55.91,
      53.66,
      42.62,
      64.67,
      48.66,
      67.01
    ],
    [
      79.75,
      56.27,
      54.01,
      42.28,
      64.33,
      48.99,
      65.62,
      62.63
    ],
    [
      79.78,
      55.91,
      54.01,
      42.28,
      64.67,
      48.99,
      61.81,
      56.23,
      57.29
    ],
    [
      79.71,
      55.56,
      53.66,
      41.95,
      64.0,
      48.99,
      61.81,
      56.23,
      56.95,
      70.49
    ],
    [
      79.99,
      55.2,
      54.36,
      41.95,
      64.67,
      48.66,
      62.5,
      54.88,
      55.59,
      68.75,
      63.33
    ]
  ],
  "task_results": [
    {
      "task_id": 0,
      "elapsed_time_sec": 4.246,
      "metrics": {
        "mean_acc": 81.46,
        "task_acc": [
          81.46
        ],
        "harmonic_acc": 0.0,
        "base_avg_acc": 81.46,
        "inc_avg_acc": 0.0,
        "nll": 4.468788,
        "brier": 0.987095,
        "ece": 0.803103,
        "beta_prior": 0.0
      }
    },
    {
      "task_id": 1,
      "elapsed_time_sec": 4.545,
      "metrics": {
        "mean_acc": 78.62,
        "task_acc": [
          80.62,
          58.06
        ],
        "harmonic_acc": 67.51,
        "base_avg_acc": 80.62,
        "inc_avg_acc": 58.06,
        "nll": 4.563102,
        "brier": 0.988247,
        "ece": 0.775729,
        "beta_prior": 0.0
      }
    },
    {
      "task_id": 2,
      "elapsed_time_sec": 4.898,
      "metrics": {
        "mean_acc": 77.03,
        "task_acc": [
          80.59,
          56.63,
          61.32
        ],
        "harmonic_acc": 68.11,
        "base_avg_acc": 80.59,
        "inc_avg_acc": 58.98,
        "nll": 4.650421,
        "brier": 0.989232,
        "ece": 0.760671,
        "beta_prior": 0.0
      }
    },
    {
      "task_id": 3,
      "elapsed_time_sec": 5.331,
      "metrics": {
        "mean_acc": 73.85,
        "task_acc": [
          80.38,
          57.35,
          55.4,
          44.3
        ],
        "harmonic_acc": 63.41,
        "base_avg_acc": 80.38,
        "inc_avg_acc": 52.35,
        "nll": 4.730155,
        "brier": 0.990055,
        "ece": 0.729604,
        "beta_prior": 0.0
      }
    },
    {
      "task_id": 4,
      "elapsed_time_sec": 5.727,
      "metrics": {
        "mean_acc": 72.79,
        "task_acc": [
          80.17,
          56.63,
          54.7,
          42.62,
          64.67
        ],
        "harmonic_acc": 65.0,
        "base_avg_acc": 80.17,
        "inc_avg_acc": 54.66,
        "nll": 4.805448,
        "brier": 0.990784,
        "ece": 0.719683,
        "beta_prior": 0.0
      }
    },
    {
      "task_id": 5,
      "elapsed_time_sec": 6.119,
      "metrics": {
        "mean_acc": 71.17,
        "task_acc": [
          80.13,
          56.27,
          54.36,
          43.29,
          65.33,
          48.99
        ],
        "harmonic_acc": 64.27,
        "base_avg_acc": 80.13,
        "inc_avg_acc": 53.65,
        "nll": 4.874996,
        "brier": 0.991407,
        "ece": 0.704072,
        "beta_prior": 0.0
      }
    },
    {
      "task_id": 6,
      "elapsed_time_sec": 6.558,
      "metrics": {
        "mean_acc": 70.72,
        "task_acc": [
          80.1,
          55.91,
          53.66,
          42.62,
          64.67,
          48.66,
          67.01
        ],
        "harmonic_acc": 65.51,
        "base_avg_acc": 80.1,
        "inc_avg_acc": 55.42,
        "nll": 4.941203,
        "brier": 0.991967,
        "ece": 0.700015,
        "beta_prior": 0.0
      }
    },
    {
      "task_id": 7,
      "elapsed_time_sec": 7.001,
      "metrics": {
        "mean_acc": 69.97,
        "task_acc": [
          79.75,
          56.27,
          54.01,
          42.28,
          64.33,
          48.99,
          65.62,
          62.63
        ],
        "harmonic_acc": 66.01,
        "base_avg_acc": 79.75,
        "inc_avg_acc": 56.3,
        "nll": 5.003134,
        "brier": 0.992457,
        "ece": 0.692903,
        "beta_prior": 0.0
      }
    },
    {
      "task_id": 8,
      "elapsed_time_sec": 7.401,
      "metrics": {
        "mean_acc": 68.69,
        "task_acc": [
          79.78,
          55.91,
          54.01,
          42.28,
          64.67,
          48.99,
          61.81,
          56.23,
          57.29
        ],
        "harmonic_acc": 65.22,
        "base_avg_acc": 79.78,
        "inc_avg_acc": 55.15,
        "nll": 5.061748,
        "brier": 0.992894,
        "ece": 0.680532,
        "beta_prior": 0.0
      }
    },
    {
      "task_id": 9,
      "elapsed_time_sec": 7.795,
      "metrics": {
        "mean_acc": 68.64,
        "task_acc": [
          79.71,
          55.56,
          53.66,
          41.95,
          64.0,
          48.99,
          61.81,
          56.23,
          56.95,
          70.49
        ],
        "harmonic_acc": 66.21,
        "base_avg_acc": 79.71,
        "inc_avg_acc": 56.63,
        "nll": 5.115552,
        "brier": 0.993265,
        "ece": 0.680351,
        "beta_prior": 0.0
      }
    },
    {
      "task_id": 10,
      "elapsed_time_sec": 8.23,
      "metrics": {
        "mean_acc": 68.35,
        "task_acc": [
          79.99,
          55.2,
          54.36,
          41.95,
          64.67,
          48.66,
          62.5,
          54.88,
          55.59,
          68.75,
          63.33
        ],
        "harmonic_acc": 66.56,
        "base_avg_acc": 79.99,
        "inc_avg_acc": 56.99,
        "nll": 5.167534,
        "brier": 0.993609,
        "ece": 0.677736,
        "beta_prior": 0.0
      }
    }
  ]
}