{
  "dataset": "cub200",
  "trainer": "bimc_ensemble",
  "seed": 2,
  "runtime_sec": 79.624,
  "acc_list": [
    83.03,
    80.62,
    79.1,
    75.7,
    75.0,
    74.36,
    73.69,
    73.75,
    72.44,
    72.59,
    72.7
  ],
  "task_acc_list": [
    [
      83.03
    ],
    [
      81.11,
      75.63
    ],
    [
      80.62,
      73.48,
      69.34
    ],
    [
      80.62,
      72.04,
      55.4,
      51.34
    ],
    [
      79.75,
      71.68,
      53.31,
      50.67,
      77.67
    ],
    [
      79.64,
      70.97,
      53.31,
      51.01,
      77.33,
      67.45
    ],
    [
      79.05,
      71.68,
      52.96,
      50.0,
      78.0,
      67.11,
      69.79
    ],
    [
      78.98,
      72.04,
      52.61,
      50.67,
      77.67,
      66.44,
      69.1,
      76.43
    ],
    [
      78.88,
      71.68,
      52.61,
      50.34,
      77.33,
      66.11,
      65.28,
      69.36,
      63.73
    ],
    [
      78.42,
      71.33,
      53.31,
      50.67,
      77.0,
      66.78,
      64.24,
      68.69,
      62.03,
      82.29
    ],
    [
      78.56,
      69.89,
      52.61,
      50.34,
      78.0,
      66.78,
      64.58,
      67.34,
      61.69,
      81.25,
      77.0
    ]
  ],
  "task_results": [
    {
      "task_id": 0,
      "elapsed_time_sec": 4.403,
      "metrics": {
        "mean_acc": 83.03,
        "task_acc": [
          83.03
        ],
        "harmonic_acc": 0.0,
        "base_avg_acc": 83.03,
        "inc_avg_acc": 0.0,
        "nll": 4.462525,
        "brier": 0.986949,
        "ece": 0.818744,
        "beta_prior": 0.3
      }
    },
    {
      "task_id": 1,
      "elapsed_time_sec": 4.685,
      "metrics": {
        "mean_acc": 80.62,
        "task_acc": [
          81.11,
          75.63
        ],
        "harmonic_acc": 78.27,
        "base_avg_acc": 81.11,
        "inc_avg_acc": 75.63,
        "nll": 4.558885,
        "brier": 0.988158,
        "ece": 0.795733,
        "beta_prior": 0.3
      }
    },
    {
      "task_id": 2,
      "elapsed_time_sec": 5.086,
      "metrics": {
        "mean_acc": 79.1,
        "task_acc": [
          80.62,
          73.48,
          69.34
        ],
        "harmonic_acc": 75.74,
        "base_avg_acc": 80.62,
        "inc_avg_acc": 71.41,
        "nll": 4.645835,
        "brier": 0.989143,
        "ece": 0.781332,
        "beta_prior": 0.3
      }
    },
    {
      "task_id": 3,
      "elapsed_time_sec": 5.534,
      "metrics": {
        "mean_acc": 75.7,
        "task_acc": [
          80.62,
          72.04,
          55.4,
          51.34
        ],
        "harmonic_acc": 68.53,
        "base_avg_acc": 80.62,
        "inc_avg_acc": 59.59,
        "nll": 4.726099,
        "brier": 0.989984,
        "ece": 0.748082,
        "beta_prior": 0.3
      }
    },
    {
      "task_id": 4,
      "elapsed_time_sec": 5.946,
      "metrics": {
        "mean_acc": 75.0,
        "task_acc": [
          79.75,
          71.68,
          53.31,
          50.67,
          77.67
        ],
        "harmonic_acc": 70.6,
        "base_avg_acc": 79.75,
        "inc_avg_acc": 63.33,
        "nll": 4.800864,
        "brier": 0.990709,
        "ece": 0.741748,
        "beta_prior": 0.3
      }
    },
    {
      "task_id": 5,
      "elapsed_time_sec": 6.358,
      "metrics": {
        "mean_acc": 74.36,
        "task_acc": [
          79.64,
          70.97,
          53.31,
          51.01,
          77.33,
          67.45
        ],
        "harmonic_acc": 70.98,
        "base_avg_acc": 79.64,
        "inc_avg_acc": 64.01,
        "nll": 4.869407,
        "brier": 0.991322,
        "ece": 0.735937,
        "beta_prior": 0.3
      }
    },
    {
      "task_id": 6,
      "elapsed_time_sec": 6.815,
      "metrics": {
        "mean_acc": 73.69,
        "task_acc": [
          79.05,
          71.68,
          52.96,
          50.0,
          78.0,
          67.11,
          69.79
        ],
        "harmonic_acc": 71.29,
        "base_avg_acc": 79.05,
        "inc_avg_acc": 64.92,
        "nll": 4.935482,
        "brier": 0.991886,
        "ece": 0.729674,
        "beta_prior": 0.3
      }
    },
    {
      "task_id": 7,
      "elapsed_time_sec": 7.236,
      "metrics": {
        "mean_acc": 73.75,
        "task_acc": [
          78.98,
          72.04,
          52.61,
          50.67,
          77.67,
          66.44,
          69.1,
          76.43
        ],
        "harmonic_acc": 72.16,
        "base_avg_acc": 78.98,
        "inc_avg_acc": 66.42,
        "nll": 4.997059,
        "brier": 0.992376,
        "ece": 0.730745,
        "beta_prior": 0.3
      }
    },
    {
      "task_id": 8,
      "elapsed_time_sec": 7.678,
      "metrics": {
        "mean_acc": 72.44,
        "task_acc": [
          78.88,
          71.68,
          52.61,
          50.34,
          77.33,
          66.11,
          65.28,
          69.36,
          63.73
        ],
        "harmonic_acc": 71.0,
        "base_avg_acc": 78.88,
        "inc_avg_acc": 64.56,
        "nll": 5.055304,
        "brier": 0.992814,
        "ece": 0.717956,
        "beta_prior": 0.3
      }
    },
    {
      "task_id": 9,
      "elapsed_time_sec": 8.105,
      "metrics": {
        "mean_acc": 72.59,
        "task_acc": [
          78.42,
          71.33,
          53.31,
          50.67,
          77.0,
          66.78,
          64.24,
          68.69,
          62.03,
          82.29
        ],
        "harmonic_acc": 71.83,
        "base_avg_acc": 78.42,
        "inc_avg_acc": 66.26,
        "nll": 5.108956,
        "brier": 0.993187,
        "ece": 0.719817,
        "beta_prior": 0.3
      }
    },
    {
      "task_id": 10,
      "elapsed_time_sec": 8.555,
      "metrics": {
        "mean_acc": 72.7,
        "task_acc": [
          78.56,
          69.89,
          52.61,
          50.34,
          78.0,
          66.78,
          64.58,
          67.34,
          61.69,
          81.25,
          77.0
        ],
        "harmonic_acc": 72.29,
        "base_avg_acc": 78.56,
        "inc_avg_acc": 66.95,
        "nll": 5.16066,
        "brier": 0.993532,
        "ece": 0.721198,
        "beta_prior": 0.3
      }
    }
  ]
}