{
  "dataset": "cub200",
  "trainer": "bimc_dino_fusion",
  "seed": 11,
  "runtime_sec": 257.64,
  "acc_list": [
    86.35,
    84.7,
    84.23,
    83.23,
    83.47,
    82.15,
    82.4,
    83.16,
    83.0,
    83.49,
    83.93
  ],
  "task_acc_list": [
    [
      86.35
    ],
    [
      86.21,
      69.18
    ],
    [
      86.21,
      69.18,
      79.09
    ],
    [
      86.17,
      69.18,
      70.73,
      80.2
    ],
    [
      86.17,
      69.18,
      70.03,
      79.87,
      87.33
    ],
    [
      86.14,
      69.18,
      70.03,
      79.87,
      87.33,
      64.77
    ],
    [
      86.07,
      68.82,
      70.03,
      79.87,
      87.33,
      64.43,
      87.5
    ],
    [
      86.07,
      68.82,
      70.03,
      79.87,
      87.33,
      64.43,
      86.81,
      95.62
    ],
    [
      86.07,
      68.82,
      69.69,
      79.87,
      87.33,
      64.43,
      86.46,
      90.57,
      86.1
    ],
    [
      86.03,
      68.82,
      69.69,
      79.87,
      87.33,
      64.43,
      86.46,
      90.57,
      85.76,
      93.06
    ],
    [
      86.03,
      68.82,
      69.69,
      79.87,
      87.33,
      64.09,
      86.46,
      90.57,
      85.76,
      93.06,
      92.33
    ]
  ],
  "task_results": [
    {
      "task_id": 0,
      "elapsed_time_sec": 14.162,
      "metrics": {
        "mean_acc": 86.35,
        "task_acc": [
          86.35
        ],
        "harmonic_acc": 0.0,
        "base_avg_acc": 86.35,
        "inc_avg_acc": 0.0,
        "nll": 0.89055,
        "brier": 0.216717,
        "ece": 0.083843,
        "beta_prior": 0.0
      }
    },
    {
      "task_id": 1,
      "elapsed_time_sec": 15.466,
      "metrics": {
        "mean_acc": 84.7,
        "task_acc": [
          86.21,
          69.18
        ],
        "harmonic_acc": 76.76,
        "base_avg_acc": 86.21,
        "inc_avg_acc": 69.18,
        "nll": 0.95077,
        "brier": 0.246731,
        "ece": 0.098178,
        "beta_prior": 0.0
      }
    },
    {
      "task_id": 2,
      "elapsed_time_sec": 16.953,
      "metrics": {
        "mean_acc": 84.23,
        "task_acc": [
          86.21,
          69.18,
          79.09
        ],
        "harmonic_acc": 79.72,
        "base_avg_acc": 86.21,
        "inc_avg_acc": 74.14,
        "nll": 0.973629,
        "brier": 0.254204,
        "ece": 0.101469,
        "beta_prior": 0.0
      }
    },
    {
      "task_id": 3,
      "elapsed_time_sec": 18.329,
      "metrics": {
        "mean_acc": 83.23,
        "task_acc": [
          86.17,
          69.18,
          70.73,
          80.2
        ],
        "harmonic_acc": 79.26,
        "base_avg_acc": 86.17,
        "inc_avg_acc": 73.37,
        "nll": 1.089293,
        "brier": 0.272813,
        "ece": 0.109577,
        "beta_prior": 0.0
      }
    },
    {
      "task_id": 4,
      "elapsed_time_sec": 19.802,
      "metrics": {
        "mean_acc": 83.47,
        "task_acc": [
          86.17,
          69.18,
          70.03,
          79.87,
          87.33
        ],
        "harmonic_acc": 81.11,
        "base_avg_acc": 86.17,
        "inc_avg_acc": 76.6,
        "nll": 1.097163,
        "brier": 0.269317,
        "ece": 0.107932,
        "beta_prior": 0.0
      }
    },
    {
      "task_id": 5,
      "elapsed_time_sec": 21.307,
      "metrics": {
        "mean_acc": 82.15,
        "task_acc": [
          86.14,
          69.18,
          70.03,
          79.87,
          87.33,
          64.77
        ],
        "harmonic_acc": 79.75,
        "base_avg_acc": 86.14,
        "inc_avg_acc": 74.24,
        "nll": 1.134196,
        "brier": 0.28766,
        "ece": 0.116226,
        "beta_prior": 0.0
      }
    },
    {
      "task_id": 6,
      "elapsed_time_sec": 22.68,
      "metrics": {
        "mean_acc": 82.4,
        "task_acc": [
          86.07,
          68.82,
          70.03,
          79.87,
          87.33,
          64.43,
          87.5
        ],
        "harmonic_acc": 80.91,
        "base_avg_acc": 86.07,
        "inc_avg_acc": 76.33,
        "nll": 1.114715,
        "brier": 0.283054,
        "ece": 0.115069,
        "beta_prior": 0.0
      }
    },
    {
      "task_id": 7,
      "elapsed_time_sec": 24.254,
      "metrics": {
        "mean_acc": 83.16,
        "task_acc": [
          86.07,
          68.82,
          70.03,
          79.87,
          87.33,
          64.43,
          86.81,
          95.62
        ],
        "harmonic_acc": 82.38,
        "base_avg_acc": 86.07,
        "inc_avg_acc": 78.99,
        "nll": 1.095376,
        "brier": 0.271475,
        "ece": 0.109918,
        "beta_prior": 0.0
      }
    },
    {
      "task_id": 8,
      "elapsed_time_sec": 25.604,
      "metrics": {
        "mean_acc": 83.0,
        "task_acc": [
          86.07,
          68.82,
          69.69,
          79.87,
          87.33,
          64.43,
          86.46,
          90.57,
          86.1
        ],
        "harmonic_acc": 82.47,
        "base_avg_acc": 86.07,
        "inc_avg_acc": 79.16,
        "nll": 1.125962,
        "brier": 0.274964,
        "ece": 0.11124,
        "beta_prior": 0.0
      }
    },
    {
      "task_id": 9,
      "elapsed_time_sec": 27.073,
      "metrics": {
        "mean_acc": 83.49,
        "task_acc": [
          86.03,
          68.82,
          69.69,
          79.87,
          87.33,
          64.43,
          86.46,
          90.57,
          85.76,
          93.06
        ],
        "harmonic_acc": 83.26,
        "base_avg_acc": 86.03,
        "inc_avg_acc": 80.67,
        "nll": 1.083267,
        "brier": 0.266362,
        "ece": 0.107291,
        "beta_prior": 0.0
      }
    },
    {
      "task_id": 10,
      "elapsed_time_sec": 28.501,
      "metrics": {
        "mean_acc": 83.93,
        "task_acc": [
          86.03,
          68.82,
          69.69,
          79.87,
          87.33,
          64.09,
          86.46,
          90.57,
          85.76,
          93.06,
          92.33
        ],
        "harmonic_acc": 83.86,
        "base_avg_acc": 86.03,
        "inc_avg_acc": 81.8,
        "nll": 1.080089,
        "brier": 0.260005,
        "ece": 0.104506,
        "beta_prior": 0.0
      }
    }
  ]
}