{
  "dataset": "cub200",
  "trainer": "bimc_ensemble",
  "seed": 16,
  "runtime_sec": 76.328,
  "acc_list": [
    83.03,
    80.72,
    79.83,
    76.93,
    76.49,
    75.34,
    74.84,
    74.53,
    73.17,
    73.06,
    73.33
  ],
  "task_acc_list": [
    [
      83.03
    ],
    [
      81.15,
      76.34
    ],
    [
      81.11,
      76.34,
      70.38
    ],
    [
      80.97,
      74.91,
      59.58,
      56.71
    ],
    [
      80.41,
      75.99,
      58.19,
      56.38,
      77.0
    ],
    [
      79.99,
      75.27,
      57.84,
      56.38,
      77.67,
      64.09
    ],
    [
      79.82,
      73.84,
      58.19,
      55.7,
      77.33,
      63.42,
      71.88
    ],
    [
      79.36,
      73.84,
      58.19,
      56.38,
      77.0,
      63.76,
      70.49,
      74.75
    ],
    [
      79.57,
      73.84,
      58.54,
      55.7,
      77.0,
      63.76,
      67.01,
      63.97,
      63.05
    ],
    [
      79.05,
      74.19,
      58.19,
      55.03,
      76.33,
      62.75,
      67.36,
      63.97,
      62.03,
      79.51
    ],
    [
      79.36,
      72.4,
      56.45,
      56.38,
      76.33,
      63.09,
      67.36,
      62.96,
      61.69,
      79.51,
      78.33
    ]
  ],
  "task_results": [
    {
      "task_id": 0,
      "elapsed_time_sec": 4.21,
      "metrics": {
        "mean_acc": 83.03,
        "task_acc": [
          83.03
        ],
        "harmonic_acc": 0.0,
        "base_avg_acc": 83.03,
        "inc_avg_acc": 0.0,
        "nll": 4.462525,
        "brier": 0.986949,
        "ece": 0.818744,
        "beta_prior": 0.3
      }
    },
    {
      "task_id": 1,
      "elapsed_time_sec": 4.471,
      "metrics": {
        "mean_acc": 80.72,
        "task_acc": [
          81.15,
          76.34
        ],
        "harmonic_acc": 78.67,
        "base_avg_acc": 81.15,
        "inc_avg_acc": 76.34,
        "nll": 4.558829,
        "brier": 0.988156,
        "ece": 0.796687,
        "beta_prior": 0.3
      }
    },
    {
      "task_id": 2,
      "elapsed_time_sec": 4.866,
      "metrics": {
        "mean_acc": 79.83,
        "task_acc": [
          81.11,
          76.34,
          70.38
        ],
        "harmonic_acc": 77.04,
        "base_avg_acc": 81.11,
        "inc_avg_acc": 73.36,
        "nll": 4.645541,
        "brier": 0.989138,
        "ece": 0.788617,
        "beta_prior": 0.3
      }
    },
    {
      "task_id": 3,
      "elapsed_time_sec": 5.264,
      "metrics": {
        "mean_acc": 76.93,
        "task_acc": [
          80.97,
          74.91,
          59.58,
          56.71
        ],
        "harmonic_acc": 71.33,
        "base_avg_acc": 80.97,
        "inc_avg_acc": 63.73,
        "nll": 4.7256,
        "brier": 0.989975,
        "ece": 0.760418,
        "beta_prior": 0.3
      }
    },
    {
      "task_id": 4,
      "elapsed_time_sec": 5.688,
      "metrics": {
        "mean_acc": 76.49,
        "task_acc": [
          80.41,
          75.99,
          58.19,
          56.38,
          77.0
        ],
        "harmonic_acc": 73.03,
        "base_avg_acc": 80.41,
        "inc_avg_acc": 66.89,
        "nll": 4.800432,
        "brier": 0.990702,
        "ece": 0.756641,
        "beta_prior": 0.3
      }
    },
    {
      "task_id": 5,
      "elapsed_time_sec": 6.094,
      "metrics": {
        "mean_acc": 75.34,
        "task_acc": [
          79.99,
          75.27,
          57.84,
          56.38,
          77.67,
          64.09
        ],
        "harmonic_acc": 72.47,
        "base_avg_acc": 79.99,
        "inc_avg_acc": 66.25,
        "nll": 4.869258,
        "brier": 0.99132,
        "ece": 0.745645,
        "beta_prior": 0.3
      }
    },
    {
      "task_id": 6,
      "elapsed_time_sec": 6.493,
      "metrics": {
        "mean_acc": 74.84,
        "task_acc": [
          79.82,
          73.84,
          58.19,
          55.7,
          77.33,
          63.42,
          71.88
        ],
        "harmonic_acc": 72.69,
        "base_avg_acc": 79.82,
        "inc_avg_acc": 66.73,
        "nll": 4.935195,
        "brier": 0.991882,
        "ece": 0.741159,
        "beta_prior": 0.3
      }
    },
    {
      "task_id": 7,
      "elapsed_time_sec": 6.909,
      "metrics": {
        "mean_acc": 74.53,
        "task_acc": [
          79.36,
          73.84,
          58.19,
          56.38,
          77.0,
          63.76,
          70.49,
          74.75
        ],
        "harmonic_acc": 73.11,
        "base_avg_acc": 79.36,
        "inc_avg_acc": 67.77,
        "nll": 4.996937,
        "brier": 0.992375,
        "ece": 0.738482,
        "beta_prior": 0.3
      }
    },
    {
      "task_id": 8,
      "elapsed_time_sec": 7.322,
      "metrics": {
        "mean_acc": 73.17,
        "task_acc": [
          79.57,
          73.84,
          58.54,
          55.7,
          77.0,
          63.76,
          67.01,
          63.97,
          63.05
        ],
        "harmonic_acc": 71.77,
        "base_avg_acc": 79.57,
        "inc_avg_acc": 65.36,
        "nll": 5.055132,
        "brier": 0.992812,
        "ece": 0.725255,
        "beta_prior": 0.3
      }
    },
    {
      "task_id": 9,
      "elapsed_time_sec": 7.719,
      "metrics": {
        "mean_acc": 73.06,
        "task_acc": [
          79.05,
          74.19,
          58.19,
          55.03,
          76.33,
          62.75,
          67.36,
          63.97,
          62.03,
          79.51
        ],
        "harmonic_acc": 72.29,
        "base_avg_acc": 79.05,
        "inc_avg_acc": 66.6,
        "nll": 5.10876,
        "brier": 0.993184,
        "ece": 0.724548,
        "beta_prior": 0.3
      }
    },
    {
      "task_id": 10,
      "elapsed_time_sec": 8.179,
      "metrics": {
        "mean_acc": 73.33,
        "task_acc": [
          79.36,
          72.4,
          56.45,
          56.38,
          76.33,
          63.09,
          67.36,
          62.96,
          61.69,
          79.51,
          78.33
        ],
        "harmonic_acc": 72.92,
        "base_avg_acc": 79.36,
        "inc_avg_acc": 67.45,
        "nll": 5.160457,
        "brier": 0.993529,
        "ece": 0.727584,
        "beta_prior": 0.3
      }
    }
  ]
}