{
  "dataset": "cub200",
  "trainer": "bimc_dino_fusion_ensemble",
  "seed": 3,
  "runtime_sec": 265.525,
  "acc_list": [
    88.16,
    86.22,
    85.57,
    84.25,
    83.99,
    83.17,
    83.64,
    83.95,
    83.81,
    84.31,
    84.64
  ],
  "task_acc_list": [
    [
      88.16
    ],
    [
      88.02,
      67.74
    ],
    [
      88.09,
      67.74,
      77.7
    ],
    [
      88.06,
      67.74,
      73.17,
      73.83
    ],
    [
      88.06,
      67.74,
      71.43,
      72.82,
      83.33
    ],
    [
      88.02,
      67.74,
      71.43,
      72.82,
      83.33,
      72.48
    ],
    [
      87.99,
      67.38,
      71.43,
      72.82,
      83.33,
      72.15,
      91.67
    ],
    [
      87.85,
      67.38,
      71.43,
      72.82,
      83.33,
      72.15,
      91.32,
      90.57
    ],
    [
      87.85,
      67.38,
      71.08,
      72.82,
      83.33,
      72.15,
      90.97,
      88.22,
      84.41
    ],
    [
      87.81,
      67.38,
      71.08,
      72.82,
      83.33,
      72.15,
      90.97,
      87.88,
      83.73,
      94.79
    ],
    [
      87.81,
      67.38,
      71.08,
      72.82,
      83.33,
      72.15,
      90.97,
      87.54,
      83.73,
      94.79,
      91.0
    ]
  ],
  "task_results": [
    {
      "task_id": 0,
      "elapsed_time_sec": 14.614,
      "metrics": {
        "mean_acc": 88.16,
        "task_acc": [
          88.16
        ],
        "harmonic_acc": 0.0,
        "base_avg_acc": 88.16,
        "inc_avg_acc": 0.0,
        "nll": 0.547428,
        "brier": 0.183482,
        "ece": 0.044411,
        "beta_prior": 0.3
      }
    },
    {
      "task_id": 1,
      "elapsed_time_sec": 15.925,
      "metrics": {
        "mean_acc": 86.22,
        "task_acc": [
          88.02,
          67.74
        ],
        "harmonic_acc": 76.56,
        "base_avg_acc": 88.02,
        "inc_avg_acc": 67.74,
        "nll": 0.622667,
        "brier": 0.21031,
        "ece": 0.040157,
        "beta_prior": 0.3
      }
    },
    {
      "task_id": 2,
      "elapsed_time_sec": 17.391,
      "metrics": {
        "mean_acc": 85.57,
        "task_acc": [
          88.09,
          67.74,
          77.7
        ],
        "harmonic_acc": 79.67,
        "base_avg_acc": 88.09,
        "inc_avg_acc": 72.72,
        "nll": 0.65019,
        "brier": 0.219422,
        "ece": 0.035329,
        "beta_prior": 0.3
      }
    },
    {
      "task_id": 3,
      "elapsed_time_sec": 18.895,
      "metrics": {
        "mean_acc": 84.25,
        "task_acc": [
          88.06,
          67.74,
          73.17,
          73.83
        ],
        "harmonic_acc": 78.97,
        "base_avg_acc": 88.06,
        "inc_avg_acc": 71.58,
        "nll": 0.703731,
        "brier": 0.237479,
        "ece": 0.04751,
        "beta_prior": 0.3
      }
    },
    {
      "task_id": 4,
      "elapsed_time_sec": 20.422,
      "metrics": {
        "mean_acc": 83.99,
        "task_acc": [
          88.06,
          67.74,
          71.43,
          72.82,
          83.33
        ],
        "harmonic_acc": 80.32,
        "base_avg_acc": 88.06,
        "inc_avg_acc": 73.83,
        "nll": 0.716481,
        "brier": 0.241292,
        "ece": 0.044947,
        "beta_prior": 0.3
      }
    },
    {
      "task_id": 5,
      "elapsed_time_sec": 21.939,
      "metrics": {
        "mean_acc": 83.17,
        "task_acc": [
          88.02,
          67.74,
          71.43,
          72.82,
          83.33,
          72.48
        ],
        "harmonic_acc": 80.14,
        "base_avg_acc": 88.02,
        "inc_avg_acc": 73.56,
        "nll": 0.753314,
        "brier": 0.253686,
        "ece": 0.044017,
        "beta_prior": 0.3
      }
    },
    {
      "task_id": 6,
      "elapsed_time_sec": 23.453,
      "metrics": {
        "mean_acc": 83.64,
        "task_acc": [
          87.99,
          67.38,
          71.43,
          72.82,
          83.33,
          72.15,
          91.67
        ],
        "harmonic_acc": 81.82,
        "base_avg_acc": 87.99,
        "inc_avg_acc": 76.46,
        "nll": 0.747187,
        "brier": 0.24744,
        "ece": 0.048992,
        "beta_prior": 0.3
      }
    },
    {
      "task_id": 7,
      "elapsed_time_sec": 24.959,
      "metrics": {
        "mean_acc": 83.95,
        "task_acc": [
          87.85,
          67.38,
          71.43,
          72.82,
          83.33,
          72.15,
          91.32,
          90.57
        ],
        "harmonic_acc": 82.87,
        "base_avg_acc": 87.85,
        "inc_avg_acc": 78.43,
        "nll": 0.743467,
        "brier": 0.241924,
        "ece": 0.054372,
        "beta_prior": 0.3
      }
    },
    {
      "task_id": 8,
      "elapsed_time_sec": 26.536,
      "metrics": {
        "mean_acc": 83.81,
        "task_acc": [
          87.85,
          67.38,
          71.08,
          72.82,
          83.33,
          72.15,
          90.97,
          88.22,
          84.41
        ],
        "harmonic_acc": 83.08,
        "base_avg_acc": 87.85,
        "inc_avg_acc": 78.8,
        "nll": 0.763255,
        "brier": 0.245672,
        "ece": 0.055819,
        "beta_prior": 0.3
      }
    },
    {
      "task_id": 9,
      "elapsed_time_sec": 28.042,
      "metrics": {
        "mean_acc": 84.31,
        "task_acc": [
          87.81,
          67.38,
          71.08,
          72.82,
          83.33,
          72.15,
          90.97,
          87.88,
          83.73,
          94.79
        ],
        "harmonic_acc": 83.97,
        "base_avg_acc": 87.81,
        "inc_avg_acc": 80.46,
        "nll": 0.747336,
        "brier": 0.238715,
        "ece": 0.054297,
        "beta_prior": 0.3
      }
    },
    {
      "task_id": 10,
      "elapsed_time_sec": 29.474,
      "metrics": {
        "mean_acc": 84.64,
        "task_acc": [
          87.81,
          67.38,
          71.08,
          72.82,
          83.33,
          72.15,
          90.97,
          87.54,
          83.73,
          94.79,
          91.0
        ],
        "harmonic_acc": 84.53,
        "base_avg_acc": 87.81,
        "inc_avg_acc": 81.48,
        "nll": 0.743742,
        "brier": 0.234842,
        "ece": 0.054445,
        "beta_prior": 0.3
      }
    }
  ]
}