{
  "dataset": "cub200",
  "trainer": "bimc",
  "seed": 20,
  "runtime_sec": 76.599,
  "acc_list": [
    82.23,
    80.18,
    79.21,
    75.86,
    75.5,
    74.6,
    74.25,
    74.0,
    72.97,
    73.28,
    73.16
  ],
  "task_acc_list": [
    [
      82.23
    ],
    [
      81.49,
      66.67
    ],
    [
      81.35,
      65.95,
      70.73
    ],
    [
      81.35,
      65.59,
      59.23,
      48.66
    ],
    [
      80.83,
      65.59,
      59.23,
      47.65,
      77.0
    ],
    [
      80.69,
      64.52,
      59.58,
      48.32,
      77.33,
      63.42
    ],
    [
      80.45,
      64.87,
      58.54,
      47.99,
      77.33,
      63.76,
      72.22
    ],
    [
      80.27,
      64.52,
      58.54,
      47.99,
      77.67,
      63.76,
      71.88,
      72.05
    ],
    [
      80.2,
      64.52,
      58.54,
      47.99,
      77.33,
      63.76,
      67.71,
      67.34,
      65.76
    ],
    [
      80.17,
      64.52,
      58.89,
      47.32,
      77.67,
      63.76,
      67.71,
      66.67,
      64.75,
      80.9
    ],
    [
      80.13,
      63.8,
      57.84,
      47.99,
      77.33,
      63.09,
      67.36,
      64.98,
      64.75,
      79.86,
      76.33
    ]
  ],
  "task_results": [
    {
      "task_id": 0,
      "elapsed_time_sec": 4.236,
      "metrics": {
        "mean_acc": 82.23,
        "task_acc": [
          82.23
        ],
        "harmonic_acc": 0.0,
        "base_avg_acc": 82.23,
        "inc_avg_acc": 0.0,
        "nll": 4.448106,
        "brier": 0.986622,
        "ece": 0.810544,
        "beta_prior": 0.3
      }
    },
    {
      "task_id": 1,
      "elapsed_time_sec": 4.502,
      "metrics": {
        "mean_acc": 80.18,
        "task_acc": [
          81.49,
          66.67
        ],
        "harmonic_acc": 73.34,
        "base_avg_acc": 81.49,
        "inc_avg_acc": 66.67,
        "nll": 4.544218,
        "brier": 0.987854,
        "ece": 0.791122,
        "beta_prior": 0.3
      }
    },
    {
      "task_id": 2,
      "elapsed_time_sec": 4.874,
      "metrics": {
        "mean_acc": 79.21,
        "task_acc": [
          81.35,
          65.95,
          70.73
        ],
        "harmonic_acc": 74.28,
        "base_avg_acc": 81.35,
        "inc_avg_acc": 68.34,
        "nll": 4.631986,
        "brier": 0.988881,
        "ece": 0.782362,
        "beta_prior": 0.3
      }
    },
    {
      "task_id": 3,
      "elapsed_time_sec": 5.263,
      "metrics": {
        "mean_acc": 75.86,
        "task_acc": [
          81.35,
          65.59,
          59.23,
          48.66
        ],
        "harmonic_acc": 67.6,
        "base_avg_acc": 81.35,
        "inc_avg_acc": 57.83,
        "nll": 4.712722,
        "brier": 0.989749,
        "ece": 0.74957,
        "beta_prior": 0.3
      }
    },
    {
      "task_id": 4,
      "elapsed_time_sec": 5.683,
      "metrics": {
        "mean_acc": 75.5,
        "task_acc": [
          80.83,
          65.59,
          59.23,
          47.65,
          77.0
        ],
        "harmonic_acc": 70.41,
        "base_avg_acc": 80.83,
        "inc_avg_acc": 62.37,
        "nll": 4.788204,
        "brier": 0.990504,
        "ece": 0.746607,
        "beta_prior": 0.3
      }
    },
    {
      "task_id": 5,
      "elapsed_time_sec": 6.09,
      "metrics": {
        "mean_acc": 74.6,
        "task_acc": [
          80.69,
          64.52,
          59.58,
          48.32,
          77.33,
          63.42
        ],
        "harmonic_acc": 70.52,
        "base_avg_acc": 80.69,
        "inc_avg_acc": 62.63,
        "nll": 4.857562,
        "brier": 0.991142,
        "ece": 0.738156,
        "beta_prior": 0.3
      }
    },
    {
      "task_id": 6,
      "elapsed_time_sec": 6.488,
      "metrics": {
        "mean_acc": 74.25,
        "task_acc": [
          80.45,
          64.87,
          58.54,
          47.99,
          77.33,
          63.76,
          72.22
        ],
        "harmonic_acc": 71.36,
        "base_avg_acc": 80.45,
        "inc_avg_acc": 64.12,
        "nll": 4.924223,
        "brier": 0.991726,
        "ece": 0.735227,
        "beta_prior": 0.3
      }
    },
    {
      "task_id": 7,
      "elapsed_time_sec": 6.909,
      "metrics": {
        "mean_acc": 74.0,
        "task_acc": [
          80.27,
          64.52,
          58.54,
          47.99,
          77.67,
          63.76,
          71.88,
          72.05
        ],
        "harmonic_acc": 71.96,
        "base_avg_acc": 80.27,
        "inc_avg_acc": 65.2,
        "nll": 4.986157,
        "brier": 0.99223,
        "ece": 0.733113,
        "beta_prior": 0.3
      }
    },
    {
      "task_id": 8,
      "elapsed_time_sec": 7.323,
      "metrics": {
        "mean_acc": 72.97,
        "task_acc": [
          80.2,
          64.52,
          58.54,
          47.99,
          77.33,
          63.76,
          67.71,
          67.34,
          65.76
        ],
        "harmonic_acc": 71.26,
        "base_avg_acc": 80.2,
        "inc_avg_acc": 64.12,
        "nll": 5.044919,
        "brier": 0.992683,
        "ece": 0.723266,
        "beta_prior": 0.3
      }
    },
    {
      "task_id": 9,
      "elapsed_time_sec": 7.728,
      "metrics": {
        "mean_acc": 73.28,
        "task_acc": [
          80.17,
          64.52,
          58.89,
          47.32,
          77.67,
          63.76,
          67.71,
          66.67,
          64.75,
          80.9
        ],
        "harmonic_acc": 72.28,
        "base_avg_acc": 80.17,
        "inc_avg_acc": 65.8,
        "nll": 5.098696,
        "brier": 0.993064,
        "ece": 0.72667,
        "beta_prior": 0.3
      }
    },
    {
      "task_id": 10,
      "elapsed_time_sec": 8.166,
      "metrics": {
        "mean_acc": 73.16,
        "task_acc": [
          80.13,
          63.8,
          57.84,
          47.99,
          77.33,
          63.09,
          67.36,
          64.98,
          64.75,
          79.86,
          76.33
        ],
        "harmonic_acc": 72.58,
        "base_avg_acc": 80.13,
        "inc_avg_acc": 66.33,
        "nll": 5.15078,
        "brier": 0.993419,
        "ece": 0.7258,
        "beta_prior": 0.3
      }
    }
  ]
}