{
  "dataset": "cub200",
  "trainer": "bimc",
  "seed": 17,
  "runtime_sec": 77.246,
  "acc_list": [
    81.46,
    78.62,
    77.26,
    73.5,
    72.47,
    71.15,
    70.35,
    69.8,
    68.65,
    68.8,
    68.52
  ],
  "task_acc_list": [
    [
      81.46
    ],
    [
      80.69,
      57.35
    ],
    [
      80.8,
      56.99,
      61.67
    ],
    [
      80.59,
      56.99,
      51.57,
      41.95
    ],
    [
      80.41,
      56.99,
      48.78,
      40.6,
      65.33
    ],
    [
      80.24,
      56.63,
      48.78,
      40.6,
      65.67,
      55.03
    ],
    [
      79.99,
      56.63,
      48.43,
      40.6,
      65.0,
      55.03,
      61.81
    ],
    [
      79.82,
      56.63,
      49.13,
      40.6,
      65.0,
      55.37,
      59.03,
      64.65
    ],
    [
      79.64,
      56.27,
      48.78,
      40.27,
      65.0,
      54.7,
      56.6,
      58.59,
      61.36
    ],
    [
      79.57,
      56.27,
      48.78,
      39.93,
      65.0,
      54.7,
      56.6,
      58.92,
      60.0,
      73.61
    ],
    [
      79.57,
      54.84,
      48.78,
      40.27,
      65.0,
      53.36,
      56.25,
      58.25,
      59.32,
      71.53,
      69.33
    ]
  ],
  "task_results": [
    {
      "task_id": 0,
      "elapsed_time_sec": 4.263,
      "metrics": {
        "mean_acc": 81.46,
        "task_acc": [
          81.46
        ],
        "harmonic_acc": 0.0,
        "base_avg_acc": 81.46,
        "inc_avg_acc": 0.0,
        "nll": 4.468788,
        "brier": 0.987095,
        "ece": 0.803103,
        "beta_prior": 0.0
      }
    },
    {
      "task_id": 1,
      "elapsed_time_sec": 4.523,
      "metrics": {
        "mean_acc": 78.62,
        "task_acc": [
          80.69,
          57.35
        ],
        "harmonic_acc": 67.05,
        "base_avg_acc": 80.69,
        "inc_avg_acc": 57.35,
        "nll": 4.563273,
        "brier": 0.988251,
        "ece": 0.77573,
        "beta_prior": 0.0
      }
    },
    {
      "task_id": 2,
      "elapsed_time_sec": 4.899,
      "metrics": {
        "mean_acc": 77.26,
        "task_acc": [
          80.8,
          56.99,
          61.67
        ],
        "harmonic_acc": 68.42,
        "base_avg_acc": 80.8,
        "inc_avg_acc": 59.33,
        "nll": 4.650696,
        "brier": 0.989237,
        "ece": 0.763007,
        "beta_prior": 0.0
      }
    },
    {
      "task_id": 3,
      "elapsed_time_sec": 5.317,
      "metrics": {
        "mean_acc": 73.5,
        "task_acc": [
          80.59,
          56.99,
          51.57,
          41.95
        ],
        "harmonic_acc": 61.84,
        "base_avg_acc": 80.59,
        "inc_avg_acc": 50.17,
        "nll": 4.730695,
        "brier": 0.990065,
        "ece": 0.726122,
        "beta_prior": 0.0
      }
    },
    {
      "task_id": 4,
      "elapsed_time_sec": 5.735,
      "metrics": {
        "mean_acc": 72.47,
        "task_acc": [
          80.41,
          56.99,
          48.78,
          40.6,
          65.33
        ],
        "harmonic_acc": 63.83,
        "base_avg_acc": 80.41,
        "inc_avg_acc": 52.92,
        "nll": 4.805937,
        "brier": 0.990792,
        "ece": 0.716461,
        "beta_prior": 0.0
      }
    },
    {
      "task_id": 5,
      "elapsed_time_sec": 6.151,
      "metrics": {
        "mean_acc": 71.15,
        "task_acc": [
          80.24,
          56.63,
          48.78,
          40.6,
          65.67,
          55.03
        ],
        "harmonic_acc": 64.08,
        "base_avg_acc": 80.24,
        "inc_avg_acc": 53.34,
        "nll": 4.875365,
        "brier": 0.991413,
        "ece": 0.703844,
        "beta_prior": 0.0
      }
    },
    {
      "task_id": 6,
      "elapsed_time_sec": 6.564,
      "metrics": {
        "mean_acc": 70.35,
        "task_acc": [
          79.99,
          56.63,
          48.43,
          40.6,
          65.0,
          55.03,
          61.81
        ],
        "harmonic_acc": 64.89,
        "base_avg_acc": 79.99,
        "inc_avg_acc": 54.58,
        "nll": 4.941666,
        "brier": 0.991974,
        "ece": 0.696334,
        "beta_prior": 0.0
      }
    },
    {
      "task_id": 7,
      "elapsed_time_sec": 7.015,
      "metrics": {
        "mean_acc": 69.8,
        "task_acc": [
          79.82,
          56.63,
          49.13,
          40.6,
          65.0,
          55.37,
          59.03,
          64.65
        ],
        "harmonic_acc": 65.66,
        "base_avg_acc": 79.82,
        "inc_avg_acc": 55.77,
        "nll": 5.003474,
        "brier": 0.992462,
        "ece": 0.691278,
        "beta_prior": 0.0
      }
    },
    {
      "task_id": 8,
      "elapsed_time_sec": 7.433,
      "metrics": {
        "mean_acc": 68.65,
        "task_acc": [
          79.64,
          56.27,
          48.78,
          40.27,
          65.0,
          54.7,
          56.6,
          58.59,
          61.36
        ],
        "harmonic_acc": 65.2,
        "base_avg_acc": 79.64,
        "inc_avg_acc": 55.2,
        "nll": 5.061874,
        "brier": 0.992896,
        "ece": 0.68015,
        "beta_prior": 0.0
      }
    },
    {
      "task_id": 9,
      "elapsed_time_sec": 7.811,
      "metrics": {
        "mean_acc": 68.8,
        "task_acc": [
          79.57,
          56.27,
          48.78,
          39.93,
          65.0,
          54.7,
          56.6,
          58.92,
          60.0,
          73.61
        ],
        "harmonic_acc": 66.48,
        "base_avg_acc": 79.57,
        "inc_avg_acc": 57.09,
        "nll": 5.115427,
        "brier": 0.993263,
        "ece": 0.681989,
        "beta_prior": 0.0
      }
    },
    {
      "task_id": 10,
      "elapsed_time_sec": 8.257,
      "metrics": {
        "mean_acc": 68.52,
        "task_acc": [
          79.57,
          54.84,
          48.78,
          40.27,
          65.0,
          53.36,
          56.25,
          58.25,
          59.32,
          71.53,
          69.33
        ],
        "harmonic_acc": 66.89,
        "base_avg_acc": 79.57,
        "inc_avg_acc": 57.69,
        "nll": 5.167715,
        "brier": 0.993611,
        "ece": 0.679465,
        "beta_prior": 0.0
      }
    }
  ]
}