{
  "dataset": "cub200",
  "trainer": "bimc_dino_fusion",
  "seed": 6,
  "runtime_sec": 256.192,
  "acc_list": [
    86.35,
    85.14,
    84.72,
    84.09,
    84.16,
    82.62,
    82.9,
    83.36,
    83.13,
    83.64,
    83.72
  ],
  "task_acc_list": [
    [
      86.35
    ],
    [
      86.1,
      75.27
    ],
    [
      86.1,
      75.27,
      80.14
    ],
    [
      86.07,
      75.27,
      77.35,
      79.87
    ],
    [
      86.07,
      75.27,
      75.96,
      79.87,
      86.33
    ],
    [
      86.07,
      74.91,
      75.96,
      79.87,
      86.33,
      62.08
    ],
    [
      86.0,
      74.91,
      75.96,
      79.87,
      86.33,
      61.74,
      88.19
    ],
    [
      86.0,
      74.91,
      75.96,
      79.87,
      86.33,
      61.74,
      88.19,
      90.57
    ],
    [
      86.0,
      74.91,
      75.96,
      79.87,
      86.33,
      61.74,
      86.46,
      86.2,
      85.42
    ],
    [
      86.0,
      74.91,
      75.96,
      79.87,
      86.33,
      61.74,
      86.46,
      86.2,
      84.41,
      93.75
    ],
    [
      86.0,
      74.91,
      75.61,
      79.87,
      86.33,
      61.74,
      86.46,
      84.51,
      84.41,
      93.75,
      87.33
    ]
  ],
  "task_results": [
    {
      "task_id": 0,
      "elapsed_time_sec": 14.096,
      "metrics": {
        "mean_acc": 86.35,
        "task_acc": [
          86.35
        ],
        "harmonic_acc": 0.0,
        "base_avg_acc": 86.35,
        "inc_avg_acc": 0.0,
        "nll": 0.89055,
        "brier": 0.216717,
        "ece": 0.083843,
        "beta_prior": 0.0
      }
    },
    {
      "task_id": 1,
      "elapsed_time_sec": 15.437,
      "metrics": {
        "mean_acc": 85.14,
        "task_acc": [
          86.1,
          75.27
        ],
        "harmonic_acc": 80.32,
        "base_avg_acc": 86.1,
        "inc_avg_acc": 75.27,
        "nll": 0.913596,
        "brier": 0.234663,
        "ece": 0.09072,
        "beta_prior": 0.0
      }
    },
    {
      "task_id": 2,
      "elapsed_time_sec": 16.771,
      "metrics": {
        "mean_acc": 84.72,
        "task_acc": [
          86.1,
          75.27,
          80.14
        ],
        "harmonic_acc": 81.69,
        "base_avg_acc": 86.1,
        "inc_avg_acc": 77.7,
        "nll": 0.941121,
        "brier": 0.240718,
        "ece": 0.094177,
        "beta_prior": 0.0
      }
    },
    {
      "task_id": 3,
      "elapsed_time_sec": 18.245,
      "metrics": {
        "mean_acc": 84.09,
        "task_acc": [
          86.07,
          75.27,
          77.35,
          79.87
        ],
        "harmonic_acc": 81.56,
        "base_avg_acc": 86.07,
        "inc_avg_acc": 77.5,
        "nll": 1.020552,
        "brier": 0.25315,
        "ece": 0.09897,
        "beta_prior": 0.0
      }
    },
    {
      "task_id": 4,
      "elapsed_time_sec": 19.779,
      "metrics": {
        "mean_acc": 84.16,
        "task_acc": [
          86.07,
          75.27,
          75.96,
          79.87,
          86.33
        ],
        "harmonic_acc": 82.58,
        "base_avg_acc": 86.07,
        "inc_avg_acc": 79.36,
        "nll": 1.051494,
        "brier": 0.253095,
        "ece": 0.097891,
        "beta_prior": 0.0
      }
    },
    {
      "task_id": 5,
      "elapsed_time_sec": 21.176,
      "metrics": {
        "mean_acc": 82.62,
        "task_acc": [
          86.07,
          74.91,
          75.96,
          79.87,
          86.33,
          62.08
        ],
        "harmonic_acc": 80.63,
        "base_avg_acc": 86.07,
        "inc_avg_acc": 75.83,
        "nll": 1.118132,
        "brier": 0.277372,
        "ece": 0.106238,
        "beta_prior": 0.0
      }
    },
    {
      "task_id": 6,
      "elapsed_time_sec": 22.608,
      "metrics": {
        "mean_acc": 82.9,
        "task_acc": [
          86.0,
          74.91,
          75.96,
          79.87,
          86.33,
          61.74,
          88.19
        ],
        "harmonic_acc": 81.71,
        "base_avg_acc": 86.0,
        "inc_avg_acc": 77.83,
        "nll": 1.109527,
        "brier": 0.273389,
        "ece": 0.105039,
        "beta_prior": 0.0
      }
    },
    {
      "task_id": 7,
      "elapsed_time_sec": 24.122,
      "metrics": {
        "mean_acc": 83.36,
        "task_acc": [
          86.0,
          74.91,
          75.96,
          79.87,
          86.33,
          61.74,
          88.19,
          90.57
        ],
        "harmonic_acc": 82.7,
        "base_avg_acc": 86.0,
        "inc_avg_acc": 79.65,
        "nll": 1.114301,
        "brier": 0.267661,
        "ece": 0.102531,
        "beta_prior": 0.0
      }
    },
    {
      "task_id": 8,
      "elapsed_time_sec": 25.49,
      "metrics": {
        "mean_acc": 83.13,
        "task_acc": [
          86.0,
          74.91,
          75.96,
          79.87,
          86.33,
          61.74,
          86.46,
          86.2,
          85.42
        ],
        "harmonic_acc": 82.68,
        "base_avg_acc": 86.0,
        "inc_avg_acc": 79.61,
        "nll": 1.146578,
        "brier": 0.272335,
        "ece": 0.105878,
        "beta_prior": 0.0
      }
    },
    {
      "task_id": 9,
      "elapsed_time_sec": 26.949,
      "metrics": {
        "mean_acc": 83.64,
        "task_acc": [
          86.0,
          74.91,
          75.96,
          79.87,
          86.33,
          61.74,
          86.46,
          86.2,
          84.41,
          93.75
        ],
        "harmonic_acc": 83.46,
        "base_avg_acc": 86.0,
        "inc_avg_acc": 81.07,
        "nll": 1.105793,
        "brier": 0.264066,
        "ece": 0.101824,
        "beta_prior": 0.0
      }
    },
    {
      "task_id": 10,
      "elapsed_time_sec": 28.378,
      "metrics": {
        "mean_acc": 83.72,
        "task_acc": [
          86.0,
          74.91,
          75.61,
          79.87,
          86.33,
          61.74,
          86.46,
          84.51,
          84.41,
          93.75,
          87.33
        ],
        "harmonic_acc": 83.69,
        "base_avg_acc": 86.0,
        "inc_avg_acc": 81.49,
        "nll": 1.113256,
        "brier": 0.262976,
        "ece": 0.102353,
        "beta_prior": 0.0
      }
    }
  ]
}