{
  "dataset": "cub200",
  "trainer": "bimc_ensemble",
  "seed": 7,
  "runtime_sec": 75.967,
  "acc_list": [
    83.03,
    81.23,
    80.26,
    76.48,
    75.77,
    74.55,
    73.86,
    73.41,
    71.88,
    71.86,
    72.01
  ],
  "task_acc_list": [
    [
      83.03
    ],
    [
      81.25,
      81.0
    ],
    [
      80.87,
      80.65,
      73.87
    ],
    [
      80.83,
      79.57,
      62.02,
      45.64
    ],
    [
      80.2,
      79.21,
      59.23,
      43.29,
      78.33
    ],
    [
      79.99,
      77.06,
      59.23,
      43.96,
      78.67,
      61.07
    ],
    [
      79.26,
      76.7,
      58.89,
      43.62,
      78.67,
      62.08,
      70.83
    ],
    [
      79.36,
      75.99,
      58.54,
      43.62,
      78.67,
      61.41,
      69.1,
      68.69
    ],
    [
      79.16,
      75.99,
      58.89,
      42.95,
      79.0,
      61.74,
      66.32,
      58.25,
      61.36
    ],
    [
      78.88,
      75.99,
      58.19,
      43.29,
      78.67,
      61.07,
      66.32,
      58.92,
      59.66,
      76.74
    ],
    [
      78.88,
      75.27,
      57.84,
      42.28,
      78.33,
      61.41,
      65.97,
      56.9,
      59.66,
      76.39,
      79.33
    ]
  ],
  "task_results": [
    {
      "task_id": 0,
      "elapsed_time_sec": 4.202,
      "metrics": {
        "mean_acc": 83.03,
        "task_acc": [
          83.03
        ],
        "harmonic_acc": 0.0,
        "base_avg_acc": 83.03,
        "inc_avg_acc": 0.0,
        "nll": 4.462525,
        "brier": 0.986949,
        "ece": 0.818744,
        "beta_prior": 0.3
      }
    },
    {
      "task_id": 1,
      "elapsed_time_sec": 4.471,
      "metrics": {
        "mean_acc": 81.23,
        "task_acc": [
          81.25,
          81.0
        ],
        "harmonic_acc": 81.12,
        "base_avg_acc": 81.25,
        "inc_avg_acc": 81.0,
        "nll": 4.558749,
        "brier": 0.988155,
        "ece": 0.801777,
        "beta_prior": 0.3
      }
    },
    {
      "task_id": 2,
      "elapsed_time_sec": 4.823,
      "metrics": {
        "mean_acc": 80.26,
        "task_acc": [
          80.87,
          80.65,
          73.87
        ],
        "harmonic_acc": 79.02,
        "base_avg_acc": 80.87,
        "inc_avg_acc": 77.26,
        "nll": 4.645631,
        "brier": 0.989139,
        "ece": 0.792992,
        "beta_prior": 0.3
      }
    },
    {
      "task_id": 3,
      "elapsed_time_sec": 5.266,
      "metrics": {
        "mean_acc": 76.48,
        "task_acc": [
          80.83,
          79.57,
          62.02,
          45.64
        ],
        "harmonic_acc": 70.44,
        "base_avg_acc": 80.83,
        "inc_avg_acc": 62.41,
        "nll": 4.725867,
        "brier": 0.98998,
        "ece": 0.75586,
        "beta_prior": 0.3
      }
    },
    {
      "task_id": 4,
      "elapsed_time_sec": 5.642,
      "metrics": {
        "mean_acc": 75.77,
        "task_acc": [
          80.2,
          79.21,
          59.23,
          43.29,
          78.33
        ],
        "harmonic_acc": 71.81,
        "base_avg_acc": 80.2,
        "inc_avg_acc": 65.02,
        "nll": 4.800555,
        "brier": 0.990704,
        "ece": 0.749442,
        "beta_prior": 0.3
      }
    },
    {
      "task_id": 5,
      "elapsed_time_sec": 6.054,
      "metrics": {
        "mean_acc": 74.55,
        "task_acc": [
          79.99,
          77.06,
          59.23,
          43.96,
          78.67,
          61.07
        ],
        "harmonic_acc": 71.11,
        "base_avg_acc": 79.99,
        "inc_avg_acc": 64.0,
        "nll": 4.869241,
        "brier": 0.99132,
        "ece": 0.737786,
        "beta_prior": 0.3
      }
    },
    {
      "task_id": 6,
      "elapsed_time_sec": 6.473,
      "metrics": {
        "mean_acc": 73.86,
        "task_acc": [
          79.26,
          76.7,
          58.89,
          43.62,
          78.67,
          62.08,
          70.83
        ],
        "harmonic_acc": 71.5,
        "base_avg_acc": 79.26,
        "inc_avg_acc": 65.13,
        "nll": 4.935331,
        "brier": 0.991884,
        "ece": 0.731407,
        "beta_prior": 0.3
      }
    },
    {
      "task_id": 7,
      "elapsed_time_sec": 6.877,
      "metrics": {
        "mean_acc": 73.41,
        "task_acc": [
          79.36,
          75.99,
          58.54,
          43.62,
          78.67,
          61.41,
          69.1,
          68.69
        ],
        "harmonic_acc": 71.55,
        "base_avg_acc": 79.36,
        "inc_avg_acc": 65.15,
        "nll": 4.996852,
        "brier": 0.992373,
        "ece": 0.727282,
        "beta_prior": 0.3
      }
    },
    {
      "task_id": 8,
      "elapsed_time_sec": 7.307,
      "metrics": {
        "mean_acc": 71.88,
        "task_acc": [
          79.16,
          75.99,
          58.89,
          42.95,
          79.0,
          61.74,
          66.32,
          58.25,
          61.36
        ],
        "harmonic_acc": 70.2,
        "base_avg_acc": 79.16,
        "inc_avg_acc": 63.06,
        "nll": 5.055152,
        "brier": 0.992812,
        "ece": 0.712384,
        "beta_prior": 0.3
      }
    },
    {
      "task_id": 9,
      "elapsed_time_sec": 7.673,
      "metrics": {
        "mean_acc": 71.86,
        "task_acc": [
          78.88,
          75.99,
          58.19,
          43.29,
          78.67,
          61.07,
          66.32,
          58.92,
          59.66,
          76.74
        ],
        "harmonic_acc": 70.86,
        "base_avg_acc": 78.88,
        "inc_avg_acc": 64.32,
        "nll": 5.108869,
        "brier": 0.993185,
        "ece": 0.712535,
        "beta_prior": 0.3
      }
    },
    {
      "task_id": 10,
      "elapsed_time_sec": 8.132,
      "metrics": {
        "mean_acc": 72.01,
        "task_acc": [
          78.88,
          75.27,
          57.84,
          42.28,
          78.33,
          61.41,
          65.97,
          56.9,
          59.66,
          76.39,
          79.33
        ],
        "harmonic_acc": 71.47,
        "base_avg_acc": 78.88,
        "inc_avg_acc": 65.34,
        "nll": 5.160457,
        "brier": 0.993529,
        "ece": 0.714293,
        "beta_prior": 0.3
      }
    }
  ]
}