{
  "dataset": "cub200",
  "trainer": "bimc",
  "seed": 18,
  "runtime_sec": 76.68,
  "acc_list": [
    82.23,
    79.92,
    79.3,
    76.29,
    75.97,
    74.57,
    73.97,
    73.41,
    72.01,
    72.19,
    71.97
  ],
  "task_acc_list": [
    [
      82.23
    ],
    [
      81.25,
      66.31
    ],
    [
      81.39,
      65.95,
      71.43
    ],
    [
      81.25,
      65.59,
      62.02,
      52.35
    ],
    [
      80.94,
      66.31,
      59.93,
      49.66,
      79.0
    ],
    [
      80.8,
      65.95,
      59.93,
      49.66,
      79.0,
      57.38
    ],
    [
      80.52,
      65.23,
      58.54,
      50.34,
      78.67,
      57.38,
      69.44
    ],
    [
      80.45,
      65.23,
      59.58,
      50.0,
      79.0,
      57.05,
      68.06,
      65.99
    ],
    [
      80.27,
      64.16,
      59.58,
      49.66,
      78.67,
      57.38,
      67.01,
      57.58,
      61.36
    ],
    [
      80.2,
      65.23,
      59.58,
      48.99,
      79.0,
      57.72,
      67.01,
      57.58,
      59.32,
      77.08
    ],
    [
      80.24,
      64.52,
      58.54,
      49.66,
      78.67,
      57.05,
      65.97,
      54.88,
      58.98,
      77.08,
      73.67
    ]
  ],
  "task_results": [
    {
      "task_id": 0,
      "elapsed_time_sec": 4.224,
      "metrics": {
        "mean_acc": 82.23,
        "task_acc": [
          82.23
        ],
        "harmonic_acc": 0.0,
        "base_avg_acc": 82.23,
        "inc_avg_acc": 0.0,
        "nll": 4.448106,
        "brier": 0.986622,
        "ece": 0.810544,
        "beta_prior": 0.3
      }
    },
    {
      "task_id": 1,
      "elapsed_time_sec": 4.501,
      "metrics": {
        "mean_acc": 79.92,
        "task_acc": [
          81.25,
          66.31
        ],
        "harmonic_acc": 73.02,
        "base_avg_acc": 81.25,
        "inc_avg_acc": 66.31,
        "nll": 4.544006,
        "brier": 0.98785,
        "ece": 0.788574,
        "beta_prior": 0.3
      }
    },
    {
      "task_id": 2,
      "elapsed_time_sec": 4.867,
      "metrics": {
        "mean_acc": 79.3,
        "task_acc": [
          81.39,
          65.95,
          71.43
        ],
        "harmonic_acc": 74.5,
        "base_avg_acc": 81.39,
        "inc_avg_acc": 68.69,
        "nll": 4.631452,
        "brier": 0.98887,
        "ece": 0.783232,
        "beta_prior": 0.3
      }
    },
    {
      "task_id": 3,
      "elapsed_time_sec": 5.285,
      "metrics": {
        "mean_acc": 76.29,
        "task_acc": [
          81.25,
          65.59,
          62.02,
          52.35
        ],
        "harmonic_acc": 69.02,
        "base_avg_acc": 81.25,
        "inc_avg_acc": 59.99,
        "nll": 4.712265,
        "brier": 0.989741,
        "ece": 0.753857,
        "beta_prior": 0.3
      }
    },
    {
      "task_id": 4,
      "elapsed_time_sec": 5.673,
      "metrics": {
        "mean_acc": 75.97,
        "task_acc": [
          80.94,
          66.31,
          59.93,
          49.66,
          79.0
        ],
        "harmonic_acc": 71.31,
        "base_avg_acc": 80.94,
        "inc_avg_acc": 63.72,
        "nll": 4.787446,
        "brier": 0.990491,
        "ece": 0.751316,
        "beta_prior": 0.3
      }
    },
    {
      "task_id": 5,
      "elapsed_time_sec": 6.099,
      "metrics": {
        "mean_acc": 74.57,
        "task_acc": [
          80.8,
          65.95,
          59.93,
          49.66,
          79.0,
          57.38
        ],
        "harmonic_acc": 70.41,
        "base_avg_acc": 80.8,
        "inc_avg_acc": 62.38,
        "nll": 4.85678,
        "brier": 0.99113,
        "ece": 0.737916,
        "beta_prior": 0.3
      }
    },
    {
      "task_id": 6,
      "elapsed_time_sec": 6.491,
      "metrics": {
        "mean_acc": 73.97,
        "task_acc": [
          80.52,
          65.23,
          58.54,
          50.34,
          78.67,
          57.38,
          69.44
        ],
        "harmonic_acc": 70.86,
        "base_avg_acc": 80.52,
        "inc_avg_acc": 63.27,
        "nll": 4.923463,
        "brier": 0.991715,
        "ece": 0.732402,
        "beta_prior": 0.3
      }
    },
    {
      "task_id": 7,
      "elapsed_time_sec": 6.937,
      "metrics": {
        "mean_acc": 73.41,
        "task_acc": [
          80.45,
          65.23,
          59.58,
          50.0,
          79.0,
          57.05,
          68.06,
          65.99
        ],
        "harmonic_acc": 71.01,
        "base_avg_acc": 80.45,
        "inc_avg_acc": 63.56,
        "nll": 4.98574,
        "brier": 0.992225,
        "ece": 0.727203,
        "beta_prior": 0.3
      }
    },
    {
      "task_id": 8,
      "elapsed_time_sec": 7.339,
      "metrics": {
        "mean_acc": 72.01,
        "task_acc": [
          80.27,
          64.16,
          59.58,
          49.66,
          78.67,
          57.38,
          67.01,
          57.58,
          61.36
        ],
        "harmonic_acc": 69.91,
        "base_avg_acc": 80.27,
        "inc_avg_acc": 61.92,
        "nll": 5.044477,
        "brier": 0.992677,
        "ece": 0.713657,
        "beta_prior": 0.3
      }
    },
    {
      "task_id": 9,
      "elapsed_time_sec": 7.727,
      "metrics": {
        "mean_acc": 72.19,
        "task_acc": [
          80.2,
          65.23,
          59.58,
          48.99,
          79.0,
          57.72,
          67.01,
          57.58,
          59.32,
          77.08
        ],
        "harmonic_acc": 70.88,
        "base_avg_acc": 80.2,
        "inc_avg_acc": 63.5,
        "nll": 5.098388,
        "brier": 0.99306,
        "ece": 0.715744,
        "beta_prior": 0.3
      }
    },
    {
      "task_id": 10,
      "elapsed_time_sec": 8.157,
      "metrics": {
        "mean_acc": 71.97,
        "task_acc": [
          80.24,
          64.52,
          58.54,
          49.66,
          78.67,
          57.05,
          65.97,
          54.88,
          58.98,
          77.08,
          73.67
        ],
        "harmonic_acc": 71.15,
        "base_avg_acc": 80.24,
        "inc_avg_acc": 63.9,
        "nll": 5.150552,
        "brier": 0.993417,
        "ece": 0.713887,
        "beta_prior": 0.3
      }
    }
  ]
}