{
  "dataset": "cub200",
  "trainer": "bimc_dino_fusion",
  "seed": 9,
  "runtime_sec": 256.552,
  "acc_list": [
    86.35,
    84.98,
    84.78,
    83.61,
    84.06,
    82.96,
    83.27,
    83.91,
    83.35,
    83.91,
    84.19
  ],
  "task_acc_list": [
    [
      86.35
    ],
    [
      86.1,
      73.48
    ],
    [
      86.1,
      73.48,
      82.58
    ],
    [
      86.07,
      73.48,
      75.26,
      77.52
    ],
    [
      86.07,
      73.48,
      74.56,
      77.18,
      90.67
    ],
    [
      86.07,
      73.48,
      74.22,
      77.18,
      90.67,
      68.46
    ],
    [
      86.0,
      73.48,
      74.22,
      77.18,
      90.67,
      68.46,
      88.54
    ],
    [
      86.0,
      73.48,
      74.22,
      77.18,
      90.67,
      68.46,
      88.19,
      94.28
    ],
    [
      86.0,
      73.48,
      74.22,
      77.18,
      90.67,
      68.12,
      86.46,
      85.19,
      85.08
    ],
    [
      85.96,
      73.48,
      74.22,
      77.18,
      90.67,
      68.12,
      86.46,
      85.19,
      84.75,
      94.79
    ],
    [
      85.96,
      73.48,
      74.22,
      77.18,
      90.67,
      67.79,
      86.46,
      84.51,
      84.41,
      94.44,
      91.0
    ]
  ],
  "task_results": [
    {
      "task_id": 0,
      "elapsed_time_sec": 14.123,
      "metrics": {
        "mean_acc": 86.35,
        "task_acc": [
          86.35
        ],
        "harmonic_acc": 0.0,
        "base_avg_acc": 86.35,
        "inc_avg_acc": 0.0,
        "nll": 0.89055,
        "brier": 0.216717,
        "ece": 0.083843,
        "beta_prior": 0.0
      }
    },
    {
      "task_id": 1,
      "elapsed_time_sec": 15.4,
      "metrics": {
        "mean_acc": 84.98,
        "task_acc": [
          86.1,
          73.48
        ],
        "harmonic_acc": 79.29,
        "base_avg_acc": 86.1,
        "inc_avg_acc": 73.48,
        "nll": 0.920777,
        "brier": 0.236725,
        "ece": 0.093095,
        "beta_prior": 0.0
      }
    },
    {
      "task_id": 2,
      "elapsed_time_sec": 16.821,
      "metrics": {
        "mean_acc": 84.78,
        "task_acc": [
          86.1,
          73.48,
          82.58
        ],
        "harmonic_acc": 81.87,
        "base_avg_acc": 86.1,
        "inc_avg_acc": 78.03,
        "nll": 0.933896,
        "brier": 0.24008,
        "ece": 0.095234,
        "beta_prior": 0.0
      }
    },
    {
      "task_id": 3,
      "elapsed_time_sec": 18.271,
      "metrics": {
        "mean_acc": 83.61,
        "task_acc": [
          86.07,
          73.48,
          75.26,
          77.52
        ],
        "harmonic_acc": 80.39,
        "base_avg_acc": 86.07,
        "inc_avg_acc": 75.42,
        "nll": 1.043992,
        "brier": 0.259537,
        "ece": 0.102838,
        "beta_prior": 0.0
      }
    },
    {
      "task_id": 4,
      "elapsed_time_sec": 19.737,
      "metrics": {
        "mean_acc": 84.06,
        "task_acc": [
          86.07,
          73.48,
          74.56,
          77.18,
          90.67
        ],
        "harmonic_acc": 82.37,
        "base_avg_acc": 86.07,
        "inc_avg_acc": 78.97,
        "nll": 1.053929,
        "brier": 0.253721,
        "ece": 0.099136,
        "beta_prior": 0.0
      }
    },
    {
      "task_id": 5,
      "elapsed_time_sec": 21.177,
      "metrics": {
        "mean_acc": 82.96,
        "task_acc": [
          86.07,
          73.48,
          74.22,
          77.18,
          90.67,
          68.46
        ],
        "harmonic_acc": 81.17,
        "base_avg_acc": 86.07,
        "inc_avg_acc": 76.8,
        "nll": 1.088258,
        "brier": 0.269186,
        "ece": 0.104658,
        "beta_prior": 0.0
      }
    },
    {
      "task_id": 6,
      "elapsed_time_sec": 22.634,
      "metrics": {
        "mean_acc": 83.27,
        "task_acc": [
          86.0,
          73.48,
          74.22,
          77.18,
          90.67,
          68.46,
          88.54
        ],
        "harmonic_acc": 82.22,
        "base_avg_acc": 86.0,
        "inc_avg_acc": 78.76,
        "nll": 1.087462,
        "brier": 0.265634,
        "ece": 0.10349,
        "beta_prior": 0.0
      }
    },
    {
      "task_id": 7,
      "elapsed_time_sec": 24.088,
      "metrics": {
        "mean_acc": 83.91,
        "task_acc": [
          86.0,
          73.48,
          74.22,
          77.18,
          90.67,
          68.46,
          88.19,
          94.28
        ],
        "harmonic_acc": 83.39,
        "base_avg_acc": 86.0,
        "inc_avg_acc": 80.93,
        "nll": 1.068996,
        "brier": 0.256148,
        "ece": 0.09974,
        "beta_prior": 0.0
      }
    },
    {
      "task_id": 8,
      "elapsed_time_sec": 25.669,
      "metrics": {
        "mean_acc": 83.35,
        "task_acc": [
          86.0,
          73.48,
          74.22,
          77.18,
          90.67,
          68.12,
          86.46,
          85.19,
          85.08
        ],
        "harmonic_acc": 82.92,
        "base_avg_acc": 86.0,
        "inc_avg_acc": 80.05,
        "nll": 1.129447,
        "brier": 0.267019,
        "ece": 0.105724,
        "beta_prior": 0.0
      }
    },
    {
      "task_id": 9,
      "elapsed_time_sec": 26.944,
      "metrics": {
        "mean_acc": 83.91,
        "task_acc": [
          85.96,
          73.48,
          74.22,
          77.18,
          90.67,
          68.12,
          86.46,
          85.19,
          84.75,
          94.79
        ],
        "harmonic_acc": 83.75,
        "base_avg_acc": 85.96,
        "inc_avg_acc": 81.65,
        "nll": 1.086315,
        "brier": 0.258013,
        "ece": 0.101411,
        "beta_prior": 0.0
      }
    },
    {
      "task_id": 10,
      "elapsed_time_sec": 28.436,
      "metrics": {
        "mean_acc": 84.19,
        "task_acc": [
          85.96,
          73.48,
          74.22,
          77.18,
          90.67,
          67.79,
          86.46,
          84.51,
          84.41,
          94.44,
          91.0
        ],
        "harmonic_acc": 84.15,
        "base_avg_acc": 85.96,
        "inc_avg_acc": 82.42,
        "nll": 1.090732,
        "brier": 0.253225,
        "ece": 0.100271,
        "beta_prior": 0.0
      }
    }
  ]
}