{
  "dataset": "cub200",
  "trainer": "bimc",
  "seed": 17,
  "runtime_sec": 76.593,
  "acc_list": [
    82.23,
    80.08,
    79.5,
    75.78,
    75.22,
    74.39,
    73.73,
    73.73,
    72.42,
    72.82,
    72.54
  ],
  "task_acc_list": [
    [
      82.23
    ],
    [
      81.42,
      66.31
    ],
    [
      81.46,
      66.31,
      72.82
    ],
    [
      81.22,
      64.16,
      61.67,
      47.99
    ],
    [
      80.97,
      64.16,
      58.54,
      46.64,
      75.0
    ],
    [
      80.83,
      64.16,
      58.54,
      47.32,
      74.67,
      64.09
    ],
    [
      80.38,
      63.8,
      58.54,
      46.98,
      74.33,
      63.76,
      69.79
    ],
    [
      80.38,
      64.16,
      58.54,
      47.32,
      74.33,
      64.09,
      69.1,
      73.4
    ],
    [
      80.1,
      63.8,
      58.54,
      46.31,
      74.33,
      64.09,
      65.28,
      65.99,
      65.76
    ],
    [
      80.1,
      63.8,
      58.54,
      46.64,
      74.33,
      64.09,
      65.62,
      66.33,
      64.75,
      80.21
    ],
    [
      79.89,
      62.01,
      58.54,
      45.97,
      74.0,
      61.74,
      65.28,
      65.66,
      65.08,
      79.17,
      76.0
    ]
  ],
  "task_results": [
    {
      "task_id": 0,
      "elapsed_time_sec": 4.228,
      "metrics": {
        "mean_acc": 82.23,
        "task_acc": [
          82.23
        ],
        "harmonic_acc": 0.0,
        "base_avg_acc": 82.23,
        "inc_avg_acc": 0.0,
        "nll": 4.448106,
        "brier": 0.986622,
        "ece": 0.810544,
        "beta_prior": 0.3
      }
    },
    {
      "task_id": 1,
      "elapsed_time_sec": 4.486,
      "metrics": {
        "mean_acc": 80.08,
        "task_acc": [
          81.42,
          66.31
        ],
        "harmonic_acc": 73.09,
        "base_avg_acc": 81.42,
        "inc_avg_acc": 66.31,
        "nll": 4.544159,
        "brier": 0.987853,
        "ece": 0.790166,
        "beta_prior": 0.3
      }
    },
    {
      "task_id": 2,
      "elapsed_time_sec": 4.861,
      "metrics": {
        "mean_acc": 79.5,
        "task_acc": [
          81.46,
          66.31,
          72.82
        ],
        "harmonic_acc": 75.04,
        "base_avg_acc": 81.46,
        "inc_avg_acc": 69.56,
        "nll": 4.632077,
        "brier": 0.988883,
        "ece": 0.785278,
        "beta_prior": 0.3
      }
    },
    {
      "task_id": 3,
      "elapsed_time_sec": 5.269,
      "metrics": {
        "mean_acc": 75.78,
        "task_acc": [
          81.22,
          64.16,
          61.67,
          47.99
        ],
        "harmonic_acc": 67.63,
        "base_avg_acc": 81.22,
        "inc_avg_acc": 57.94,
        "nll": 4.712834,
        "brier": 0.989752,
        "ece": 0.748767,
        "beta_prior": 0.3
      }
    },
    {
      "task_id": 4,
      "elapsed_time_sec": 5.676,
      "metrics": {
        "mean_acc": 75.22,
        "task_acc": [
          80.97,
          64.16,
          58.54,
          46.64,
          75.0
        ],
        "harmonic_acc": 69.64,
        "base_avg_acc": 80.97,
        "inc_avg_acc": 61.08,
        "nll": 4.788123,
        "brier": 0.990503,
        "ece": 0.743875,
        "beta_prior": 0.3
      }
    },
    {
      "task_id": 5,
      "elapsed_time_sec": 6.121,
      "metrics": {
        "mean_acc": 74.39,
        "task_acc": [
          80.83,
          64.16,
          58.54,
          47.32,
          74.67,
          64.09
        ],
        "harmonic_acc": 70.02,
        "base_avg_acc": 80.83,
        "inc_avg_acc": 61.76,
        "nll": 4.85748,
        "brier": 0.991141,
        "ece": 0.736074,
        "beta_prior": 0.3
      }
    },
    {
      "task_id": 6,
      "elapsed_time_sec": 6.483,
      "metrics": {
        "mean_acc": 73.73,
        "task_acc": [
          80.38,
          63.8,
          58.54,
          46.98,
          74.33,
          63.76,
          69.79
        ],
        "harmonic_acc": 70.55,
        "base_avg_acc": 80.38,
        "inc_avg_acc": 62.87,
        "nll": 4.924041,
        "brier": 0.991724,
        "ece": 0.730023,
        "beta_prior": 0.3
      }
    },
    {
      "task_id": 7,
      "elapsed_time_sec": 6.901,
      "metrics": {
        "mean_acc": 73.73,
        "task_acc": [
          80.38,
          64.16,
          58.54,
          47.32,
          74.33,
          64.09,
          69.1,
          73.4
        ],
        "harmonic_acc": 71.52,
        "base_avg_acc": 80.38,
        "inc_avg_acc": 64.42,
        "nll": 4.986052,
        "brier": 0.992229,
        "ece": 0.730464,
        "beta_prior": 0.3
      }
    },
    {
      "task_id": 8,
      "elapsed_time_sec": 7.325,
      "metrics": {
        "mean_acc": 72.42,
        "task_acc": [
          80.1,
          63.8,
          58.54,
          46.31,
          74.33,
          64.09,
          65.28,
          65.99,
          65.76
        ],
        "harmonic_acc": 70.54,
        "base_avg_acc": 80.1,
        "inc_avg_acc": 63.01,
        "nll": 5.044627,
        "brier": 0.992679,
        "ece": 0.717694,
        "beta_prior": 0.3
      }
    },
    {
      "task_id": 9,
      "elapsed_time_sec": 7.736,
      "metrics": {
        "mean_acc": 72.82,
        "task_acc": [
          80.1,
          63.8,
          58.54,
          46.64,
          74.33,
          64.09,
          65.62,
          66.33,
          64.75,
          80.21
        ],
        "harmonic_acc": 71.72,
        "base_avg_acc": 80.1,
        "inc_avg_acc": 64.92,
        "nll": 5.098441,
        "brier": 0.993061,
        "ece": 0.722117,
        "beta_prior": 0.3
      }
    },
    {
      "task_id": 10,
      "elapsed_time_sec": 8.157,
      "metrics": {
        "mean_acc": 72.54,
        "task_acc": [
          79.89,
          62.01,
          58.54,
          45.97,
          74.0,
          61.74,
          65.28,
          65.66,
          65.08,
          79.17,
          76.0
        ],
        "harmonic_acc": 71.89,
        "base_avg_acc": 79.89,
        "inc_avg_acc": 65.34,
        "nll": 5.150642,
        "brier": 0.993418,
        "ece": 0.719586,
        "beta_prior": 0.3
      }
    }
  ]
}