{
  "dataset": "cub200",
  "trainer": "bimc_dino_fusion",
  "seed": 18,
  "runtime_sec": 258.101,
  "acc_list": [
    86.35,
    85.56,
    85.04,
    84.04,
    84.04,
    82.62,
    83.09,
    83.55,
    83.54,
    83.91,
    84.33
  ],
  "task_acc_list": [
    [
      86.35
    ],
    [
      86.21,
      78.85
    ],
    [
      86.21,
      78.85,
      79.44
    ],
    [
      86.21,
      78.85,
      73.52,
      78.19
    ],
    [
      86.17,
      78.85,
      70.73,
      76.51,
      88.67
    ],
    [
      86.17,
      78.85,
      70.73,
      76.51,
      88.67,
      63.42
    ],
    [
      86.14,
      78.49,
      70.73,
      76.51,
      88.67,
      63.42,
      90.97
    ],
    [
      86.1,
      78.49,
      70.73,
      76.51,
      88.67,
      63.42,
      90.28,
      91.58
    ],
    [
      86.1,
      78.49,
      70.73,
      76.51,
      88.67,
      63.09,
      89.58,
      87.88,
      88.14
    ],
    [
      86.1,
      78.49,
      70.73,
      76.51,
      88.67,
      63.09,
      89.58,
      87.88,
      86.78,
      92.01
    ],
    [
      86.1,
      78.49,
      70.73,
      76.51,
      88.67,
      63.09,
      89.58,
      87.88,
      86.78,
      92.01,
      92.0
    ]
  ],
  "task_results": [
    {
      "task_id": 0,
      "elapsed_time_sec": 14.218,
      "metrics": {
        "mean_acc": 86.35,
        "task_acc": [
          86.35
        ],
        "harmonic_acc": 0.0,
        "base_avg_acc": 86.35,
        "inc_avg_acc": 0.0,
        "nll": 0.89055,
        "brier": 0.216717,
        "ece": 0.083843,
        "beta_prior": 0.0
      }
    },
    {
      "task_id": 1,
      "elapsed_time_sec": 15.472,
      "metrics": {
        "mean_acc": 85.56,
        "task_acc": [
          86.21,
          78.85
        ],
        "harmonic_acc": 82.37,
        "base_avg_acc": 86.21,
        "inc_avg_acc": 78.85,
        "nll": 0.901248,
        "brier": 0.230203,
        "ece": 0.088492,
        "beta_prior": 0.0
      }
    },
    {
      "task_id": 2,
      "elapsed_time_sec": 16.903,
      "metrics": {
        "mean_acc": 85.04,
        "task_acc": [
          86.21,
          78.85,
          79.44
        ],
        "harmonic_acc": 82.53,
        "base_avg_acc": 86.21,
        "inc_avg_acc": 79.14,
        "nll": 0.931765,
        "brier": 0.238864,
        "ece": 0.092532,
        "beta_prior": 0.0
      }
    },
    {
      "task_id": 3,
      "elapsed_time_sec": 18.362,
      "metrics": {
        "mean_acc": 84.04,
        "task_acc": [
          86.21,
          78.85,
          73.52,
          78.19
        ],
        "harmonic_acc": 81.26,
        "base_avg_acc": 86.21,
        "inc_avg_acc": 76.85,
        "nll": 0.993846,
        "brier": 0.255579,
        "ece": 0.099755,
        "beta_prior": 0.0
      }
    },
    {
      "task_id": 4,
      "elapsed_time_sec": 19.835,
      "metrics": {
        "mean_acc": 84.04,
        "task_acc": [
          86.17,
          78.85,
          70.73,
          76.51,
          88.67
        ],
        "harmonic_acc": 82.26,
        "base_avg_acc": 86.17,
        "inc_avg_acc": 78.69,
        "nll": 1.022967,
        "brier": 0.257211,
        "ece": 0.099942,
        "beta_prior": 0.0
      }
    },
    {
      "task_id": 5,
      "elapsed_time_sec": 21.355,
      "metrics": {
        "mean_acc": 82.62,
        "task_acc": [
          86.17,
          78.85,
          70.73,
          76.51,
          88.67,
          63.42
        ],
        "harmonic_acc": 80.56,
        "base_avg_acc": 86.17,
        "inc_avg_acc": 75.64,
        "nll": 1.146407,
        "brier": 0.278841,
        "ece": 0.10978,
        "beta_prior": 0.0
      }
    },
    {
      "task_id": 6,
      "elapsed_time_sec": 22.727,
      "metrics": {
        "mean_acc": 83.09,
        "task_acc": [
          86.14,
          78.49,
          70.73,
          76.51,
          88.67,
          63.42,
          90.97
        ],
        "harmonic_acc": 81.94,
        "base_avg_acc": 86.14,
        "inc_avg_acc": 78.13,
        "nll": 1.128164,
        "brier": 0.271998,
        "ece": 0.105689,
        "beta_prior": 0.0
      }
    },
    {
      "task_id": 7,
      "elapsed_time_sec": 24.273,
      "metrics": {
        "mean_acc": 83.55,
        "task_acc": [
          86.1,
          78.49,
          70.73,
          76.51,
          88.67,
          63.42,
          90.28,
          91.58
        ],
        "harmonic_acc": 82.91,
        "base_avg_acc": 86.1,
        "inc_avg_acc": 79.95,
        "nll": 1.131625,
        "brier": 0.265174,
        "ece": 0.103366,
        "beta_prior": 0.0
      }
    },
    {
      "task_id": 8,
      "elapsed_time_sec": 25.663,
      "metrics": {
        "mean_acc": 83.54,
        "task_acc": [
          86.1,
          78.49,
          70.73,
          76.51,
          88.67,
          63.09,
          89.58,
          87.88,
          88.14
        ],
        "harmonic_acc": 83.15,
        "base_avg_acc": 86.1,
        "inc_avg_acc": 80.39,
        "nll": 1.17222,
        "brier": 0.266316,
        "ece": 0.103719,
        "beta_prior": 0.0
      }
    },
    {
      "task_id": 9,
      "elapsed_time_sec": 27.153,
      "metrics": {
        "mean_acc": 83.91,
        "task_acc": [
          86.1,
          78.49,
          70.73,
          76.51,
          88.67,
          63.09,
          89.58,
          87.88,
          86.78,
          92.01
        ],
        "harmonic_acc": 83.75,
        "base_avg_acc": 86.1,
        "inc_avg_acc": 81.53,
        "nll": 1.130271,
        "brier": 0.260045,
        "ece": 0.099943,
        "beta_prior": 0.0
      }
    },
    {
      "task_id": 10,
      "elapsed_time_sec": 28.547,
      "metrics": {
        "mean_acc": 84.33,
        "task_acc": [
          86.1,
          78.49,
          70.73,
          76.51,
          88.67,
          63.09,
          89.58,
          87.88,
          86.78,
          92.01,
          92.0
        ],
        "harmonic_acc": 84.3,
        "base_avg_acc": 86.1,
        "inc_avg_acc": 82.57,
        "nll": 1.127603,
        "brier": 0.253891,
        "ece": 0.097619,
        "beta_prior": 0.0
      }
    }
  ]
}