{
  "dataset": "cub200",
  "trainer": "bimc",
  "seed": 1,
  "runtime_sec": 76.144,
  "acc_list": [
    81.46,
    78.71,
    77.08,
    74.03,
    72.79,
    71.43,
    70.5,
    69.76,
    68.59,
    68.89,
    68.83
  ],
  "task_acc_list": [
    [
      81.46
    ],
    [
      80.76,
      57.71
    ],
    [
      80.69,
      56.99,
      60.63
    ],
    [
      80.62,
      56.99,
      54.7,
      45.3
    ],
    [
      80.45,
      56.99,
      54.7,
      43.62,
      60.67
    ],
    [
      80.41,
      57.71,
      54.7,
      43.62,
      61.33,
      52.01
    ],
    [
      80.31,
      57.35,
      54.36,
      43.62,
      61.0,
      51.01,
      59.72
    ],
    [
      79.85,
      56.99,
      54.36,
      43.29,
      60.67,
      50.67,
      57.64,
      65.99
    ],
    [
      79.99,
      57.35,
      54.01,
      43.29,
      60.67,
      50.67,
      55.9,
      60.27,
      55.25
    ],
    [
      79.96,
      56.99,
      54.36,
      43.29,
      60.33,
      50.34,
      54.86,
      60.27,
      52.54,
      79.17
    ],
    [
      80.03,
      56.63,
      54.01,
      42.95,
      61.0,
      50.0,
      55.21,
      59.26,
      52.2,
      78.82,
      69.0
    ]
  ],
  "task_results": [
    {
      "task_id": 0,
      "elapsed_time_sec": 4.203,
      "metrics": {
        "mean_acc": 81.46,
        "task_acc": [
          81.46
        ],
        "harmonic_acc": 0.0,
        "base_avg_acc": 81.46,
        "inc_avg_acc": 0.0,
        "nll": 4.468788,
        "brier": 0.987095,
        "ece": 0.803103,
        "beta_prior": 0.0
      }
    },
    {
      "task_id": 1,
      "elapsed_time_sec": 4.452,
      "metrics": {
        "mean_acc": 78.71,
        "task_acc": [
          80.76,
          57.71
        ],
        "harmonic_acc": 67.32,
        "base_avg_acc": 80.76,
        "inc_avg_acc": 57.71,
        "nll": 4.563264,
        "brier": 0.988251,
        "ece": 0.776685,
        "beta_prior": 0.0
      }
    },
    {
      "task_id": 2,
      "elapsed_time_sec": 4.857,
      "metrics": {
        "mean_acc": 77.08,
        "task_acc": [
          80.69,
          56.99,
          60.63
        ],
        "harmonic_acc": 68.03,
        "base_avg_acc": 80.69,
        "inc_avg_acc": 58.81,
        "nll": 4.650104,
        "brier": 0.989226,
        "ece": 0.761252,
        "beta_prior": 0.0
      }
    },
    {
      "task_id": 3,
      "elapsed_time_sec": 5.318,
      "metrics": {
        "mean_acc": 74.03,
        "task_acc": [
          80.62,
          56.99,
          54.7,
          45.3
        ],
        "harmonic_acc": 63.47,
        "base_avg_acc": 80.62,
        "inc_avg_acc": 52.33,
        "nll": 4.729873,
        "brier": 0.99005,
        "ece": 0.731479,
        "beta_prior": 0.0
      }
    },
    {
      "task_id": 4,
      "elapsed_time_sec": 5.66,
      "metrics": {
        "mean_acc": 72.79,
        "task_acc": [
          80.45,
          56.99,
          54.7,
          43.62,
          60.67
        ],
        "harmonic_acc": 64.62,
        "base_avg_acc": 80.45,
        "inc_avg_acc": 54.0,
        "nll": 4.805124,
        "brier": 0.990779,
        "ece": 0.719681,
        "beta_prior": 0.0
      }
    },
    {
      "task_id": 5,
      "elapsed_time_sec": 6.101,
      "metrics": {
        "mean_acc": 71.43,
        "task_acc": [
          80.41,
          57.71,
          54.7,
          43.62,
          61.33,
          52.01
        ],
        "harmonic_acc": 64.52,
        "base_avg_acc": 80.41,
        "inc_avg_acc": 53.87,
        "nll": 4.874378,
        "brier": 0.991397,
        "ece": 0.70661,
        "beta_prior": 0.0
      }
    },
    {
      "task_id": 6,
      "elapsed_time_sec": 6.483,
      "metrics": {
        "mean_acc": 70.5,
        "task_acc": [
          80.31,
          57.35,
          54.36,
          43.62,
          61.0,
          51.01,
          59.72
        ],
        "harmonic_acc": 64.94,
        "base_avg_acc": 80.31,
        "inc_avg_acc": 54.51,
        "nll": 4.940907,
        "brier": 0.991963,
        "ece": 0.697845,
        "beta_prior": 0.0
      }
    },
    {
      "task_id": 7,
      "elapsed_time_sec": 6.922,
      "metrics": {
        "mean_acc": 69.76,
        "task_acc": [
          79.85,
          56.99,
          54.36,
          43.29,
          60.67,
          50.67,
          57.64,
          65.99
        ],
        "harmonic_acc": 65.59,
        "base_avg_acc": 79.85,
        "inc_avg_acc": 55.66,
        "nll": 5.003093,
        "brier": 0.992456,
        "ece": 0.690866,
        "beta_prior": 0.0
      }
    },
    {
      "task_id": 8,
      "elapsed_time_sec": 7.351,
      "metrics": {
        "mean_acc": 68.59,
        "task_acc": [
          79.99,
          57.35,
          54.01,
          43.29,
          60.67,
          50.67,
          55.9,
          60.27,
          55.25
        ],
        "harmonic_acc": 64.95,
        "base_avg_acc": 79.99,
        "inc_avg_acc": 54.68,
        "nll": 5.061627,
        "brier": 0.992893,
        "ece": 0.67957,
        "beta_prior": 0.0
      }
    },
    {
      "task_id": 9,
      "elapsed_time_sec": 7.732,
      "metrics": {
        "mean_acc": 68.89,
        "task_acc": [
          79.96,
          56.99,
          54.36,
          43.29,
          60.33,
          50.34,
          54.86,
          60.27,
          52.54,
          79.17
        ],
        "harmonic_acc": 66.49,
        "base_avg_acc": 79.96,
        "inc_avg_acc": 56.91,
        "nll": 5.115244,
        "brier": 0.993261,
        "ece": 0.682897,
        "beta_prior": 0.0
      }
    },
    {
      "task_id": 10,
      "elapsed_time_sec": 8.166,
      "metrics": {
        "mean_acc": 68.83,
        "task_acc": [
          80.03,
          56.63,
          54.01,
          42.95,
          61.0,
          50.0,
          55.21,
          59.26,
          52.2,
          78.82,
          69.0
        ],
        "harmonic_acc": 67.2,
        "base_avg_acc": 80.03,
        "inc_avg_acc": 57.91,
        "nll": 5.16745,
        "brier": 0.993608,
        "ece": 0.682569,
        "beta_prior": 0.0
      }
    }
  ]
}