{
  "dataset": "cub200",
  "trainer": "bimc_dino_fusion_ensemble",
  "seed": 15,
  "runtime_sec": 253.199,
  "acc_list": [
    88.16,
    86.57,
    86.3,
    85.17,
    85.38,
    84.14,
    84.55,
    85.09,
    84.94,
    85.31,
    85.61
  ],
  "task_acc_list": [
    [
      88.16
    ],
    [
      88.09,
      70.97
    ],
    [
      88.13,
      70.97,
      82.93
    ],
    [
      88.02,
      70.97,
      79.09,
      76.85
    ],
    [
      87.99,
      70.97,
      79.09,
      76.17,
      89.0
    ],
    [
      87.99,
      70.97,
      78.75,
      76.17,
      89.0,
      67.79
    ],
    [
      87.92,
      71.33,
      78.75,
      76.17,
      89.0,
      67.79,
      90.97
    ],
    [
      87.88,
      71.33,
      78.75,
      76.17,
      89.0,
      67.79,
      90.62,
      94.28
    ],
    [
      87.92,
      70.61,
      78.75,
      76.17,
      89.0,
      67.79,
      89.24,
      89.9,
      88.47
    ],
    [
      87.88,
      70.61,
      78.75,
      76.17,
      89.0,
      67.79,
      89.24,
      89.9,
      88.14,
      92.71
    ],
    [
      87.81,
      70.97,
      78.75,
      76.17,
      89.0,
      67.45,
      89.24,
      89.56,
      88.14,
      92.36,
      92.33
    ]
  ],
  "task_results": [
    {
      "task_id": 0,
      "elapsed_time_sec": 13.883,
      "metrics": {
        "mean_acc": 88.16,
        "task_acc": [
          88.16
        ],
        "harmonic_acc": 0.0,
        "base_avg_acc": 88.16,
        "inc_avg_acc": 0.0,
        "nll": 0.547428,
        "brier": 0.183482,
        "ece": 0.044411,
        "beta_prior": 0.3
      }
    },
    {
      "task_id": 1,
      "elapsed_time_sec": 15.13,
      "metrics": {
        "mean_acc": 86.57,
        "task_acc": [
          88.09,
          70.97
        ],
        "harmonic_acc": 78.61,
        "base_avg_acc": 88.09,
        "inc_avg_acc": 70.97,
        "nll": 0.588295,
        "brier": 0.201315,
        "ece": 0.03437,
        "beta_prior": 0.3
      }
    },
    {
      "task_id": 2,
      "elapsed_time_sec": 16.535,
      "metrics": {
        "mean_acc": 86.3,
        "task_acc": [
          88.13,
          70.97,
          82.93
        ],
        "harmonic_acc": 82.16,
        "base_avg_acc": 88.13,
        "inc_avg_acc": 76.95,
        "nll": 0.605428,
        "brier": 0.206463,
        "ece": 0.03198,
        "beta_prior": 0.3
      }
    },
    {
      "task_id": 3,
      "elapsed_time_sec": 17.991,
      "metrics": {
        "mean_acc": 85.17,
        "task_acc": [
          88.02,
          70.97,
          79.09,
          76.85
        ],
        "harmonic_acc": 81.36,
        "base_avg_acc": 88.02,
        "inc_avg_acc": 75.64,
        "nll": 0.657028,
        "brier": 0.222063,
        "ece": 0.039826,
        "beta_prior": 0.3
      }
    },
    {
      "task_id": 4,
      "elapsed_time_sec": 19.469,
      "metrics": {
        "mean_acc": 85.38,
        "task_acc": [
          87.99,
          70.97,
          79.09,
          76.17,
          89.0
        ],
        "harmonic_acc": 83.15,
        "base_avg_acc": 87.99,
        "inc_avg_acc": 78.81,
        "nll": 0.660785,
        "brier": 0.220061,
        "ece": 0.03776,
        "beta_prior": 0.3
      }
    },
    {
      "task_id": 5,
      "elapsed_time_sec": 20.85,
      "metrics": {
        "mean_acc": 84.14,
        "task_acc": [
          87.99,
          70.97,
          78.75,
          76.17,
          89.0,
          67.79
        ],
        "harmonic_acc": 81.86,
        "base_avg_acc": 87.99,
        "inc_avg_acc": 76.54,
        "nll": 0.707146,
        "brier": 0.236508,
        "ece": 0.038592,
        "beta_prior": 0.3
      }
    },
    {
      "task_id": 6,
      "elapsed_time_sec": 22.32,
      "metrics": {
        "mean_acc": 84.55,
        "task_acc": [
          87.92,
          71.33,
          78.75,
          76.17,
          89.0,
          67.79,
          90.97
        ],
        "harmonic_acc": 83.22,
        "base_avg_acc": 87.92,
        "inc_avg_acc": 79.0,
        "nll": 0.710315,
        "brier": 0.232561,
        "ece": 0.043387,
        "beta_prior": 0.3
      }
    },
    {
      "task_id": 7,
      "elapsed_time_sec": 23.829,
      "metrics": {
        "mean_acc": 85.09,
        "task_acc": [
          87.88,
          71.33,
          78.75,
          76.17,
          89.0,
          67.79,
          90.62,
          94.28
        ],
        "harmonic_acc": 84.37,
        "base_avg_acc": 87.88,
        "inc_avg_acc": 81.13,
        "nll": 0.704632,
        "brier": 0.225845,
        "ece": 0.047841,
        "beta_prior": 0.3
      }
    },
    {
      "task_id": 8,
      "elapsed_time_sec": 25.164,
      "metrics": {
        "mean_acc": 84.94,
        "task_acc": [
          87.92,
          70.61,
          78.75,
          76.17,
          89.0,
          67.79,
          89.24,
          89.9,
          88.47
        ],
        "harmonic_acc": 84.45,
        "base_avg_acc": 87.92,
        "inc_avg_acc": 81.24,
        "nll": 0.719257,
        "brier": 0.228267,
        "ece": 0.05113,
        "beta_prior": 0.3
      }
    },
    {
      "task_id": 9,
      "elapsed_time_sec": 26.645,
      "metrics": {
        "mean_acc": 85.31,
        "task_acc": [
          87.88,
          70.61,
          78.75,
          76.17,
          89.0,
          67.79,
          89.24,
          89.9,
          88.14,
          92.71
        ],
        "harmonic_acc": 85.09,
        "base_avg_acc": 87.88,
        "inc_avg_acc": 82.48,
        "nll": 0.707975,
        "brier": 0.224055,
        "ece": 0.053535,
        "beta_prior": 0.3
      }
    },
    {
      "task_id": 10,
      "elapsed_time_sec": 28.08,
      "metrics": {
        "mean_acc": 85.61,
        "task_acc": [
          87.81,
          70.97,
          78.75,
          76.17,
          89.0,
          67.45,
          89.24,
          89.56,
          88.14,
          92.36,
          92.33
        ],
        "harmonic_acc": 85.55,
        "base_avg_acc": 87.81,
        "inc_avg_acc": 83.4,
        "nll": 0.70638,
        "brier": 0.220985,
        "ece": 0.055998,
        "beta_prior": 0.3
      }
    }
  ]
}