{
  "dataset": "cub200",
  "trainer": "bimc",
  "seed": 4,
  "runtime_sec": 76.146,
  "acc_list": [
    81.46,
    78.59,
    77.06,
    73.61,
    72.39,
    70.64,
    70.2,
    69.29,
    68.33,
    68.77,
    68.73
  ],
  "task_acc_list": [
    [
      81.46
    ],
    [
      80.76,
      56.27
    ],
    [
      80.83,
      55.91,
      59.93
    ],
    [
      80.66,
      55.91,
      49.83,
      45.3
    ],
    [
      80.38,
      55.91,
      48.08,
      44.63,
      62.33
    ],
    [
      80.27,
      55.91,
      47.74,
      44.3,
      62.33,
      48.66
    ],
    [
      80.1,
      55.56,
      48.08,
      44.63,
      62.67,
      48.66,
      64.58
    ],
    [
      79.96,
      55.56,
      47.74,
      44.3,
      62.67,
      48.66,
      63.19,
      58.59
    ],
    [
      79.89,
      55.56,
      47.39,
      44.63,
      62.33,
      48.66,
      62.15,
      53.87,
      58.98
    ],
    [
      79.92,
      55.56,
      47.39,
      44.63,
      62.0,
      48.66,
      62.5,
      53.87,
      58.31,
      77.08
    ],
    [
      79.99,
      55.2,
      47.39,
      44.63,
      62.67,
      48.32,
      62.5,
      52.53,
      58.31,
      75.35,
      70.33
    ]
  ],
  "task_results": [
    {
      "task_id": 0,
      "elapsed_time_sec": 4.194,
      "metrics": {
        "mean_acc": 81.46,
        "task_acc": [
          81.46
        ],
        "harmonic_acc": 0.0,
        "base_avg_acc": 81.46,
        "inc_avg_acc": 0.0,
        "nll": 4.468788,
        "brier": 0.987095,
        "ece": 0.803103,
        "beta_prior": 0.0
      }
    },
    {
      "task_id": 1,
      "elapsed_time_sec": 4.469,
      "metrics": {
        "mean_acc": 78.59,
        "task_acc": [
          80.76,
          56.27
        ],
        "harmonic_acc": 66.33,
        "base_avg_acc": 80.76,
        "inc_avg_acc": 56.27,
        "nll": 4.563557,
        "brier": 0.988257,
        "ece": 0.775415,
        "beta_prior": 0.0
      }
    },
    {
      "task_id": 2,
      "elapsed_time_sec": 4.855,
      "metrics": {
        "mean_acc": 77.06,
        "task_acc": [
          80.83,
          55.91,
          59.93
        ],
        "harmonic_acc": 67.48,
        "base_avg_acc": 80.83,
        "inc_avg_acc": 57.92,
        "nll": 4.650866,
        "brier": 0.98924,
        "ece": 0.760966,
        "beta_prior": 0.0
      }
    },
    {
      "task_id": 3,
      "elapsed_time_sec": 5.272,
      "metrics": {
        "mean_acc": 73.61,
        "task_acc": [
          80.66,
          55.91,
          49.83,
          45.3
        ],
        "harmonic_acc": 62.0,
        "base_avg_acc": 80.66,
        "inc_avg_acc": 50.35,
        "nll": 4.730826,
        "brier": 0.990067,
        "ece": 0.727194,
        "beta_prior": 0.0
      }
    },
    {
      "task_id": 4,
      "elapsed_time_sec": 5.673,
      "metrics": {
        "mean_acc": 72.39,
        "task_acc": [
          80.38,
          55.91,
          48.08,
          44.63,
          62.33
        ],
        "harmonic_acc": 63.69,
        "base_avg_acc": 80.38,
        "inc_avg_acc": 52.74,
        "nll": 4.805988,
        "brier": 0.990792,
        "ece": 0.715713,
        "beta_prior": 0.0
      }
    },
    {
      "task_id": 5,
      "elapsed_time_sec": 6.071,
      "metrics": {
        "mean_acc": 70.64,
        "task_acc": [
          80.27,
          55.91,
          47.74,
          44.3,
          62.33,
          48.66
        ],
        "harmonic_acc": 62.96,
        "base_avg_acc": 80.27,
        "inc_avg_acc": 51.79,
        "nll": 4.875396,
        "brier": 0.991413,
        "ece": 0.698756,
        "beta_prior": 0.0
      }
    },
    {
      "task_id": 6,
      "elapsed_time_sec": 6.485,
      "metrics": {
        "mean_acc": 70.2,
        "task_acc": [
          80.1,
          55.56,
          48.08,
          44.63,
          62.67,
          48.66,
          64.58
        ],
        "harmonic_acc": 64.53,
        "base_avg_acc": 80.1,
        "inc_avg_acc": 54.03,
        "nll": 4.941702,
        "brier": 0.991974,
        "ece": 0.694815,
        "beta_prior": 0.0
      }
    },
    {
      "task_id": 7,
      "elapsed_time_sec": 6.928,
      "metrics": {
        "mean_acc": 69.29,
        "task_acc": [
          79.96,
          55.56,
          47.74,
          44.3,
          62.67,
          48.66,
          63.19,
          58.59
        ],
        "harmonic_acc": 64.74,
        "base_avg_acc": 79.96,
        "inc_avg_acc": 54.39,
        "nll": 5.003545,
        "brier": 0.992462,
        "ece": 0.686185,
        "beta_prior": 0.0
      }
    },
    {
      "task_id": 8,
      "elapsed_time_sec": 7.348,
      "metrics": {
        "mean_acc": 68.33,
        "task_acc": [
          79.89,
          55.56,
          47.39,
          44.63,
          62.33,
          48.66,
          62.15,
          53.87,
          58.98
        ],
        "harmonic_acc": 64.58,
        "base_avg_acc": 79.89,
        "inc_avg_acc": 54.2,
        "nll": 5.062075,
        "brier": 0.992898,
        "ece": 0.676883,
        "beta_prior": 0.0
      }
    },
    {
      "task_id": 9,
      "elapsed_time_sec": 7.743,
      "metrics": {
        "mean_acc": 68.77,
        "task_acc": [
          79.92,
          55.56,
          47.39,
          44.63,
          62.0,
          48.66,
          62.5,
          53.87,
          58.31,
          77.08
        ],
        "harmonic_acc": 66.31,
        "base_avg_acc": 79.92,
        "inc_avg_acc": 56.67,
        "nll": 5.115908,
        "brier": 0.993269,
        "ece": 0.681627,
        "beta_prior": 0.0
      }
    },
    {
      "task_id": 10,
      "elapsed_time_sec": 8.168,
      "metrics": {
        "mean_acc": 68.73,
        "task_acc": [
          79.99,
          55.2,
          47.39,
          44.63,
          62.67,
          48.32,
          62.5,
          52.53,
          58.31,
          75.35,
          70.33
        ],
        "harmonic_acc": 67.06,
        "base_avg_acc": 79.99,
        "inc_avg_acc": 57.72,
        "nll": 5.168036,
        "brier": 0.993614,
        "ece": 0.681536,
        "beta_prior": 0.0
      }
    }
  ]
}