{
  "dataset": "cub200",
  "trainer": "bimc_dino_fusion_ensemble",
  "seed": 5,
  "runtime_sec": 265.279,
  "acc_list": [
    88.16,
    86.64,
    86.24,
    85.68,
    85.68,
    84.54,
    84.76,
    85.2,
    84.67,
    85.04,
    85.36
  ],
  "task_acc_list": [
    [
      88.16
    ],
    [
      88.13,
      71.33
    ],
    [
      88.16,
      70.97,
      81.88
    ],
    [
      88.09,
      70.97,
      79.79,
      81.88
    ],
    [
      88.02,
      71.68,
      77.0,
      80.87,
      89.33
    ],
    [
      88.06,
      71.68,
      77.0,
      80.87,
      89.33,
      68.79
    ],
    [
      88.06,
      71.68,
      77.0,
      80.87,
      89.33,
      68.79,
      88.19
    ],
    [
      87.99,
      71.33,
      77.0,
      80.87,
      89.33,
      68.79,
      87.85,
      93.27
    ],
    [
      87.95,
      71.68,
      77.0,
      80.87,
      89.33,
      68.46,
      86.81,
      87.88,
      82.71
    ],
    [
      87.95,
      71.68,
      77.0,
      80.87,
      89.33,
      68.46,
      86.81,
      87.88,
      82.03,
      92.36
    ],
    [
      87.85,
      71.68,
      77.0,
      80.87,
      89.33,
      68.46,
      86.81,
      87.54,
      82.03,
      92.36,
      92.67
    ]
  ],
  "task_results": [
    {
      "task_id": 0,
      "elapsed_time_sec": 14.591,
      "metrics": {
        "mean_acc": 88.16,
        "task_acc": [
          88.16
        ],
        "harmonic_acc": 0.0,
        "base_avg_acc": 88.16,
        "inc_avg_acc": 0.0,
        "nll": 0.547428,
        "brier": 0.183482,
        "ece": 0.044411,
        "beta_prior": 0.3
      }
    },
    {
      "task_id": 1,
      "elapsed_time_sec": 15.911,
      "metrics": {
        "mean_acc": 86.64,
        "task_acc": [
          88.13,
          71.33
        ],
        "harmonic_acc": 78.85,
        "base_avg_acc": 88.13,
        "inc_avg_acc": 71.33,
        "nll": 0.596896,
        "brier": 0.202489,
        "ece": 0.034936,
        "beta_prior": 0.3
      }
    },
    {
      "task_id": 2,
      "elapsed_time_sec": 17.398,
      "metrics": {
        "mean_acc": 86.24,
        "task_acc": [
          88.16,
          70.97,
          81.88
        ],
        "harmonic_acc": 81.87,
        "base_avg_acc": 88.16,
        "inc_avg_acc": 76.42,
        "nll": 0.611759,
        "brier": 0.207249,
        "ece": 0.032844,
        "beta_prior": 0.3
      }
    },
    {
      "task_id": 3,
      "elapsed_time_sec": 18.96,
      "metrics": {
        "mean_acc": 85.68,
        "task_acc": [
          88.09,
          70.97,
          79.79,
          81.88
        ],
        "harmonic_acc": 82.48,
        "base_avg_acc": 88.09,
        "inc_avg_acc": 77.55,
        "nll": 0.647521,
        "brier": 0.217015,
        "ece": 0.034625,
        "beta_prior": 0.3
      }
    },
    {
      "task_id": 4,
      "elapsed_time_sec": 20.397,
      "metrics": {
        "mean_acc": 85.68,
        "task_acc": [
          88.02,
          71.68,
          77.0,
          80.87,
          89.33
        ],
        "harmonic_acc": 83.66,
        "base_avg_acc": 88.02,
        "inc_avg_acc": 79.72,
        "nll": 0.657224,
        "brier": 0.218133,
        "ece": 0.032079,
        "beta_prior": 0.3
      }
    },
    {
      "task_id": 5,
      "elapsed_time_sec": 22.015,
      "metrics": {
        "mean_acc": 84.54,
        "task_acc": [
          88.06,
          71.68,
          77.0,
          80.87,
          89.33,
          68.79
        ],
        "harmonic_acc": 82.46,
        "base_avg_acc": 88.06,
        "inc_avg_acc": 77.53,
        "nll": 0.705655,
        "brier": 0.234987,
        "ece": 0.036233,
        "beta_prior": 0.3
      }
    },
    {
      "task_id": 6,
      "elapsed_time_sec": 23.384,
      "metrics": {
        "mean_acc": 84.76,
        "task_acc": [
          88.06,
          71.68,
          77.0,
          80.87,
          89.33,
          68.79,
          88.19
        ],
        "harmonic_acc": 83.46,
        "base_avg_acc": 88.06,
        "inc_avg_acc": 79.31,
        "nll": 0.714181,
        "brier": 0.233238,
        "ece": 0.041071,
        "beta_prior": 0.3
      }
    },
    {
      "task_id": 7,
      "elapsed_time_sec": 24.896,
      "metrics": {
        "mean_acc": 85.2,
        "task_acc": [
          87.99,
          71.33,
          77.0,
          80.87,
          89.33,
          68.79,
          87.85,
          93.27
        ],
        "harmonic_acc": 84.46,
        "base_avg_acc": 87.99,
        "inc_avg_acc": 81.21,
        "nll": 0.705384,
        "brier": 0.226598,
        "ece": 0.045886,
        "beta_prior": 0.3
      }
    },
    {
      "task_id": 8,
      "elapsed_time_sec": 26.412,
      "metrics": {
        "mean_acc": 84.67,
        "task_acc": [
          87.95,
          71.68,
          77.0,
          80.87,
          89.33,
          68.46,
          86.81,
          87.88,
          82.71
        ],
        "harmonic_acc": 84.11,
        "base_avg_acc": 87.95,
        "inc_avg_acc": 80.59,
        "nll": 0.735131,
        "brier": 0.234439,
        "ece": 0.053563,
        "beta_prior": 0.3
      }
    },
    {
      "task_id": 9,
      "elapsed_time_sec": 27.957,
      "metrics": {
        "mean_acc": 85.04,
        "task_acc": [
          87.95,
          71.68,
          77.0,
          80.87,
          89.33,
          68.46,
          86.81,
          87.88,
          82.03,
          92.36
        ],
        "harmonic_acc": 84.78,
        "base_avg_acc": 87.95,
        "inc_avg_acc": 81.82,
        "nll": 0.723419,
        "brier": 0.230177,
        "ece": 0.051939,
        "beta_prior": 0.3
      }
    },
    {
      "task_id": 10,
      "elapsed_time_sec": 29.393,
      "metrics": {
        "mean_acc": 85.36,
        "task_acc": [
          87.85,
          71.68,
          77.0,
          80.87,
          89.33,
          68.46,
          86.81,
          87.54,
          82.03,
          92.36,
          92.67
        ],
        "harmonic_acc": 85.29,
        "base_avg_acc": 87.85,
        "inc_avg_acc": 82.87,
        "nll": 0.719665,
        "brier": 0.226285,
        "ece": 0.051866,
        "beta_prior": 0.3
      }
    }
  ]
}