{
  "dataset": "cub200",
  "trainer": "bimc",
  "seed": 1,
  "runtime_sec": 80.318,
  "acc_list": [
    82.23,
    80.15,
    79.13,
    76.26,
    75.25,
    74.13,
    73.36,
    73.3,
    72.11,
    72.59,
    72.56
  ],
  "task_acc_list": [
    [
      82.23
    ],
    [
      81.42,
      67.03
    ],
    [
      81.18,
      65.95,
      71.43
    ],
    [
      81.28,
      65.59,
      63.41,
      50.34
    ],
    [
      80.83,
      65.59,
      60.98,
      50.0,
      69.67
    ],
    [
      80.66,
      65.23,
      60.98,
      49.66,
      70.0,
      61.07
    ],
    [
      80.45,
      65.23,
      61.32,
      49.33,
      70.0,
      59.73,
      65.28
    ],
    [
      80.24,
      65.23,
      60.98,
      49.66,
      69.67,
      60.07,
      63.89,
      75.76
    ],
    [
      80.24,
      64.87,
      60.63,
      49.33,
      69.67,
      60.07,
      61.46,
      69.7,
      61.69
    ],
    [
      80.1,
      65.23,
      60.98,
      49.33,
      69.67,
      59.73,
      61.46,
      69.36,
      59.66,
      84.72
    ],
    [
      80.17,
      65.23,
      60.28,
      49.33,
      69.33,
      59.06,
      61.11,
      68.69,
      58.64,
      84.38,
      75.33
    ]
  ],
  "task_results": [
    {
      "task_id": 0,
      "elapsed_time_sec": 4.398,
      "metrics": {
        "mean_acc": 82.23,
        "task_acc": [
          82.23
        ],
        "harmonic_acc": 0.0,
        "base_avg_acc": 82.23,
        "inc_avg_acc": 0.0,
        "nll": 4.448106,
        "brier": 0.986622,
        "ece": 0.810544,
        "beta_prior": 0.3
      }
    },
    {
      "task_id": 1,
      "elapsed_time_sec": 4.687,
      "metrics": {
        "mean_acc": 80.15,
        "task_acc": [
          81.42,
          67.03
        ],
        "harmonic_acc": 73.53,
        "base_avg_acc": 81.42,
        "inc_avg_acc": 67.03,
        "nll": 4.544164,
        "brier": 0.987854,
        "ece": 0.790803,
        "beta_prior": 0.3
      }
    },
    {
      "task_id": 2,
      "elapsed_time_sec": 5.096,
      "metrics": {
        "mean_acc": 79.13,
        "task_acc": [
          81.18,
          65.95,
          71.43
        ],
        "harmonic_acc": 74.41,
        "base_avg_acc": 81.18,
        "inc_avg_acc": 68.69,
        "nll": 4.631642,
        "brier": 0.988874,
        "ece": 0.781484,
        "beta_prior": 0.3
      }
    },
    {
      "task_id": 3,
      "elapsed_time_sec": 5.514,
      "metrics": {
        "mean_acc": 76.26,
        "task_acc": [
          81.28,
          65.59,
          63.41,
          50.34
        ],
        "harmonic_acc": 68.89,
        "base_avg_acc": 81.28,
        "inc_avg_acc": 59.78,
        "nll": 4.712219,
        "brier": 0.98974,
        "ece": 0.753589,
        "beta_prior": 0.3
      }
    },
    {
      "task_id": 4,
      "elapsed_time_sec": 5.94,
      "metrics": {
        "mean_acc": 75.25,
        "task_acc": [
          80.83,
          65.59,
          60.98,
          50.0,
          69.67
        ],
        "harmonic_acc": 69.89,
        "base_avg_acc": 80.83,
        "inc_avg_acc": 61.56,
        "nll": 4.787501,
        "brier": 0.990492,
        "ece": 0.744117,
        "beta_prior": 0.3
      }
    },
    {
      "task_id": 5,
      "elapsed_time_sec": 6.369,
      "metrics": {
        "mean_acc": 74.13,
        "task_acc": [
          80.66,
          65.23,
          60.98,
          49.66,
          70.0,
          61.07
        ],
        "harmonic_acc": 69.72,
        "base_avg_acc": 80.66,
        "inc_avg_acc": 61.39,
        "nll": 4.856749,
        "brier": 0.99113,
        "ece": 0.733525,
        "beta_prior": 0.3
      }
    },
    {
      "task_id": 6,
      "elapsed_time_sec": 6.823,
      "metrics": {
        "mean_acc": 73.36,
        "task_acc": [
          80.45,
          65.23,
          61.32,
          49.33,
          70.0,
          59.73,
          65.28
        ],
        "harmonic_acc": 69.91,
        "base_avg_acc": 80.45,
        "inc_avg_acc": 61.82,
        "nll": 4.923483,
        "brier": 0.991716,
        "ece": 0.726333,
        "beta_prior": 0.3
      }
    },
    {
      "task_id": 7,
      "elapsed_time_sec": 7.231,
      "metrics": {
        "mean_acc": 73.3,
        "task_acc": [
          80.24,
          65.23,
          60.98,
          49.66,
          69.67,
          60.07,
          63.89,
          75.76
        ],
        "harmonic_acc": 70.96,
        "base_avg_acc": 80.24,
        "inc_avg_acc": 63.61,
        "nll": 4.985783,
        "brier": 0.992225,
        "ece": 0.726186,
        "beta_prior": 0.3
      }
    },
    {
      "task_id": 8,
      "elapsed_time_sec": 7.78,
      "metrics": {
        "mean_acc": 72.11,
        "task_acc": [
          80.24,
          64.87,
          60.63,
          49.33,
          69.67,
          60.07,
          61.46,
          69.7,
          61.69
        ],
        "harmonic_acc": 70.06,
        "base_avg_acc": 80.24,
        "inc_avg_acc": 62.18,
        "nll": 5.044466,
        "brier": 0.992677,
        "ece": 0.714618,
        "beta_prior": 0.3
      }
    },
    {
      "task_id": 9,
      "elapsed_time_sec": 8.378,
      "metrics": {
        "mean_acc": 72.59,
        "task_acc": [
          80.1,
          65.23,
          60.98,
          49.33,
          69.67,
          59.73,
          61.46,
          69.36,
          59.66,
          84.72
        ],
        "harmonic_acc": 71.43,
        "base_avg_acc": 80.1,
        "inc_avg_acc": 64.46,
        "nll": 5.098334,
        "brier": 0.993059,
        "ece": 0.71975,
        "beta_prior": 0.3
      }
    },
    {
      "task_id": 10,
      "elapsed_time_sec": 8.93,
      "metrics": {
        "mean_acc": 72.56,
        "task_acc": [
          80.17,
          65.23,
          60.28,
          49.33,
          69.33,
          59.06,
          61.11,
          68.69,
          58.64,
          84.38,
          75.33
        ],
        "harmonic_acc": 71.88,
        "base_avg_acc": 80.17,
        "inc_avg_acc": 65.14,
        "nll": 5.150479,
        "brier": 0.993416,
        "ece": 0.719756,
        "beta_prior": 0.3
      }
    }
  ]
}