{
  "dataset": "cub200",
  "trainer": "bimc_dino_fusion",
  "seed": 8,
  "runtime_sec": 260.053,
  "acc_list": [
    86.35,
    84.92,
    84.05,
    83.18,
    83.02,
    81.69,
    82.01,
    82.57,
    82.64,
    83.29,
    83.66
  ],
  "task_acc_list": [
    [
      86.35
    ],
    [
      86.0,
      73.84
    ],
    [
      86.0,
      73.84,
      74.56
    ],
    [
      86.0,
      73.84,
      70.73,
      76.85
    ],
    [
      85.96,
      73.84,
      70.38,
      76.85,
      81.67
    ],
    [
      85.93,
      73.84,
      70.03,
      76.85,
      81.67,
      64.43
    ],
    [
      85.86,
      73.84,
      70.03,
      76.85,
      81.67,
      64.09,
      87.85
    ],
    [
      85.86,
      73.84,
      70.03,
      76.85,
      81.67,
      64.09,
      87.85,
      91.25
    ],
    [
      85.86,
      73.84,
      70.03,
      76.85,
      81.67,
      64.09,
      87.5,
      88.89,
      86.44
    ],
    [
      85.86,
      73.84,
      70.03,
      76.85,
      81.67,
      64.09,
      87.5,
      88.89,
      86.44,
      95.14
    ],
    [
      85.86,
      73.84,
      70.03,
      76.85,
      81.67,
      63.76,
      87.5,
      88.89,
      86.44,
      94.79,
      91.0
    ]
  ],
  "task_results": [
    {
      "task_id": 0,
      "elapsed_time_sec": 14.243,
      "metrics": {
        "mean_acc": 86.35,
        "task_acc": [
          86.35
        ],
        "harmonic_acc": 0.0,
        "base_avg_acc": 86.35,
        "inc_avg_acc": 0.0,
        "nll": 0.89055,
        "brier": 0.216717,
        "ece": 0.083843,
        "beta_prior": 0.0
      }
    },
    {
      "task_id": 1,
      "elapsed_time_sec": 15.599,
      "metrics": {
        "mean_acc": 84.92,
        "task_acc": [
          86.0,
          73.84
        ],
        "harmonic_acc": 79.46,
        "base_avg_acc": 86.0,
        "inc_avg_acc": 73.84,
        "nll": 0.944451,
        "brier": 0.238611,
        "ece": 0.094635,
        "beta_prior": 0.0
      }
    },
    {
      "task_id": 2,
      "elapsed_time_sec": 16.965,
      "metrics": {
        "mean_acc": 84.05,
        "task_acc": [
          86.0,
          73.84,
          74.56
        ],
        "harmonic_acc": 79.67,
        "base_avg_acc": 86.0,
        "inc_avg_acc": 74.2,
        "nll": 1.017371,
        "brier": 0.254567,
        "ece": 0.102713,
        "beta_prior": 0.0
      }
    },
    {
      "task_id": 3,
      "elapsed_time_sec": 18.386,
      "metrics": {
        "mean_acc": 83.18,
        "task_acc": [
          86.0,
          73.84,
          70.73,
          76.85
        ],
        "harmonic_acc": 79.44,
        "base_avg_acc": 86.0,
        "inc_avg_acc": 73.81,
        "nll": 1.121863,
        "brier": 0.268579,
        "ece": 0.109359,
        "beta_prior": 0.0
      }
    },
    {
      "task_id": 4,
      "elapsed_time_sec": 19.853,
      "metrics": {
        "mean_acc": 83.02,
        "task_acc": [
          85.96,
          73.84,
          70.38,
          76.85,
          81.67
        ],
        "harmonic_acc": 80.5,
        "base_avg_acc": 85.96,
        "inc_avg_acc": 75.68,
        "nll": 1.135737,
        "brier": 0.270086,
        "ece": 0.109978,
        "beta_prior": 0.0
      }
    },
    {
      "task_id": 5,
      "elapsed_time_sec": 21.302,
      "metrics": {
        "mean_acc": 81.69,
        "task_acc": [
          85.93,
          73.84,
          70.03,
          76.85,
          81.67,
          64.43
        ],
        "harmonic_acc": 79.15,
        "base_avg_acc": 85.93,
        "inc_avg_acc": 73.36,
        "nll": 1.206023,
        "brier": 0.292004,
        "ece": 0.118617,
        "beta_prior": 0.0
      }
    },
    {
      "task_id": 6,
      "elapsed_time_sec": 22.795,
      "metrics": {
        "mean_acc": 82.01,
        "task_acc": [
          85.86,
          73.84,
          70.03,
          76.85,
          81.67,
          64.09,
          87.85
        ],
        "harmonic_acc": 80.47,
        "base_avg_acc": 85.86,
        "inc_avg_acc": 75.72,
        "nll": 1.195698,
        "brier": 0.287165,
        "ece": 0.116836,
        "beta_prior": 0.0
      }
    },
    {
      "task_id": 7,
      "elapsed_time_sec": 24.309,
      "metrics": {
        "mean_acc": 82.57,
        "task_acc": [
          85.86,
          73.84,
          70.03,
          76.85,
          81.67,
          64.09,
          87.85,
          91.25
        ],
        "harmonic_acc": 81.71,
        "base_avg_acc": 85.86,
        "inc_avg_acc": 77.94,
        "nll": 1.189671,
        "brier": 0.278938,
        "ece": 0.11352,
        "beta_prior": 0.0
      }
    },
    {
      "task_id": 8,
      "elapsed_time_sec": 25.789,
      "metrics": {
        "mean_acc": 82.64,
        "task_acc": [
          85.86,
          73.84,
          70.03,
          76.85,
          81.67,
          64.09,
          87.5,
          88.89,
          86.44
        ],
        "harmonic_acc": 82.1,
        "base_avg_acc": 85.86,
        "inc_avg_acc": 78.66,
        "nll": 1.21016,
        "brier": 0.27797,
        "ece": 0.112837,
        "beta_prior": 0.0
      }
    },
    {
      "task_id": 9,
      "elapsed_time_sec": 27.025,
      "metrics": {
        "mean_acc": 83.29,
        "task_acc": [
          85.86,
          73.84,
          70.03,
          76.85,
          81.67,
          64.09,
          87.5,
          88.89,
          86.44,
          95.14
        ],
        "harmonic_acc": 83.09,
        "base_avg_acc": 85.86,
        "inc_avg_acc": 80.49,
        "nll": 1.166839,
        "brier": 0.268629,
        "ece": 0.107232,
        "beta_prior": 0.0
      }
    },
    {
      "task_id": 10,
      "elapsed_time_sec": 28.681,
      "metrics": {
        "mean_acc": 83.66,
        "task_acc": [
          85.86,
          73.84,
          70.03,
          76.85,
          81.67,
          63.76,
          87.5,
          88.89,
          86.44,
          94.79,
          91.0
        ],
        "harmonic_acc": 83.61,
        "base_avg_acc": 85.86,
        "inc_avg_acc": 81.48,
        "nll": 1.169036,
        "brier": 0.263308,
        "ece": 0.105401,
        "beta_prior": 0.0
      }
    }
  ]
}