{
  "dataset": "cub200",
  "trainer": "bimc_dino_fusion",
  "seed": 15,
  "runtime_sec": 258.067,
  "acc_list": [
    86.35,
    85.46,
    85.04,
    83.96,
    84.26,
    83.03,
    83.36,
    83.89,
    83.9,
    84.31,
    84.67
  ],
  "task_acc_list": [
    [
      86.35
    ],
    [
      86.14,
      78.49
    ],
    [
      86.14,
      78.49,
      80.49
    ],
    [
      86.1,
      78.49,
      76.66,
      75.5
    ],
    [
      86.1,
      78.49,
      75.61,
      75.17,
      89.33
    ],
    [
      86.07,
      78.49,
      75.26,
      75.17,
      89.33,
      67.11
    ],
    [
      86.0,
      78.14,
      75.26,
      75.17,
      89.33,
      67.11,
      89.24
    ],
    [
      86.0,
      78.14,
      75.26,
      75.17,
      89.33,
      67.11,
      88.19,
      93.27
    ],
    [
      86.0,
      78.14,
      74.91,
      75.17,
      89.33,
      67.11,
      87.5,
      89.23,
      89.15
    ],
    [
      85.96,
      78.14,
      74.91,
      75.17,
      89.33,
      67.11,
      87.5,
      89.23,
      88.81,
      92.36
    ],
    [
      85.96,
      78.14,
      74.91,
      75.17,
      89.33,
      66.78,
      87.5,
      88.89,
      88.81,
      92.36,
      92.0
    ]
  ],
  "task_results": [
    {
      "task_id": 0,
      "elapsed_time_sec": 14.178,
      "metrics": {
        "mean_acc": 86.35,
        "task_acc": [
          86.35
        ],
        "harmonic_acc": 0.0,
        "base_avg_acc": 86.35,
        "inc_avg_acc": 0.0,
        "nll": 0.89055,
        "brier": 0.216717,
        "ece": 0.083843,
        "beta_prior": 0.0
      }
    },
    {
      "task_id": 1,
      "elapsed_time_sec": 15.459,
      "metrics": {
        "mean_acc": 85.46,
        "task_acc": [
          86.14,
          78.49
        ],
        "harmonic_acc": 82.14,
        "base_avg_acc": 86.14,
        "inc_avg_acc": 78.49,
        "nll": 0.904561,
        "brier": 0.230295,
        "ece": 0.088282,
        "beta_prior": 0.0
      }
    },
    {
      "task_id": 2,
      "elapsed_time_sec": 16.868,
      "metrics": {
        "mean_acc": 85.04,
        "task_acc": [
          86.14,
          78.49,
          80.49
        ],
        "harmonic_acc": 82.68,
        "base_avg_acc": 86.14,
        "inc_avg_acc": 79.49,
        "nll": 0.920888,
        "brier": 0.2376,
        "ece": 0.091071,
        "beta_prior": 0.0
      }
    },
    {
      "task_id": 3,
      "elapsed_time_sec": 18.388,
      "metrics": {
        "mean_acc": 83.96,
        "task_acc": [
          86.1,
          78.49,
          76.66,
          75.5
        ],
        "harmonic_acc": 81.23,
        "base_avg_acc": 86.1,
        "inc_avg_acc": 76.88,
        "nll": 1.019547,
        "brier": 0.256923,
        "ece": 0.100236,
        "beta_prior": 0.0
      }
    },
    {
      "task_id": 4,
      "elapsed_time_sec": 19.871,
      "metrics": {
        "mean_acc": 84.26,
        "task_acc": [
          86.1,
          78.49,
          75.61,
          75.17,
          89.33
        ],
        "harmonic_acc": 82.75,
        "base_avg_acc": 86.1,
        "inc_avg_acc": 79.65,
        "nll": 1.033375,
        "brier": 0.253927,
        "ece": 0.098089,
        "beta_prior": 0.0
      }
    },
    {
      "task_id": 5,
      "elapsed_time_sec": 21.274,
      "metrics": {
        "mean_acc": 83.03,
        "task_acc": [
          86.07,
          78.49,
          75.26,
          75.17,
          89.33,
          67.11
        ],
        "harmonic_acc": 81.32,
        "base_avg_acc": 86.07,
        "inc_avg_acc": 77.07,
        "nll": 1.123841,
        "brier": 0.275109,
        "ece": 0.107135,
        "beta_prior": 0.0
      }
    },
    {
      "task_id": 6,
      "elapsed_time_sec": 22.762,
      "metrics": {
        "mean_acc": 83.36,
        "task_acc": [
          86.0,
          78.14,
          75.26,
          75.17,
          89.33,
          67.11,
          89.24
        ],
        "harmonic_acc": 82.37,
        "base_avg_acc": 86.0,
        "inc_avg_acc": 79.04,
        "nll": 1.114258,
        "brier": 0.270576,
        "ece": 0.105559,
        "beta_prior": 0.0
      }
    },
    {
      "task_id": 7,
      "elapsed_time_sec": 24.292,
      "metrics": {
        "mean_acc": 83.89,
        "task_acc": [
          86.0,
          78.14,
          75.26,
          75.17,
          89.33,
          67.11,
          88.19,
          93.27
        ],
        "harmonic_acc": 83.38,
        "base_avg_acc": 86.0,
        "inc_avg_acc": 80.92,
        "nll": 1.103216,
        "brier": 0.261756,
        "ece": 0.102924,
        "beta_prior": 0.0
      }
    },
    {
      "task_id": 8,
      "elapsed_time_sec": 25.663,
      "metrics": {
        "mean_acc": 83.9,
        "task_acc": [
          86.0,
          78.14,
          74.91,
          75.17,
          89.33,
          67.11,
          87.5,
          89.23,
          89.15
        ],
        "harmonic_acc": 83.59,
        "base_avg_acc": 86.0,
        "inc_avg_acc": 81.32,
        "nll": 1.131241,
        "brier": 0.262876,
        "ece": 0.103428,
        "beta_prior": 0.0
      }
    },
    {
      "task_id": 9,
      "elapsed_time_sec": 27.137,
      "metrics": {
        "mean_acc": 84.31,
        "task_acc": [
          85.96,
          78.14,
          74.91,
          75.17,
          89.33,
          67.11,
          87.5,
          89.23,
          88.81,
          92.36
        ],
        "harmonic_acc": 84.2,
        "base_avg_acc": 85.96,
        "inc_avg_acc": 82.51,
        "nll": 1.092108,
        "brier": 0.255886,
        "ece": 0.100327,
        "beta_prior": 0.0
      }
    },
    {
      "task_id": 10,
      "elapsed_time_sec": 28.627,
      "metrics": {
        "mean_acc": 84.67,
        "task_acc": [
          85.96,
          78.14,
          74.91,
          75.17,
          89.33,
          66.78,
          87.5,
          88.89,
          88.81,
          92.36,
          92.0
        ],
        "harmonic_acc": 84.65,
        "base_avg_acc": 85.96,
        "inc_avg_acc": 83.39,
        "nll": 1.095792,
        "brier": 0.251238,
        "ece": 0.098568,
        "beta_prior": 0.0
      }
    }
  ]
}