{
  "dataset": "miniimagenet",
  "trainer": "bimc_oracle_beta",
  "seed": 1,
  "runtime_sec": 108.717,
  "acc_list": [
    95.1,
    94.85,
    93.34,
    93.24,
    93.19,
    92.94,
    92.09,
    92.21,
    92.04
  ],
  "task_acc_list": [
    [
      95.1
    ],
    [
      94.97,
      93.4
    ],
    [
      94.62,
      94.4,
      77.0
    ],
    [
      94.25,
      94.2,
      81.0,
      92.4
    ],
    [
      94.12,
      94.6,
      79.6,
      91.6,
      95.8
    ],
    [
      93.92,
      94.0,
      80.0,
      91.2,
      94.4,
      93.4
    ],
    [
      93.57,
      93.8,
      79.6,
      91.4,
      94.0,
      93.2,
      82.8
    ],
    [
      93.7,
      93.6,
      77.4,
      89.8,
      94.0,
      92.8,
      82.6,
      97.4
    ],
    [
      93.5,
      93.0,
      76.4,
      89.8,
      94.0,
      92.4,
      82.4,
      97.4,
      93.4
    ]
  ],
  "task_results": [
    {
      "task_id": 0,
      "elapsed_time_sec": 6.327,
      "metrics": {
        "mean_acc": 95.1,
        "task_acc": [
          95.1
        ],
        "harmonic_acc": 0.0,
        "base_avg_acc": 95.1,
        "inc_avg_acc": 0.0,
        "nll": 3.894531,
        "brier": 0.976074,
        "ece": 0.930614,
        "beta_prior": 0.65,
        "oracle_mode": "beta",
        "oracle_search_metric": "acc",
        "oracle_beta": 0.65,
        "oracle_delta": 0.0,
        "oracle_tau": 1.0
      }
    },
    {
      "task_id": 1,
      "elapsed_time_sec": 6.811,
      "metrics": {
        "mean_acc": 94.85,
        "task_acc": [
          94.97,
          93.4
        ],
        "harmonic_acc": 94.18,
        "base_avg_acc": 94.97,
        "inc_avg_acc": 93.4,
        "nll": 3.976562,
        "brier": 0.978027,
        "ece": 0.929663,
        "beta_prior": 0.65,
        "oracle_mode": "beta",
        "oracle_search_metric": "acc",
        "oracle_beta": 0.65,
        "oracle_delta": 0.0,
        "oracle_tau": 1.0
      }
    },
    {
      "task_id": 2,
      "elapsed_time_sec": 7.31,
      "metrics": {
        "mean_acc": 93.34,
        "task_acc": [
          94.62,
          94.4,
          77.0
        ],
        "harmonic_acc": 89.94,
        "base_avg_acc": 94.62,
        "inc_avg_acc": 85.7,
        "nll": 4.070312,
        "brier": 0.980469,
        "ece": 0.916293,
        "beta_prior": 0.65,
        "oracle_mode": "beta",
        "oracle_search_metric": "acc",
        "oracle_beta": 0.75,
        "oracle_delta": 0.0,
        "oracle_tau": 1.0
      }
    },
    {
      "task_id": 3,
      "elapsed_time_sec": 7.799,
      "metrics": {
        "mean_acc": 93.24,
        "task_acc": [
          94.25,
          94.2,
          81.0,
          92.4
        ],
        "harmonic_acc": 91.66,
        "base_avg_acc": 94.25,
        "inc_avg_acc": 89.2,
        "nll": 4.148438,
        "brier": 0.981934,
        "ece": 0.916561,
        "beta_prior": 0.65,
        "oracle_mode": "beta",
        "oracle_search_metric": "acc",
        "oracle_beta": 0.8,
        "oracle_delta": 0.0,
        "oracle_tau": 1.0
      }
    },
    {
      "task_id": 4,
      "elapsed_time_sec": 8.304,
      "metrics": {
        "mean_acc": 93.19,
        "task_acc": [
          94.12,
          94.6,
          79.6,
          91.6,
          95.8
        ],
        "harmonic_acc": 92.22,
        "base_avg_acc": 94.12,
        "inc_avg_acc": 90.4,
        "nll": 4.210938,
        "brier": 0.982422,
        "ece": 0.917028,
        "beta_prior": 0.65,
        "oracle_mode": "beta",
        "oracle_search_metric": "acc",
        "oracle_beta": 0.8,
        "oracle_delta": 0.0,
        "oracle_tau": 1.0
      }
    },
    {
      "task_id": 5,
      "elapsed_time_sec": 8.787,
      "metrics": {
        "mean_acc": 92.94,
        "task_acc": [
          93.92,
          94.0,
          80.0,
          91.2,
          94.4,
          93.4
        ],
        "harmonic_acc": 92.23,
        "base_avg_acc": 93.92,
        "inc_avg_acc": 90.6,
        "nll": 4.273438,
        "brier": 0.983887,
        "ece": 0.915442,
        "beta_prior": 0.65,
        "oracle_mode": "beta",
        "oracle_search_metric": "acc",
        "oracle_beta": 0.8,
        "oracle_delta": 0.0,
        "oracle_tau": 1.0
      }
    },
    {
      "task_id": 6,
      "elapsed_time_sec": 9.289,
      "metrics": {
        "mean_acc": 92.09,
        "task_acc": [
          93.57,
          93.8,
          79.6,
          91.4,
          94.0,
          93.2,
          82.8
        ],
        "harmonic_acc": 91.3,
        "base_avg_acc": 93.57,
        "inc_avg_acc": 89.13,
        "nll": 4.332031,
        "brier": 0.984375,
        "ece": 0.907721,
        "beta_prior": 0.65,
        "oracle_mode": "beta",
        "oracle_search_metric": "acc",
        "oracle_beta": 0.8,
        "oracle_delta": 0.0,
        "oracle_tau": 1.0
      }
    },
    {
      "task_id": 7,
      "elapsed_time_sec": 9.792,
      "metrics": {
        "mean_acc": 92.21,
        "task_acc": [
          93.7,
          93.6,
          77.4,
          89.8,
          94.0,
          92.8,
          82.6,
          97.4
        ],
        "harmonic_acc": 91.63,
        "base_avg_acc": 93.7,
        "inc_avg_acc": 89.66,
        "nll": 4.375,
        "brier": 0.985352,
        "ece": 0.909494,
        "beta_prior": 0.65,
        "oracle_mode": "beta",
        "oracle_search_metric": "acc",
        "oracle_beta": 0.75,
        "oracle_delta": 0.0,
        "oracle_tau": 1.0
      }
    },
    {
      "task_id": 8,
      "elapsed_time_sec": 10.286,
      "metrics": {
        "mean_acc": 92.04,
        "task_acc": [
          93.5,
          93.0,
          76.4,
          89.8,
          94.0,
          92.4,
          82.4,
          97.4,
          93.4
        ],
        "harmonic_acc": 91.64,
        "base_avg_acc": 93.5,
        "inc_avg_acc": 89.85,
        "nll": 4.425781,
        "brier": 0.98584,
        "ece": 0.908422,
        "beta_prior": 0.65,
        "oracle_mode": "beta",
        "oracle_search_metric": "acc",
        "oracle_beta": 0.75,
        "oracle_delta": 0.0,
        "oracle_tau": 1.0
      }
    }
  ]
}