{
  "dataset": "cub200",
  "trainer": "bimc",
  "seed": 19,
  "runtime_sec": 77.033,
  "acc_list": [
    81.46,
    79.16,
    77.61,
    74.3,
    73.66,
    72.52,
    71.8,
    70.47,
    68.98,
    68.93,
    68.8
  ],
  "task_acc_list": [
    [
      81.46
    ],
    [
      80.55,
      64.87
    ],
    [
      80.69,
      64.16,
      59.93
    ],
    [
      80.31,
      64.87,
      54.7,
      44.3
    ],
    [
      80.1,
      64.52,
      52.61,
      43.62,
      70.67
    ],
    [
      80.06,
      64.52,
      52.61,
      43.62,
      70.67,
      57.38
    ],
    [
      79.78,
      64.52,
      52.26,
      44.3,
      70.33,
      57.38,
      63.89
    ],
    [
      79.43,
      64.52,
      51.92,
      43.29,
      70.33,
      57.38,
      62.5,
      55.89
    ],
    [
      79.33,
      64.52,
      52.61,
      43.29,
      70.0,
      57.38,
      61.46,
      50.51,
      51.19
    ],
    [
      79.47,
      64.52,
      52.26,
      42.95,
      70.33,
      56.71,
      61.81,
      50.51,
      49.15,
      69.44
    ],
    [
      79.5,
      63.8,
      52.61,
      43.96,
      70.0,
      56.38,
      61.46,
      49.16,
      48.81,
      68.4,
      69.0
    ]
  ],
  "task_results": [
    {
      "task_id": 0,
      "elapsed_time_sec": 4.284,
      "metrics": {
        "mean_acc": 81.46,
        "task_acc": [
          81.46
        ],
        "harmonic_acc": 0.0,
        "base_avg_acc": 81.46,
        "inc_avg_acc": 0.0,
        "nll": 4.468788,
        "brier": 0.987095,
        "ece": 0.803103,
        "beta_prior": 0.0
      }
    },
    {
      "task_id": 1,
      "elapsed_time_sec": 4.496,
      "metrics": {
        "mean_acc": 79.16,
        "task_acc": [
          80.55,
          64.87
        ],
        "harmonic_acc": 71.86,
        "base_avg_acc": 80.55,
        "inc_avg_acc": 64.87,
        "nll": 4.562535,
        "brier": 0.988236,
        "ece": 0.781132,
        "beta_prior": 0.0
      }
    },
    {
      "task_id": 2,
      "elapsed_time_sec": 4.901,
      "metrics": {
        "mean_acc": 77.61,
        "task_acc": [
          80.69,
          64.16,
          59.93
        ],
        "harmonic_acc": 70.15,
        "base_avg_acc": 80.69,
        "inc_avg_acc": 62.04,
        "nll": 4.649608,
        "brier": 0.989217,
        "ece": 0.766494,
        "beta_prior": 0.0
      }
    },
    {
      "task_id": 3,
      "elapsed_time_sec": 5.313,
      "metrics": {
        "mean_acc": 74.3,
        "task_acc": [
          80.31,
          64.87,
          54.7,
          44.3
        ],
        "harmonic_acc": 65.02,
        "base_avg_acc": 80.31,
        "inc_avg_acc": 54.62,
        "nll": 4.729557,
        "brier": 0.990045,
        "ece": 0.734159,
        "beta_prior": 0.0
      }
    },
    {
      "task_id": 4,
      "elapsed_time_sec": 5.739,
      "metrics": {
        "mean_acc": 73.66,
        "task_acc": [
          80.1,
          64.52,
          52.61,
          43.62,
          70.67
        ],
        "harmonic_acc": 67.18,
        "base_avg_acc": 80.1,
        "inc_avg_acc": 57.86,
        "nll": 4.804744,
        "brier": 0.990773,
        "ece": 0.728368,
        "beta_prior": 0.0
      }
    },
    {
      "task_id": 5,
      "elapsed_time_sec": 6.135,
      "metrics": {
        "mean_acc": 72.52,
        "task_acc": [
          80.06,
          64.52,
          52.61,
          43.62,
          70.67,
          57.38
        ],
        "harmonic_acc": 67.11,
        "base_avg_acc": 80.06,
        "inc_avg_acc": 57.76,
        "nll": 4.874327,
        "brier": 0.991397,
        "ece": 0.717475,
        "beta_prior": 0.0
      }
    },
    {
      "task_id": 6,
      "elapsed_time_sec": 6.552,
      "metrics": {
        "mean_acc": 71.8,
        "task_acc": [
          79.78,
          64.52,
          52.26,
          44.3,
          70.33,
          57.38,
          63.89
        ],
        "harmonic_acc": 67.69,
        "base_avg_acc": 79.78,
        "inc_avg_acc": 58.78,
        "nll": 4.940732,
        "brier": 0.991961,
        "ece": 0.710849,
        "beta_prior": 0.0
      }
    },
    {
      "task_id": 7,
      "elapsed_time_sec": 6.972,
      "metrics": {
        "mean_acc": 70.47,
        "task_acc": [
          79.43,
          64.52,
          51.92,
          43.29,
          70.33,
          57.38,
          62.5,
          55.89
        ],
        "harmonic_acc": 67.03,
        "base_avg_acc": 79.43,
        "inc_avg_acc": 57.98,
        "nll": 5.002977,
        "brier": 0.992455,
        "ece": 0.697993,
        "beta_prior": 0.0
      }
    },
    {
      "task_id": 8,
      "elapsed_time_sec": 7.386,
      "metrics": {
        "mean_acc": 68.98,
        "task_acc": [
          79.33,
          64.52,
          52.61,
          43.29,
          70.0,
          57.38,
          61.46,
          50.51,
          51.19
        ],
        "harmonic_acc": 65.91,
        "base_avg_acc": 79.33,
        "inc_avg_acc": 56.37,
        "nll": 5.061511,
        "brier": 0.992891,
        "ece": 0.683412,
        "beta_prior": 0.0
      }
    },
    {
      "task_id": 9,
      "elapsed_time_sec": 7.806,
      "metrics": {
        "mean_acc": 68.93,
        "task_acc": [
          79.47,
          64.52,
          52.26,
          42.95,
          70.33,
          56.71,
          61.81,
          50.51,
          49.15,
          69.44
        ],
        "harmonic_acc": 66.74,
        "base_avg_acc": 79.47,
        "inc_avg_acc": 57.52,
        "nll": 5.115239,
        "brier": 0.993261,
        "ece": 0.683262,
        "beta_prior": 0.0
      }
    },
    {
      "task_id": 10,
      "elapsed_time_sec": 8.248,
      "metrics": {
        "mean_acc": 68.8,
        "task_acc": [
          79.5,
          63.8,
          52.61,
          43.96,
          70.0,
          56.38,
          61.46,
          49.16,
          48.81,
          68.4,
          69.0
        ],
        "harmonic_acc": 67.31,
        "base_avg_acc": 79.5,
        "inc_avg_acc": 58.36,
        "nll": 5.167341,
        "brier": 0.993607,
        "ece": 0.682223,
        "beta_prior": 0.0
      }
    }
  ]
}