{
  "dataset": "miniimagenet",
  "trainer": "bimc_oracle_tau",
  "seed": 1,
  "runtime_sec": 108.743,
  "acc_list": [
    95.1,
    94.85,
    93.16,
    92.77,
    92.96,
    92.64,
    91.9,
    91.93,
    91.93
  ],
  "task_acc_list": [
    [
      95.1
    ],
    [
      94.97,
      93.4
    ],
    [
      94.65,
      93.2,
      75.2
    ],
    [
      94.48,
      93.2,
      75.6,
      89.0
    ],
    [
      94.47,
      93.2,
      75.6,
      89.0,
      96.0
    ],
    [
      94.23,
      93.0,
      75.2,
      89.0,
      94.4,
      92.4
    ],
    [
      94.07,
      92.6,
      75.0,
      89.0,
      94.4,
      92.0,
      82.4
    ],
    [
      93.85,
      92.4,
      74.4,
      88.6,
      94.2,
      92.2,
      81.2,
      97.4
    ],
    [
      93.72,
      92.4,
      74.6,
      88.6,
      94.2,
      92.2,
      81.6,
      97.4,
      93.0
    ]
  ],
  "task_results": [
    {
      "task_id": 0,
      "elapsed_time_sec": 6.338,
      "metrics": {
        "mean_acc": 95.1,
        "task_acc": [
          95.1
        ],
        "harmonic_acc": 0.0,
        "base_avg_acc": 95.1,
        "inc_avg_acc": 0.0,
        "nll": 3.699219,
        "brier": 0.967285,
        "ece": 0.926113,
        "beta_prior": 0.65,
        "oracle_mode": "tau",
        "oracle_search_metric": "acc",
        "oracle_beta": 0.65,
        "oracle_delta": 0.0,
        "oracle_tau": 0.5
      }
    },
    {
      "task_id": 1,
      "elapsed_time_sec": 6.802,
      "metrics": {
        "mean_acc": 94.85,
        "task_acc": [
          94.97,
          93.4
        ],
        "harmonic_acc": 94.18,
        "base_avg_acc": 94.97,
        "inc_avg_acc": 93.4,
        "nll": 3.779297,
        "brier": 0.969727,
        "ece": 0.925512,
        "beta_prior": 0.65,
        "oracle_mode": "tau",
        "oracle_search_metric": "acc",
        "oracle_beta": 0.65,
        "oracle_delta": 0.0,
        "oracle_tau": 0.5
      }
    },
    {
      "task_id": 2,
      "elapsed_time_sec": 7.307,
      "metrics": {
        "mean_acc": 93.16,
        "task_acc": [
          94.65,
          93.2,
          75.2
        ],
        "harmonic_acc": 89.12,
        "base_avg_acc": 94.65,
        "inc_avg_acc": 84.2,
        "nll": 3.853516,
        "brier": 0.972168,
        "ece": 0.910255,
        "beta_prior": 0.65,
        "oracle_mode": "tau",
        "oracle_search_metric": "acc",
        "oracle_beta": 0.65,
        "oracle_delta": 0.0,
        "oracle_tau": 0.5
      }
    },
    {
      "task_id": 3,
      "elapsed_time_sec": 7.804,
      "metrics": {
        "mean_acc": 92.77,
        "task_acc": [
          94.48,
          93.2,
          75.6,
          89.0
        ],
        "harmonic_acc": 90.0,
        "base_avg_acc": 94.48,
        "inc_avg_acc": 85.93,
        "nll": 3.923828,
        "brier": 0.974121,
        "ece": 0.907836,
        "beta_prior": 0.65,
        "oracle_mode": "tau",
        "oracle_search_metric": "acc",
        "oracle_beta": 0.65,
        "oracle_delta": 0.0,
        "oracle_tau": 0.5
      }
    },
    {
      "task_id": 4,
      "elapsed_time_sec": 8.294,
      "metrics": {
        "mean_acc": 92.96,
        "task_acc": [
          94.47,
          93.2,
          75.6,
          89.0,
          96.0
        ],
        "harmonic_acc": 91.36,
        "base_avg_acc": 94.47,
        "inc_avg_acc": 88.45,
        "nll": 3.988281,
        "brier": 0.975586,
        "ece": 0.910963,
        "beta_prior": 0.65,
        "oracle_mode": "tau",
        "oracle_search_metric": "acc",
        "oracle_beta": 0.65,
        "oracle_delta": 0.0,
        "oracle_tau": 0.5
      }
    },
    {
      "task_id": 5,
      "elapsed_time_sec": 8.798,
      "metrics": {
        "mean_acc": 92.64,
        "task_acc": [
          94.23,
          93.0,
          75.2,
          89.0,
          94.4,
          92.4
        ],
        "harmonic_acc": 91.43,
        "base_avg_acc": 94.23,
        "inc_avg_acc": 88.8,
        "nll": 4.046875,
        "brier": 0.977051,
        "ece": 0.90879,
        "beta_prior": 0.65,
        "oracle_mode": "tau",
        "oracle_search_metric": "acc",
        "oracle_beta": 0.65,
        "oracle_delta": 0.0,
        "oracle_tau": 0.5
      }
    },
    {
      "task_id": 6,
      "elapsed_time_sec": 9.286,
      "metrics": {
        "mean_acc": 91.9,
        "task_acc": [
          94.07,
          92.6,
          75.0,
          89.0,
          94.4,
          92.0,
          82.4
        ],
        "harmonic_acc": 90.7,
        "base_avg_acc": 94.07,
        "inc_avg_acc": 87.57,
        "nll": 4.109375,
        "brier": 0.978027,
        "ece": 0.902475,
        "beta_prior": 0.65,
        "oracle_mode": "tau",
        "oracle_search_metric": "acc",
        "oracle_beta": 0.65,
        "oracle_delta": 0.0,
        "oracle_tau": 0.5
      }
    },
    {
      "task_id": 7,
      "elapsed_time_sec": 9.784,
      "metrics": {
        "mean_acc": 91.93,
        "task_acc": [
          93.85,
          92.4,
          74.4,
          88.6,
          94.2,
          92.2,
          81.2,
          97.4
        ],
        "harmonic_acc": 91.16,
        "base_avg_acc": 93.85,
        "inc_avg_acc": 88.63,
        "nll": 4.164062,
        "brier": 0.979004,
        "ece": 0.903577,
        "beta_prior": 0.65,
        "oracle_mode": "tau",
        "oracle_search_metric": "acc",
        "oracle_beta": 0.65,
        "oracle_delta": 0.0,
        "oracle_tau": 0.5
      }
    },
    {
      "task_id": 8,
      "elapsed_time_sec": 10.283,
      "metrics": {
        "mean_acc": 91.93,
        "task_acc": [
          93.72,
          92.4,
          74.6,
          88.6,
          94.2,
          92.2,
          81.6,
          97.4,
          93.0
        ],
        "harmonic_acc": 91.43,
        "base_avg_acc": 93.72,
        "inc_avg_acc": 89.25,
        "nll": 4.214844,
        "brier": 0.97998,
        "ece": 0.904407,
        "beta_prior": 0.65,
        "oracle_mode": "tau",
        "oracle_search_metric": "acc",
        "oracle_beta": 0.65,
        "oracle_delta": 0.0,
        "oracle_tau": 0.5
      }
    }
  ]
}