{
  "dataset": "cub200",
  "trainer": "bimc_ensemble",
  "seed": 19,
  "runtime_sec": 76.518,
  "acc_list": [
    83.03,
    80.94,
    79.71,
    76.9,
    76.32,
    75.54,
    75.05,
    73.98,
    73.15,
    73.13,
    73.3
  ],
  "task_acc_list": [
    [
      83.03
    ],
    [
      81.08,
      79.57
    ],
    [
      80.76,
      79.93,
      68.99
    ],
    [
      80.73,
      77.42,
      60.63,
      55.37
    ],
    [
      79.92,
      76.34,
      58.19,
      54.03,
      81.33
    ],
    [
      79.57,
      76.34,
      58.54,
      53.69,
      81.67,
      68.12
    ],
    [
      78.95,
      75.63,
      58.89,
      53.69,
      81.33,
      68.12,
      74.65
    ],
    [
      78.6,
      75.27,
      57.84,
      53.36,
      80.67,
      68.46,
      72.22,
      64.98
    ],
    [
      78.77,
      74.55,
      58.19,
      53.36,
      81.0,
      67.79,
      69.79,
      58.92,
      66.78
    ],
    [
      78.6,
      75.63,
      58.19,
      53.36,
      81.67,
      68.12,
      69.1,
      59.26,
      64.41,
      75.35
    ],
    [
      78.6,
      74.91,
      58.89,
      53.02,
      80.67,
      68.12,
      68.75,
      57.24,
      63.39,
      74.31,
      82.0
    ]
  ],
  "task_results": [
    {
      "task_id": 0,
      "elapsed_time_sec": 4.217,
      "metrics": {
        "mean_acc": 83.03,
        "task_acc": [
          83.03
        ],
        "harmonic_acc": 0.0,
        "base_avg_acc": 83.03,
        "inc_avg_acc": 0.0,
        "nll": 4.462525,
        "brier": 0.986949,
        "ece": 0.818744,
        "beta_prior": 0.3
      }
    },
    {
      "task_id": 1,
      "elapsed_time_sec": 4.476,
      "metrics": {
        "mean_acc": 80.94,
        "task_acc": [
          81.08,
          79.57
        ],
        "harmonic_acc": 80.32,
        "base_avg_acc": 81.08,
        "inc_avg_acc": 79.57,
        "nll": 4.558418,
        "brier": 0.988148,
        "ece": 0.79891,
        "beta_prior": 0.3
      }
    },
    {
      "task_id": 2,
      "elapsed_time_sec": 4.883,
      "metrics": {
        "mean_acc": 79.71,
        "task_acc": [
          80.76,
          79.93,
          68.99
        ],
        "harmonic_acc": 77.48,
        "base_avg_acc": 80.76,
        "inc_avg_acc": 74.46,
        "nll": 4.645378,
        "brier": 0.989135,
        "ece": 0.78745,
        "beta_prior": 0.3
      }
    },
    {
      "task_id": 3,
      "elapsed_time_sec": 5.275,
      "metrics": {
        "mean_acc": 76.9,
        "task_acc": [
          80.73,
          77.42,
          60.63,
          55.37
        ],
        "harmonic_acc": 71.69,
        "base_avg_acc": 80.73,
        "inc_avg_acc": 64.47,
        "nll": 4.725485,
        "brier": 0.989973,
        "ece": 0.760149,
        "beta_prior": 0.3
      }
    },
    {
      "task_id": 4,
      "elapsed_time_sec": 5.715,
      "metrics": {
        "mean_acc": 76.32,
        "task_acc": [
          79.92,
          76.34,
          58.19,
          54.03,
          81.33
        ],
        "harmonic_acc": 73.17,
        "base_avg_acc": 79.92,
        "inc_avg_acc": 67.47,
        "nll": 4.800152,
        "brier": 0.990698,
        "ece": 0.754901,
        "beta_prior": 0.3
      }
    },
    {
      "task_id": 5,
      "elapsed_time_sec": 6.083,
      "metrics": {
        "mean_acc": 75.54,
        "task_acc": [
          79.57,
          76.34,
          58.54,
          53.69,
          81.67,
          68.12
        ],
        "harmonic_acc": 73.14,
        "base_avg_acc": 79.57,
        "inc_avg_acc": 67.67,
        "nll": 4.869051,
        "brier": 0.991317,
        "ece": 0.747725,
        "beta_prior": 0.3
      }
    },
    {
      "task_id": 6,
      "elapsed_time_sec": 6.546,
      "metrics": {
        "mean_acc": 75.05,
        "task_acc": [
          78.95,
          75.63,
          58.89,
          53.69,
          81.33,
          68.12,
          74.65
        ],
        "harmonic_acc": 73.48,
        "base_avg_acc": 78.95,
        "inc_avg_acc": 68.72,
        "nll": 4.935047,
        "brier": 0.99188,
        "ece": 0.743326,
        "beta_prior": 0.3
      }
    },
    {
      "task_id": 7,
      "elapsed_time_sec": 6.923,
      "metrics": {
        "mean_acc": 73.98,
        "task_acc": [
          78.6,
          75.27,
          57.84,
          53.36,
          80.67,
          68.46,
          72.22,
          64.98
        ],
        "harmonic_acc": 72.65,
        "base_avg_acc": 78.6,
        "inc_avg_acc": 67.54,
        "nll": 4.996788,
        "brier": 0.992373,
        "ece": 0.732983,
        "beta_prior": 0.3
      }
    },
    {
      "task_id": 8,
      "elapsed_time_sec": 7.343,
      "metrics": {
        "mean_acc": 73.15,
        "task_acc": [
          78.77,
          74.55,
          58.19,
          53.36,
          81.0,
          67.79,
          69.79,
          58.92,
          66.78
        ],
        "harmonic_acc": 72.0,
        "base_avg_acc": 78.77,
        "inc_avg_acc": 66.3,
        "nll": 5.054977,
        "brier": 0.99281,
        "ece": 0.725061,
        "beta_prior": 0.3
      }
    },
    {
      "task_id": 9,
      "elapsed_time_sec": 7.729,
      "metrics": {
        "mean_acc": 73.13,
        "task_acc": [
          78.6,
          75.63,
          58.19,
          53.36,
          81.67,
          68.12,
          69.1,
          59.26,
          64.41,
          75.35
        ],
        "harmonic_acc": 72.47,
        "base_avg_acc": 78.6,
        "inc_avg_acc": 67.23,
        "nll": 5.108778,
        "brier": 0.993184,
        "ece": 0.725276,
        "beta_prior": 0.3
      }
    },
    {
      "task_id": 10,
      "elapsed_time_sec": 8.177,
      "metrics": {
        "mean_acc": 73.3,
        "task_acc": [
          78.6,
          74.91,
          58.89,
          53.02,
          80.67,
          68.12,
          68.75,
          57.24,
          63.39,
          74.31,
          82.0
        ],
        "harmonic_acc": 72.99,
        "base_avg_acc": 78.6,
        "inc_avg_acc": 68.13,
        "nll": 5.160404,
        "brier": 0.993529,
        "ece": 0.727238,
        "beta_prior": 0.3
      }
    }
  ]
}