{
  "dataset": "cub200",
  "trainer": "bimc",
  "seed": 13,
  "runtime_sec": 76.811,
  "acc_list": [
    82.23,
    80.4,
    79.27,
    76.21,
    75.65,
    74.32,
    74.06,
    73.47,
    72.19,
    72.32,
    72.25
  ],
  "task_acc_list": [
    [
      82.23
    ],
    [
      81.53,
      68.82
    ],
    [
      81.35,
      68.82,
      68.64
    ],
    [
      81.11,
      68.1,
      59.58,
      52.68
    ],
    [
      81.04,
      68.1,
      58.54,
      51.34,
      71.67
    ],
    [
      80.69,
      66.67,
      58.89,
      51.01,
      71.67,
      61.07
    ],
    [
      80.52,
      66.31,
      58.19,
      50.67,
      71.67,
      60.74,
      73.61
    ],
    [
      80.34,
      66.31,
      57.84,
      50.34,
      71.67,
      61.07,
      71.53,
      68.35
    ],
    [
      80.1,
      65.95,
      57.84,
      51.01,
      71.67,
      61.07,
      68.06,
      63.3,
      61.36
    ],
    [
      80.03,
      65.95,
      57.84,
      51.01,
      71.67,
      60.74,
      68.4,
      62.96,
      60.34,
      76.74
    ],
    [
      80.24,
      65.23,
      58.54,
      51.01,
      71.67,
      60.4,
      68.75,
      61.62,
      59.66,
      76.39,
      71.33
    ]
  ],
  "task_results": [
    {
      "task_id": 0,
      "elapsed_time_sec": 4.227,
      "metrics": {
        "mean_acc": 82.23,
        "task_acc": [
          82.23
        ],
        "harmonic_acc": 0.0,
        "base_avg_acc": 82.23,
        "inc_avg_acc": 0.0,
        "nll": 4.448106,
        "brier": 0.986622,
        "ece": 0.810544,
        "beta_prior": 0.3
      }
    },
    {
      "task_id": 1,
      "elapsed_time_sec": 4.488,
      "metrics": {
        "mean_acc": 80.4,
        "task_acc": [
          81.53,
          68.82
        ],
        "harmonic_acc": 74.64,
        "base_avg_acc": 81.53,
        "inc_avg_acc": 68.82,
        "nll": 4.544038,
        "brier": 0.987851,
        "ece": 0.793347,
        "beta_prior": 0.3
      }
    },
    {
      "task_id": 2,
      "elapsed_time_sec": 4.859,
      "metrics": {
        "mean_acc": 79.27,
        "task_acc": [
          81.35,
          68.82,
          68.64
        ],
        "harmonic_acc": 74.51,
        "base_avg_acc": 81.35,
        "inc_avg_acc": 68.73,
        "nll": 4.631877,
        "brier": 0.988879,
        "ece": 0.782944,
        "beta_prior": 0.3
      }
    },
    {
      "task_id": 3,
      "elapsed_time_sec": 5.251,
      "metrics": {
        "mean_acc": 76.21,
        "task_acc": [
          81.11,
          68.1,
          59.58,
          52.68
        ],
        "harmonic_acc": 69.06,
        "base_avg_acc": 81.11,
        "inc_avg_acc": 60.12,
        "nll": 4.712402,
        "brier": 0.989744,
        "ece": 0.753055,
        "beta_prior": 0.3
      }
    },
    {
      "task_id": 4,
      "elapsed_time_sec": 5.68,
      "metrics": {
        "mean_acc": 75.65,
        "task_acc": [
          81.04,
          68.1,
          58.54,
          51.34,
          71.67
        ],
        "harmonic_acc": 70.52,
        "base_avg_acc": 81.04,
        "inc_avg_acc": 62.41,
        "nll": 4.787733,
        "brier": 0.990496,
        "ece": 0.748092,
        "beta_prior": 0.3
      }
    },
    {
      "task_id": 5,
      "elapsed_time_sec": 6.117,
      "metrics": {
        "mean_acc": 74.32,
        "task_acc": [
          80.69,
          66.67,
          58.89,
          51.01,
          71.67,
          61.07
        ],
        "harmonic_acc": 70.03,
        "base_avg_acc": 80.69,
        "inc_avg_acc": 61.86,
        "nll": 4.857196,
        "brier": 0.991137,
        "ece": 0.735378,
        "beta_prior": 0.3
      }
    },
    {
      "task_id": 6,
      "elapsed_time_sec": 6.486,
      "metrics": {
        "mean_acc": 74.06,
        "task_acc": [
          80.52,
          66.31,
          58.19,
          50.67,
          71.67,
          60.74,
          73.61
        ],
        "harmonic_acc": 71.02,
        "base_avg_acc": 80.52,
        "inc_avg_acc": 63.53,
        "nll": 4.92369,
        "brier": 0.991719,
        "ece": 0.733271,
        "beta_prior": 0.3
      }
    },
    {
      "task_id": 7,
      "elapsed_time_sec": 6.938,
      "metrics": {
        "mean_acc": 73.47,
        "task_acc": [
          80.34,
          66.31,
          57.84,
          50.34,
          71.67,
          61.07,
          71.53,
          68.35
        ],
        "harmonic_acc": 71.17,
        "base_avg_acc": 80.34,
        "inc_avg_acc": 63.87,
        "nll": 4.985784,
        "brier": 0.992226,
        "ece": 0.727815,
        "beta_prior": 0.3
      }
    },
    {
      "task_id": 8,
      "elapsed_time_sec": 7.343,
      "metrics": {
        "mean_acc": 72.19,
        "task_acc": [
          80.1,
          65.95,
          57.84,
          51.01,
          71.67,
          61.07,
          68.06,
          63.3,
          61.36
        ],
        "harmonic_acc": 70.23,
        "base_avg_acc": 80.1,
        "inc_avg_acc": 62.53,
        "nll": 5.044518,
        "brier": 0.992678,
        "ece": 0.715387,
        "beta_prior": 0.3
      }
    },
    {
      "task_id": 9,
      "elapsed_time_sec": 7.722,
      "metrics": {
        "mean_acc": 72.32,
        "task_acc": [
          80.03,
          65.95,
          57.84,
          51.01,
          71.67,
          60.74,
          68.4,
          62.96,
          60.34,
          76.74
        ],
        "harmonic_acc": 71.1,
        "base_avg_acc": 80.03,
        "inc_avg_acc": 63.96,
        "nll": 5.098527,
        "brier": 0.993062,
        "ece": 0.717021,
        "beta_prior": 0.3
      }
    },
    {
      "task_id": 10,
      "elapsed_time_sec": 8.143,
      "metrics": {
        "mean_acc": 72.25,
        "task_acc": [
          80.24,
          65.23,
          58.54,
          51.01,
          71.67,
          60.4,
          68.75,
          61.62,
          59.66,
          76.39,
          71.33
        ],
        "harmonic_acc": 71.49,
        "base_avg_acc": 80.24,
        "inc_avg_acc": 64.46,
        "nll": 5.150497,
        "brier": 0.993416,
        "ece": 0.71665,
        "beta_prior": 0.3
      }
    }
  ]
}