{
  "dataset": "cub200",
  "trainer": "bimc",
  "seed": 1,
  "runtime_sec": 76.074,
  "acc_list": [
    81.88,
    80.05,
    79.13,
    75.91,
    74.9,
    73.83,
    72.97,
    72.86,
    71.76,
    72.26,
    72.2
  ],
  "task_acc_list": [
    [
      81.88
    ],
    [
      81.32,
      67.03
    ],
    [
      81.18,
      67.03,
      70.38
    ],
    [
      80.83,
      66.31,
      62.37,
      50.67
    ],
    [
      80.55,
      65.23,
      60.63,
      50.34,
      68.0
    ],
    [
      80.48,
      65.95,
      59.23,
      50.34,
      68.67,
      60.07
    ],
    [
      80.17,
      65.95,
      59.23,
      50.34,
      68.33,
      59.4,
      64.24
    ],
    [
      79.99,
      65.59,
      59.23,
      50.34,
      68.33,
      59.4,
      62.15,
      75.08
    ],
    [
      79.96,
      65.59,
      59.58,
      50.0,
      68.67,
      59.06,
      59.72,
      69.02,
      62.37
    ],
    [
      80.03,
      65.23,
      58.89,
      49.66,
      68.33,
      58.72,
      59.72,
      68.69,
      60.0,
      85.42
    ],
    [
      79.85,
      65.23,
      58.54,
      50.0,
      68.0,
      58.05,
      59.72,
      68.69,
      59.32,
      84.72,
      75.0
    ]
  ],
  "task_results": [
    {
      "task_id": 0,
      "elapsed_time_sec": 4.194,
      "metrics": {
        "mean_acc": 81.88,
        "task_acc": [
          81.88
        ],
        "harmonic_acc": 0.0,
        "base_avg_acc": 81.88,
        "inc_avg_acc": 0.0,
        "nll": 4.453047,
        "brier": 0.986736,
        "ece": 0.807111,
        "beta_prior": 0.3
      }
    },
    {
      "task_id": 1,
      "elapsed_time_sec": 4.462,
      "metrics": {
        "mean_acc": 80.05,
        "task_acc": [
          81.32,
          67.03
        ],
        "harmonic_acc": 73.49,
        "base_avg_acc": 81.32,
        "inc_avg_acc": 67.03,
        "nll": 4.549068,
        "brier": 0.987956,
        "ece": 0.789901,
        "beta_prior": 0.3
      }
    },
    {
      "task_id": 2,
      "elapsed_time_sec": 4.858,
      "metrics": {
        "mean_acc": 79.13,
        "task_acc": [
          81.18,
          67.03,
          70.38
        ],
        "harmonic_acc": 74.42,
        "base_avg_acc": 81.18,
        "inc_avg_acc": 68.7,
        "nll": 4.636599,
        "brier": 0.988969,
        "ece": 0.781533,
        "beta_prior": 0.3
      }
    },
    {
      "task_id": 3,
      "elapsed_time_sec": 5.28,
      "metrics": {
        "mean_acc": 75.91,
        "task_acc": [
          80.83,
          66.31,
          62.37,
          50.67
        ],
        "harmonic_acc": 68.73,
        "base_avg_acc": 80.83,
        "inc_avg_acc": 59.78,
        "nll": 4.717183,
        "brier": 0.989828,
        "ece": 0.750148,
        "beta_prior": 0.3
      }
    },
    {
      "task_id": 4,
      "elapsed_time_sec": 5.689,
      "metrics": {
        "mean_acc": 74.9,
        "task_acc": [
          80.55,
          65.23,
          60.63,
          50.34,
          68.0
        ],
        "harmonic_acc": 69.46,
        "base_avg_acc": 80.55,
        "inc_avg_acc": 61.05,
        "nll": 4.792473,
        "brier": 0.990573,
        "ece": 0.740684,
        "beta_prior": 0.3
      }
    },
    {
      "task_id": 5,
      "elapsed_time_sec": 6.088,
      "metrics": {
        "mean_acc": 73.83,
        "task_acc": [
          80.48,
          65.95,
          59.23,
          50.34,
          68.67,
          60.07
        ],
        "harmonic_acc": 69.3,
        "base_avg_acc": 80.48,
        "inc_avg_acc": 60.85,
        "nll": 4.86174,
        "brier": 0.991206,
        "ece": 0.730559,
        "beta_prior": 0.3
      }
    },
    {
      "task_id": 6,
      "elapsed_time_sec": 6.5,
      "metrics": {
        "mean_acc": 72.97,
        "task_acc": [
          80.17,
          65.95,
          59.23,
          50.34,
          68.33,
          59.4,
          64.24
        ],
        "harmonic_acc": 69.44,
        "base_avg_acc": 80.17,
        "inc_avg_acc": 61.25,
        "nll": 4.928427,
        "brier": 0.991786,
        "ece": 0.722468,
        "beta_prior": 0.3
      }
    },
    {
      "task_id": 7,
      "elapsed_time_sec": 6.927,
      "metrics": {
        "mean_acc": 72.86,
        "task_acc": [
          79.99,
          65.59,
          59.23,
          50.34,
          68.33,
          59.4,
          62.15,
          75.08
        ],
        "harmonic_acc": 70.41,
        "base_avg_acc": 79.99,
        "inc_avg_acc": 62.87,
        "nll": 4.990696,
        "brier": 0.992291,
        "ece": 0.72174,
        "beta_prior": 0.3
      }
    },
    {
      "task_id": 8,
      "elapsed_time_sec": 7.337,
      "metrics": {
        "mean_acc": 71.76,
        "task_acc": [
          79.96,
          65.59,
          59.58,
          50.0,
          68.67,
          59.06,
          59.72,
          69.02,
          62.37
        ],
        "harmonic_acc": 69.69,
        "base_avg_acc": 79.96,
        "inc_avg_acc": 61.75,
        "nll": 5.049341,
        "brier": 0.992738,
        "ece": 0.711192,
        "beta_prior": 0.3
      }
    },
    {
      "task_id": 9,
      "elapsed_time_sec": 7.727,
      "metrics": {
        "mean_acc": 72.26,
        "task_acc": [
          80.03,
          65.23,
          58.89,
          49.66,
          68.33,
          58.72,
          59.72,
          68.69,
          60.0,
          85.42
        ],
        "harmonic_acc": 71.03,
        "base_avg_acc": 80.03,
        "inc_avg_acc": 63.85,
        "nll": 5.103217,
        "brier": 0.993118,
        "ece": 0.716504,
        "beta_prior": 0.3
      }
    },
    {
      "task_id": 10,
      "elapsed_time_sec": 8.18,
      "metrics": {
        "mean_acc": 72.2,
        "task_acc": [
          79.85,
          65.23,
          58.54,
          50.0,
          68.0,
          58.05,
          59.72,
          68.69,
          59.32,
          84.72,
          75.0
        ],
        "harmonic_acc": 71.5,
        "base_avg_acc": 79.85,
        "inc_avg_acc": 64.73,
        "nll": 5.15537,
        "brier": 0.993471,
        "ece": 0.716161,
        "beta_prior": 0.3
      }
    }
  ]
}