{
  "dataset": "cub200",
  "trainer": "bimc",
  "seed": 2,
  "runtime_sec": 76.234,
  "acc_list": [
    81.46,
    78.65,
    76.73,
    72.99,
    72.54,
    71.22,
    70.55,
    70.05,
    68.29,
    68.73,
    68.29
  ],
  "task_acc_list": [
    [
      81.46
    ],
    [
      80.76,
      56.99
    ],
    [
      80.55,
      56.63,
      58.19
    ],
    [
      80.27,
      56.63,
      48.43,
      41.95
    ],
    [
      80.31,
      56.63,
      47.39,
      41.28,
      68.33
    ],
    [
      80.27,
      56.63,
      47.04,
      41.28,
      67.67,
      54.7
    ],
    [
      80.38,
      56.63,
      47.04,
      40.27,
      68.0,
      54.03,
      60.76
    ],
    [
      79.89,
      56.63,
      47.04,
      40.6,
      68.33,
      54.36,
      58.68,
      68.01
    ],
    [
      79.85,
      56.63,
      47.04,
      40.27,
      68.0,
      54.36,
      56.25,
      63.3,
      47.12
    ],
    [
      79.71,
      56.27,
      47.04,
      40.6,
      68.0,
      54.7,
      56.6,
      62.96,
      44.75,
      80.21
    ],
    [
      79.75,
      55.91,
      47.39,
      39.6,
      68.33,
      52.68,
      56.25,
      60.94,
      44.41,
      80.56,
      65.0
    ]
  ],
  "task_results": [
    {
      "task_id": 0,
      "elapsed_time_sec": 4.197,
      "metrics": {
        "mean_acc": 81.46,
        "task_acc": [
          81.46
        ],
        "harmonic_acc": 0.0,
        "base_avg_acc": 81.46,
        "inc_avg_acc": 0.0,
        "nll": 4.468788,
        "brier": 0.987095,
        "ece": 0.803103,
        "beta_prior": 0.0
      }
    },
    {
      "task_id": 1,
      "elapsed_time_sec": 4.483,
      "metrics": {
        "mean_acc": 78.65,
        "task_acc": [
          80.76,
          56.99
        ],
        "harmonic_acc": 66.82,
        "base_avg_acc": 80.76,
        "inc_avg_acc": 56.99,
        "nll": 4.563269,
        "brier": 0.988251,
        "ece": 0.776049,
        "beta_prior": 0.0
      }
    },
    {
      "task_id": 2,
      "elapsed_time_sec": 4.855,
      "metrics": {
        "mean_acc": 76.73,
        "task_acc": [
          80.55,
          56.63,
          58.19
        ],
        "harmonic_acc": 67.04,
        "base_avg_acc": 80.55,
        "inc_avg_acc": 57.41,
        "nll": 4.650318,
        "brier": 0.98923,
        "ece": 0.757754,
        "beta_prior": 0.0
      }
    },
    {
      "task_id": 3,
      "elapsed_time_sec": 5.294,
      "metrics": {
        "mean_acc": 72.99,
        "task_acc": [
          80.27,
          56.63,
          48.43,
          41.95
        ],
        "harmonic_acc": 60.86,
        "base_avg_acc": 80.27,
        "inc_avg_acc": 49.0,
        "nll": 4.730556,
        "brier": 0.990062,
        "ece": 0.721023,
        "beta_prior": 0.0
      }
    },
    {
      "task_id": 4,
      "elapsed_time_sec": 5.685,
      "metrics": {
        "mean_acc": 72.54,
        "task_acc": [
          80.31,
          56.63,
          47.39,
          41.28,
          68.33
        ],
        "harmonic_acc": 64.15,
        "base_avg_acc": 80.31,
        "inc_avg_acc": 53.41,
        "nll": 4.805849,
        "brier": 0.99079,
        "ece": 0.717203,
        "beta_prior": 0.0
      }
    },
    {
      "task_id": 5,
      "elapsed_time_sec": 6.096,
      "metrics": {
        "mean_acc": 71.22,
        "task_acc": [
          80.27,
          56.63,
          47.04,
          41.28,
          67.67,
          54.7
        ],
        "harmonic_acc": 64.18,
        "base_avg_acc": 80.27,
        "inc_avg_acc": 53.46,
        "nll": 4.874948,
        "brier": 0.991406,
        "ece": 0.704533,
        "beta_prior": 0.0
      }
    },
    {
      "task_id": 6,
      "elapsed_time_sec": 6.487,
      "metrics": {
        "mean_acc": 70.55,
        "task_acc": [
          80.38,
          56.63,
          47.04,
          40.27,
          68.0,
          54.03,
          60.76
        ],
        "harmonic_acc": 64.93,
        "base_avg_acc": 80.38,
        "inc_avg_acc": 54.46,
        "nll": 4.941403,
        "brier": 0.99197,
        "ece": 0.698281,
        "beta_prior": 0.0
      }
    },
    {
      "task_id": 7,
      "elapsed_time_sec": 6.94,
      "metrics": {
        "mean_acc": 70.05,
        "task_acc": [
          79.89,
          56.63,
          47.04,
          40.6,
          68.33,
          54.36,
          58.68,
          68.01
        ],
        "harmonic_acc": 66.01,
        "base_avg_acc": 79.89,
        "inc_avg_acc": 56.24,
        "nll": 5.003371,
        "brier": 0.99246,
        "ece": 0.693719,
        "beta_prior": 0.0
      }
    },
    {
      "task_id": 8,
      "elapsed_time_sec": 7.378,
      "metrics": {
        "mean_acc": 68.29,
        "task_acc": [
          79.85,
          56.63,
          47.04,
          40.27,
          68.0,
          54.36,
          56.25,
          63.3,
          47.12
        ],
        "harmonic_acc": 64.52,
        "base_avg_acc": 79.85,
        "inc_avg_acc": 54.12,
        "nll": 5.061979,
        "brier": 0.992897,
        "ece": 0.676499,
        "beta_prior": 0.0
      }
    },
    {
      "task_id": 9,
      "elapsed_time_sec": 7.751,
      "metrics": {
        "mean_acc": 68.73,
        "task_acc": [
          79.71,
          56.27,
          47.04,
          40.6,
          68.0,
          54.7,
          56.6,
          62.96,
          44.75,
          80.21
        ],
        "harmonic_acc": 66.33,
        "base_avg_acc": 79.71,
        "inc_avg_acc": 56.79,
        "nll": 5.115531,
        "brier": 0.993264,
        "ece": 0.681261,
        "beta_prior": 0.0
      }
    },
    {
      "task_id": 10,
      "elapsed_time_sec": 8.184,
      "metrics": {
        "mean_acc": 68.29,
        "task_acc": [
          79.75,
          55.91,
          47.39,
          39.6,
          68.33,
          52.68,
          56.25,
          60.94,
          44.41,
          80.56,
          65.0
        ],
        "harmonic_acc": 66.56,
        "base_avg_acc": 79.75,
        "inc_avg_acc": 57.11,
        "nll": 5.167773,
        "brier": 0.993611,
        "ece": 0.67722,
        "beta_prior": 0.0
      }
    }
  ]
}