{
  "dataset": "cub200",
  "trainer": "bimc_ensemble",
  "seed": 4,
  "runtime_sec": 79.688,
  "acc_list": [
    83.03,
    81.07,
    79.8,
    76.58,
    75.57,
    74.66,
    74.19,
    73.77,
    72.86,
    73.21,
    73.18
  ],
  "task_acc_list": [
    [
      83.03
    ],
    [
      81.67,
      74.91
    ],
    [
      81.22,
      73.48,
      71.78
    ],
    [
      81.22,
      72.4,
      60.28,
      51.68
    ],
    [
      80.27,
      72.04,
      56.45,
      52.68,
      75.0
    ],
    [
      80.13,
      71.68,
      55.75,
      51.34,
      75.67,
      65.44
    ],
    [
      79.54,
      70.97,
      56.1,
      50.67,
      75.67,
      65.44,
      73.96
    ],
    [
      79.57,
      70.61,
      55.75,
      51.68,
      75.0,
      64.77,
      72.22,
      69.7
    ],
    [
      79.47,
      71.33,
      55.75,
      51.34,
      75.67,
      64.43,
      70.14,
      61.95,
      67.8
    ],
    [
      79.43,
      69.89,
      54.7,
      50.67,
      75.67,
      65.44,
      69.79,
      62.29,
      65.76,
      84.03
    ],
    [
      79.22,
      69.53,
      55.4,
      50.34,
      75.67,
      64.09,
      70.14,
      61.62,
      65.08,
      83.33,
      77.67
    ]
  ],
  "task_results": [
    {
      "task_id": 0,
      "elapsed_time_sec": 4.401,
      "metrics": {
        "mean_acc": 83.03,
        "task_acc": [
          83.03
        ],
        "harmonic_acc": 0.0,
        "base_avg_acc": 83.03,
        "inc_avg_acc": 0.0,
        "nll": 4.462525,
        "brier": 0.986949,
        "ece": 0.818744,
        "beta_prior": 0.3
      }
    },
    {
      "task_id": 1,
      "elapsed_time_sec": 4.675,
      "metrics": {
        "mean_acc": 81.07,
        "task_acc": [
          81.67,
          74.91
        ],
        "harmonic_acc": 78.14,
        "base_avg_acc": 81.67,
        "inc_avg_acc": 74.91,
        "nll": 4.559087,
        "brier": 0.988162,
        "ece": 0.800189,
        "beta_prior": 0.3
      }
    },
    {
      "task_id": 2,
      "elapsed_time_sec": 5.095,
      "metrics": {
        "mean_acc": 79.8,
        "task_acc": [
          81.22,
          73.48,
          71.78
        ],
        "harmonic_acc": 76.69,
        "base_avg_acc": 81.22,
        "inc_avg_acc": 72.63,
        "nll": 4.64621,
        "brier": 0.98915,
        "ece": 0.788333,
        "beta_prior": 0.3
      }
    },
    {
      "task_id": 3,
      "elapsed_time_sec": 5.533,
      "metrics": {
        "mean_acc": 76.58,
        "task_acc": [
          81.22,
          72.4,
          60.28,
          51.68
        ],
        "harmonic_acc": 69.97,
        "base_avg_acc": 81.22,
        "inc_avg_acc": 61.45,
        "nll": 4.72632,
        "brier": 0.989987,
        "ece": 0.756936,
        "beta_prior": 0.3
      }
    },
    {
      "task_id": 4,
      "elapsed_time_sec": 5.954,
      "metrics": {
        "mean_acc": 75.57,
        "task_acc": [
          80.27,
          72.04,
          56.45,
          52.68,
          75.0
        ],
        "harmonic_acc": 71.24,
        "base_avg_acc": 80.27,
        "inc_avg_acc": 64.04,
        "nll": 4.800988,
        "brier": 0.990711,
        "ece": 0.747458,
        "beta_prior": 0.3
      }
    },
    {
      "task_id": 5,
      "elapsed_time_sec": 6.386,
      "metrics": {
        "mean_acc": 74.66,
        "task_acc": [
          80.13,
          71.68,
          55.75,
          51.34,
          75.67,
          65.44
        ],
        "harmonic_acc": 71.15,
        "base_avg_acc": 80.13,
        "inc_avg_acc": 63.98,
        "nll": 4.869755,
        "brier": 0.991327,
        "ece": 0.738944,
        "beta_prior": 0.3
      }
    },
    {
      "task_id": 6,
      "elapsed_time_sec": 6.802,
      "metrics": {
        "mean_acc": 74.19,
        "task_acc": [
          79.54,
          70.97,
          56.1,
          50.67,
          75.67,
          65.44,
          73.96
        ],
        "harmonic_acc": 71.82,
        "base_avg_acc": 79.54,
        "inc_avg_acc": 65.47,
        "nll": 4.93567,
        "brier": 0.991889,
        "ece": 0.73466,
        "beta_prior": 0.3
      }
    },
    {
      "task_id": 7,
      "elapsed_time_sec": 7.214,
      "metrics": {
        "mean_acc": 73.77,
        "task_acc": [
          79.57,
          70.61,
          55.75,
          51.68,
          75.0,
          64.77,
          72.22,
          69.7
        ],
        "harmonic_acc": 71.96,
        "base_avg_acc": 79.57,
        "inc_avg_acc": 65.68,
        "nll": 4.997171,
        "brier": 0.992378,
        "ece": 0.730948,
        "beta_prior": 0.3
      }
    },
    {
      "task_id": 8,
      "elapsed_time_sec": 7.675,
      "metrics": {
        "mean_acc": 72.86,
        "task_acc": [
          79.47,
          71.33,
          55.75,
          51.34,
          75.67,
          64.43,
          70.14,
          61.95,
          67.8
        ],
        "harmonic_acc": 71.39,
        "base_avg_acc": 79.47,
        "inc_avg_acc": 64.8,
        "nll": 5.055331,
        "brier": 0.992814,
        "ece": 0.722181,
        "beta_prior": 0.3
      }
    },
    {
      "task_id": 9,
      "elapsed_time_sec": 8.085,
      "metrics": {
        "mean_acc": 73.21,
        "task_acc": [
          79.43,
          69.89,
          54.7,
          50.67,
          75.67,
          65.44,
          69.79,
          62.29,
          65.76,
          84.03
        ],
        "harmonic_acc": 72.38,
        "base_avg_acc": 79.43,
        "inc_avg_acc": 66.47,
        "nll": 5.109161,
        "brier": 0.993189,
        "ece": 0.726006,
        "beta_prior": 0.3
      }
    },
    {
      "task_id": 10,
      "elapsed_time_sec": 8.552,
      "metrics": {
        "mean_acc": 73.18,
        "task_acc": [
          79.22,
          69.53,
          55.4,
          50.34,
          75.67,
          64.09,
          70.14,
          61.62,
          65.08,
          83.33,
          77.67
        ],
        "harmonic_acc": 72.77,
        "base_avg_acc": 79.22,
        "inc_avg_acc": 67.29,
        "nll": 5.160824,
        "brier": 0.993533,
        "ece": 0.726031,
        "beta_prior": 0.3
      }
    }
  ]
}