{
  "dataset": "cub200",
  "trainer": "bimc_ensemble",
  "seed": 13,
  "runtime_sec": 76.382,
  "acc_list": [
    83.03,
    81.07,
    79.88,
    76.93,
    76.37,
    75.24,
    74.86,
    74.34,
    73.01,
    73.12,
    72.99
  ],
  "task_acc_list": [
    [
      83.03
    ],
    [
      81.35,
      78.14
    ],
    [
      81.04,
      77.06,
      71.08
    ],
    [
      81.15,
      75.27,
      59.23,
      55.03
    ],
    [
      80.38,
      75.63,
      59.58,
      54.36,
      76.67
    ],
    [
      80.24,
      73.12,
      58.89,
      53.69,
      77.0,
      64.77
    ],
    [
      79.57,
      73.48,
      58.19,
      53.69,
      77.0,
      64.43,
      76.39
    ],
    [
      79.4,
      72.76,
      58.19,
      54.36,
      76.67,
      64.43,
      75.0,
      69.7
    ],
    [
      79.36,
      72.4,
      58.89,
      53.69,
      76.67,
      64.43,
      70.14,
      61.95,
      64.07
    ],
    [
      79.43,
      72.4,
      58.89,
      53.69,
      76.0,
      64.09,
      70.83,
      61.62,
      61.36,
      77.78
    ],
    [
      79.05,
      70.97,
      59.23,
      53.02,
      76.67,
      64.09,
      70.14,
      60.27,
      61.69,
      77.43,
      77.33
    ]
  ],
  "task_results": [
    {
      "task_id": 0,
      "elapsed_time_sec": 4.211,
      "metrics": {
        "mean_acc": 83.03,
        "task_acc": [
          83.03
        ],
        "harmonic_acc": 0.0,
        "base_avg_acc": 83.03,
        "inc_avg_acc": 0.0,
        "nll": 4.462525,
        "brier": 0.986949,
        "ece": 0.818744,
        "beta_prior": 0.3
      }
    },
    {
      "task_id": 1,
      "elapsed_time_sec": 4.48,
      "metrics": {
        "mean_acc": 81.07,
        "task_acc": [
          81.35,
          78.14
        ],
        "harmonic_acc": 79.71,
        "base_avg_acc": 81.35,
        "inc_avg_acc": 78.14,
        "nll": 4.558842,
        "brier": 0.988157,
        "ece": 0.800188,
        "beta_prior": 0.3
      }
    },
    {
      "task_id": 2,
      "elapsed_time_sec": 4.876,
      "metrics": {
        "mean_acc": 79.88,
        "task_acc": [
          81.04,
          77.06,
          71.08
        ],
        "harmonic_acc": 77.4,
        "base_avg_acc": 81.04,
        "inc_avg_acc": 74.07,
        "nll": 4.645937,
        "brier": 0.989145,
        "ece": 0.789205,
        "beta_prior": 0.3
      }
    },
    {
      "task_id": 3,
      "elapsed_time_sec": 5.243,
      "metrics": {
        "mean_acc": 76.93,
        "task_acc": [
          81.15,
          75.27,
          59.23,
          55.03
        ],
        "harmonic_acc": 71.04,
        "base_avg_acc": 81.15,
        "inc_avg_acc": 63.18,
        "nll": 4.725876,
        "brier": 0.98998,
        "ece": 0.760421,
        "beta_prior": 0.3
      }
    },
    {
      "task_id": 4,
      "elapsed_time_sec": 5.686,
      "metrics": {
        "mean_acc": 76.37,
        "task_acc": [
          80.38,
          75.63,
          59.58,
          54.36,
          76.67
        ],
        "harmonic_acc": 72.82,
        "base_avg_acc": 80.38,
        "inc_avg_acc": 66.56,
        "nll": 4.800635,
        "brier": 0.990706,
        "ece": 0.755402,
        "beta_prior": 0.3
      }
    },
    {
      "task_id": 5,
      "elapsed_time_sec": 6.1,
      "metrics": {
        "mean_acc": 75.24,
        "task_acc": [
          80.24,
          73.12,
          58.89,
          53.69,
          77.0,
          64.77
        ],
        "harmonic_acc": 72.12,
        "base_avg_acc": 80.24,
        "inc_avg_acc": 65.49,
        "nll": 4.869426,
        "brier": 0.991322,
        "ece": 0.744722,
        "beta_prior": 0.3
      }
    },
    {
      "task_id": 6,
      "elapsed_time_sec": 6.479,
      "metrics": {
        "mean_acc": 74.86,
        "task_acc": [
          79.57,
          73.48,
          58.19,
          53.69,
          77.0,
          64.43,
          76.39
        ],
        "harmonic_acc": 72.86,
        "base_avg_acc": 79.57,
        "inc_avg_acc": 67.2,
        "nll": 4.9353,
        "brier": 0.991884,
        "ece": 0.741377,
        "beta_prior": 0.3
      }
    },
    {
      "task_id": 7,
      "elapsed_time_sec": 6.932,
      "metrics": {
        "mean_acc": 74.34,
        "task_acc": [
          79.4,
          72.76,
          58.19,
          54.36,
          76.67,
          64.43,
          75.0,
          69.7
        ],
        "harmonic_acc": 72.85,
        "base_avg_acc": 79.4,
        "inc_avg_acc": 67.3,
        "nll": 4.996839,
        "brier": 0.992373,
        "ece": 0.736649,
        "beta_prior": 0.3
      }
    },
    {
      "task_id": 8,
      "elapsed_time_sec": 7.343,
      "metrics": {
        "mean_acc": 73.01,
        "task_acc": [
          79.36,
          72.4,
          58.89,
          53.69,
          76.67,
          64.43,
          70.14,
          61.95,
          64.07
        ],
        "harmonic_acc": 71.63,
        "base_avg_acc": 79.36,
        "inc_avg_acc": 65.28,
        "nll": 5.05509,
        "brier": 0.992811,
        "ece": 0.723718,
        "beta_prior": 0.3
      }
    },
    {
      "task_id": 9,
      "elapsed_time_sec": 7.732,
      "metrics": {
        "mean_acc": 73.12,
        "task_acc": [
          79.43,
          72.4,
          58.89,
          53.69,
          76.0,
          64.09,
          70.83,
          61.62,
          61.36,
          77.78
        ],
        "harmonic_acc": 72.27,
        "base_avg_acc": 79.43,
        "inc_avg_acc": 66.3,
        "nll": 5.108887,
        "brier": 0.993186,
        "ece": 0.725095,
        "beta_prior": 0.3
      }
    },
    {
      "task_id": 10,
      "elapsed_time_sec": 8.165,
      "metrics": {
        "mean_acc": 72.99,
        "task_acc": [
          79.05,
          70.97,
          59.23,
          53.02,
          76.67,
          64.09,
          70.14,
          60.27,
          61.69,
          77.43,
          77.33
        ],
        "harmonic_acc": 72.58,
        "base_avg_acc": 79.05,
        "inc_avg_acc": 67.08,
        "nll": 5.160449,
        "brier": 0.993529,
        "ece": 0.724131,
        "beta_prior": 0.3
      }
    }
  ]
}