{
  "dataset": "CIFAR100",
  "train_cfg": "configs/trainers/bimc_ensemble.yaml",
  "runtime_sec": 192.55,
  "knn_k": 5,
  "density_k": 5,
  "crowd_k": 5,
  "per_session": [
    {
      "task_id": 0,
      "num_seen_classes": 60,
      "num_base_classes": 60,
      "beta_prior": 0.65,
      "hubness_skew": 0.7341992653017094,
      "k_occurrence_gini": 0.2116166666666668,
      "k_occurrence_max_over_mean": 1.8859999999999961,
      "base_local_density": 13.571838895994707,
      "novel_local_density": 0.0,
      "base_novel_density_ratio": 1.0,
      "novel_nearest_base_rate": 0.0,
      "novel_base_neighbor_fraction": 0.0,
      "novel_base_neighbor_excess": 0.0,
      "base_class_prior": 1.0,
      "novel_margin_mean": -5.038452218286693e-05,
      "novel_margin_median": 0.0,
      "novel_margin_violation_rate": 1.0,
      "novel_margin_severe_rate": 0.0
    },
    {
      "task_id": 1,
      "num_seen_classes": 65,
      "num_base_classes": 60,
      "beta_prior": 0.65,
      "hubness_skew": 0.8200068738898324,
      "k_occurrence_gini": 0.2126447337278108,
      "k_occurrence_max_over_mean": 1.9119999999999961,
      "base_local_density": 13.571838895994707,
      "novel_local_density": 13.19131719669314,
      "base_novel_density_ratio": 1.0288463762661213,
      "novel_nearest_base_rate": 0.800000011920929,
      "novel_base_neighbor_fraction": 0.9200000166893005,
      "novel_base_neighbor_excess": -0.003076906387622591,
      "base_class_prior": 0.9230769230769231,
      "novel_margin_mean": 0.00012633496953640133,
      "novel_margin_median": 8.154287934303284e-05,
      "novel_margin_violation_rate": 0.4180000126361847,
      "novel_margin_severe_rate": 0.0
    },
    {
      "task_id": 2,
      "num_seen_classes": 70,
      "num_base_classes": 60,
      "beta_prior": 0.65,
      "hubness_skew": 0.8000342880587316,
      "k_occurrence_gini": 0.21125142857142865,
      "k_occurrence_max_over_mean": 1.9159999999999962,
      "base_local_density": 13.571838895994707,
      "novel_local_density": 13.038723565981845,
      "base_novel_density_ratio": 1.0408870797294734,
      "novel_nearest_base_rate": 0.699999988079071,
      "novel_base_neighbor_fraction": 0.8600000143051147,
      "novel_base_neighbor_excess": 0.002857157162257651,
      "base_class_prior": 0.8571428571428571,
      "novel_margin_mean": 0.00033033007639460266,
      "novel_margin_median": 0.0003135688602924347,
      "novel_margin_violation_rate": 0.22200000286102295,
      "novel_margin_severe_rate": 0.0
    },
    {
      "task_id": 3,
      "num_seen_classes": 75,
      "num_base_classes": 60,
      "beta_prior": 0.65,
      "hubness_skew": 0.9553942470927316,
      "k_occurrence_gini": 0.2037688888888889,
      "k_occurrence_max_over_mean": 2.077999999999996,
      "base_local_density": 13.571838895994707,
      "novel_local_density": 13.72995238174118,
      "base_novel_density_ratio": 0.9884840470417989,
      "novel_nearest_base_rate": 0.5333333611488342,
      "novel_base_neighbor_fraction": 0.6933333277702332,
      "novel_base_neighbor_excess": -0.10666667222976689,
      "base_class_prior": 0.8,
      "novel_margin_mean": 0.0001303285825997591,
      "novel_margin_median": 0.00011803582310676575,
      "novel_margin_violation_rate": 0.3499999940395355,
      "novel_margin_severe_rate": 0.0
    },
    {
      "task_id": 4,
      "num_seen_classes": 80,
      "num_base_classes": 60,
      "beta_prior": 0.65,
      "hubness_skew": 0.9500123240379997,
      "k_occurrence_gini": 0.20420562499999995,
      "k_occurrence_max_over_mean": 2.1079999999999957,
      "base_local_density": 13.571838895994707,
      "novel_local_density": 13.456683318480424,
      "base_novel_density_ratio": 1.008557500744343,
      "novel_nearest_base_rate": 0.6000000238418579,
      "novel_base_neighbor_fraction": 0.6499999761581421,
      "novel_base_neighbor_excess": -0.10000002384185791,
      "base_class_prior": 0.75,
      "novel_margin_mean": 0.00019998550124000758,
      "novel_margin_median": 0.00020722020417451859,
      "novel_margin_violation_rate": 0.2879999876022339,
      "novel_margin_severe_rate": 0.0
    },
    {
      "task_id": 5,
      "num_seen_classes": 85,
      "num_base_classes": 60,
      "beta_prior": 0.65,
      "hubness_skew": 0.8890420167704925,
      "k_occurrence_gini": 0.19927031141868512,
      "k_occurrence_max_over_mean": 2.057999999999996,
      "base_local_density": 13.571838895994707,
      "novel_local_density": 13.567644061875997,
      "base_novel_density_ratio": 1.0003091792576204,
      "novel_nearest_base_rate": 0.6000000238418579,
      "novel_base_neighbor_fraction": 0.6079999804496765,
      "novel_base_neighbor_excess": -0.0978823724915,
      "base_class_prior": 0.7058823529411765,
      "novel_margin_mean": 0.0002958257682621479,
      "novel_margin_median": 0.0002927463501691818,
      "novel_margin_violation_rate": 0.22200000286102295,
      "novel_margin_severe_rate": 0.0
    },
    {
      "task_id": 6,
      "num_seen_classes": 90,
      "num_base_classes": 60,
      "beta_prior": 0.65,
      "hubness_skew": 0.8311423769970266,
      "k_occurrence_gini": 0.19656000000000007,
      "k_occurrence_max_over_mean": 2.023999999999996,
      "base_local_density": 13.571838895994707,
      "novel_local_density": 13.420219874466317,
      "base_novel_density_ratio": 1.0112978045774692,
      "novel_nearest_base_rate": 0.5666666626930237,
      "novel_base_neighbor_fraction": 0.6200000047683716,
      "novel_base_neighbor_excess": -0.04666666189829505,
      "base_class_prior": 0.6666666666666666,
      "novel_margin_mean": 0.0003337096713948995,
      "novel_margin_median": 0.0003138212487101555,
      "novel_margin_violation_rate": 0.2160000056028366,
      "novel_margin_severe_rate": 0.0
    },
    {
      "task_id": 7,
      "num_seen_classes": 95,
      "num_base_classes": 60,
      "beta_prior": 0.65,
      "hubness_skew": 0.9036471241646258,
      "k_occurrence_gini": 0.1977498060941827,
      "k_occurrence_max_over_mean": 2.1959999999999953,
      "base_local_density": 13.571838895994707,
      "novel_local_density": 13.432578150252413,
      "base_novel_density_ratio": 1.0103673877184685,
      "novel_nearest_base_rate": 0.5142857432365417,
      "novel_base_neighbor_fraction": 0.5714285969734192,
      "novel_base_neighbor_excess": -0.06015035039500183,
      "base_class_prior": 0.631578947368421,
      "novel_margin_mean": 0.0002449034946039319,
      "novel_margin_median": 0.00027261488139629364,
      "novel_margin_violation_rate": 0.2460000067949295,
      "novel_margin_severe_rate": 0.0
    },
    {
      "task_id": 8,
      "num_seen_classes": 100,
      "num_base_classes": 60,
      "beta_prior": 0.65,
      "hubness_skew": 0.9454252877517162,
      "k_occurrence_gini": 0.201924,
      "k_occurrence_max_over_mean": 2.2379999999999955,
      "base_local_density": 13.571838895994707,
      "novel_local_density": 13.43872711197597,
      "base_novel_density_ratio": 1.0099050886969878,
      "novel_nearest_base_rate": 0.5249999761581421,
      "novel_base_neighbor_fraction": 0.550000011920929,
      "novel_base_neighbor_excess": -0.04999998807907102,
      "base_class_prior": 0.6,
      "novel_margin_mean": 9.460496949031949e-05,
      "novel_margin_median": 8.220411837100983e-05,
      "novel_margin_violation_rate": 0.3479999899864197,
      "novel_margin_severe_rate": 0.0
    }
  ],
  "kill_switch": {
    "final_metrics": {
      "task_id": 8,
      "num_seen_classes": 100,
      "num_base_classes": 60,
      "beta_prior": 0.65,
      "hubness_skew": 0.9454252877517162,
      "k_occurrence_gini": 0.201924,
      "k_occurrence_max_over_mean": 2.2379999999999955,
      "base_local_density": 13.571838895994707,
      "novel_local_density": 13.43872711197597,
      "base_novel_density_ratio": 1.0099050886969878,
      "novel_nearest_base_rate": 0.5249999761581421,
      "novel_base_neighbor_fraction": 0.550000011920929,