{
  "dataset": "cub200",
  "trainer": "bimc",
  "seed": 16,
  "runtime_sec": 76.909,
  "acc_list": [
    81.46,
    79.1,
    76.97,
    74.36,
    73.66,
    72.03,
    71.43,
    70.37,
    68.69,
    68.46,
    68.14
  ],
  "task_acc_list": [
    [
      81.46
    ],
    [
      80.76,
      62.01
    ],
    [
      80.8,
      61.65,
      53.66
    ],
    [
      80.55,
      60.22,
      45.64,
      55.7
    ],
    [
      80.45,
      60.22,
      45.3,
      53.69,
      68.33
    ],
    [
      80.17,
      59.86,
      45.3,
      55.03,
      68.0,
      52.01
    ],
    [
      80.17,
      60.22,
      45.64,
      54.7,
      67.67,
      52.01,
      62.5
    ],
    [
      79.71,
      59.86,
      45.3,
      55.03,
      67.67,
      51.68,
      62.15,
      59.26
    ],
    [
      79.89,
      60.22,
      45.3,
      54.7,
      67.67,
      51.01,
      59.38,
      51.85,
      49.83
    ],
    [
      79.64,
      59.86,
      45.3,
      54.03,
      67.33,
      50.34,
      59.38,
      51.18,
      47.8,
      71.53
    ],
    [
      79.82,
      59.5,
      44.95,
      53.69,
      67.67,
      49.33,
      58.68,
      50.17,
      47.8,
      70.83,
      64.67
    ]
  ],
  "task_results": [
    {
      "task_id": 0,
      "elapsed_time_sec": 4.24,
      "metrics": {
        "mean_acc": 81.46,
        "task_acc": [
          81.46
        ],
        "harmonic_acc": 0.0,
        "base_avg_acc": 81.46,
        "inc_avg_acc": 0.0,
        "nll": 4.468788,
        "brier": 0.987095,
        "ece": 0.803103,
        "beta_prior": 0.0
      }
    },
    {
      "task_id": 1,
      "elapsed_time_sec": 4.513,
      "metrics": {
        "mean_acc": 79.1,
        "task_acc": [
          80.76,
          62.01
        ],
        "harmonic_acc": 70.15,
        "base_avg_acc": 80.76,
        "inc_avg_acc": 62.01,
        "nll": 4.563204,
        "brier": 0.988249,
        "ece": 0.780502,
        "beta_prior": 0.0
      }
    },
    {
      "task_id": 2,
      "elapsed_time_sec": 4.899,
      "metrics": {
        "mean_acc": 76.97,
        "task_acc": [
          80.8,
          61.65,
          53.66
        ],
        "harmonic_acc": 67.29,
        "base_avg_acc": 80.8,
        "inc_avg_acc": 57.66,
        "nll": 4.649936,
        "brier": 0.989223,
        "ece": 0.760082,
        "beta_prior": 0.0
      }
    },
    {
      "task_id": 3,
      "elapsed_time_sec": 5.302,
      "metrics": {
        "mean_acc": 74.36,
        "task_acc": [
          80.55,
          60.22,
          45.64,
          55.7
        ],
        "harmonic_acc": 64.55,
        "base_avg_acc": 80.55,
        "inc_avg_acc": 53.85,
        "nll": 4.729882,
        "brier": 0.99005,
        "ece": 0.734698,
        "beta_prior": 0.0
      }
    },
    {
      "task_id": 4,
      "elapsed_time_sec": 5.734,
      "metrics": {
        "mean_acc": 73.66,
        "task_acc": [
          80.45,
          60.22,
          45.3,
          53.69,
          68.33
        ],
        "harmonic_acc": 66.65,
        "base_avg_acc": 80.45,
        "inc_avg_acc": 56.88,
        "nll": 4.805245,
        "brier": 0.990781,
        "ece": 0.728372,
        "beta_prior": 0.0
      }
    },
    {
      "task_id": 5,
      "elapsed_time_sec": 6.128,
      "metrics": {
        "mean_acc": 72.03,
        "task_acc": [
          80.17,
          59.86,
          45.3,
          55.03,
          68.0,
          52.01
        ],
        "harmonic_acc": 65.97,
        "base_avg_acc": 80.17,
        "inc_avg_acc": 56.04,
        "nll": 4.87473,
        "brier": 0.991403,
        "ece": 0.712623,
        "beta_prior": 0.0
      }
    },
    {
      "task_id": 6,
      "elapsed_time_sec": 6.54,
      "metrics": {
        "mean_acc": 71.43,
        "task_acc": [
          80.17,
          60.22,
          45.64,
          54.7,
          67.67,
          52.01,
          62.5
        ],
        "harmonic_acc": 66.71,
        "base_avg_acc": 80.17,
        "inc_avg_acc": 57.12,
        "nll": 4.941017,
        "brier": 0.991965,
        "ece": 0.707166,
        "beta_prior": 0.0
      }
    },
    {
      "task_id": 7,
      "elapsed_time_sec": 6.982,
      "metrics": {
        "mean_acc": 70.37,
        "task_acc": [
          79.71,
          59.86,
          45.3,
          55.03,
          67.67,
          51.68,
          62.15,
          59.26
        ],
        "harmonic_acc": 66.66,
        "base_avg_acc": 79.71,
        "inc_avg_acc": 57.28,
        "nll": 5.003229,
        "brier": 0.992458,
        "ece": 0.696977,
        "beta_prior": 0.0
      }
    },
    {
      "task_id": 8,
      "elapsed_time_sec": 7.393,
      "metrics": {
        "mean_acc": 68.69,
        "task_acc": [
          79.89,
          60.22,
          45.3,
          54.7,
          67.67,
          51.01,
          59.38,
          51.85,
          49.83
        ],
        "harmonic_acc": 65.15,
        "base_avg_acc": 79.89,
        "inc_avg_acc": 55.0,
        "nll": 5.06176,
        "brier": 0.992894,
        "ece": 0.680532,
        "beta_prior": 0.0
      }
    },
    {
      "task_id": 9,
      "elapsed_time_sec": 7.793,
      "metrics": {
        "mean_acc": 68.46,
        "task_acc": [
          79.64,
          59.86,
          45.3,
          54.03,
          67.33,
          50.34,
          59.38,
          51.18,
          47.8,
          71.53
        ],
        "harmonic_acc": 65.97,
        "base_avg_acc": 79.64,
        "inc_avg_acc": 56.31,
        "nll": 5.115255,
        "brier": 0.993261,
        "ece": 0.678529,
        "beta_prior": 0.0
      }
    },
    {
      "task_id": 10,
      "elapsed_time_sec": 8.249,
      "metrics": {
        "mean_acc": 68.14,
        "task_acc": [
          79.82,
          59.5,
          44.95,
          53.69,
          67.67,
          49.33,
          58.68,
          50.17,
          47.8,
          70.83,
          64.67
        ],
        "harmonic_acc": 66.32,
        "base_avg_acc": 79.82,
        "inc_avg_acc": 56.73,
        "nll": 5.167495,
        "brier": 0.993608,
        "ece": 0.675665,
        "beta_prior": 0.0
      }
    }
  ]
}