{
  "dataset": "cub200",
  "trainer": "bimc_dino_fusion_ensemble",
  "seed": 11,
  "runtime_sec": 253.063,
  "acc_list": [
    88.16,
    86.29,
    85.83,
    84.87,
    85.13,
    83.91,
    84.24,
    84.83,
    84.56,
    85.04,
    85.38
  ],
  "task_acc_list": [
    [
      88.16
    ],
    [
      88.16,
      67.03
    ],
    [
      88.13,
      67.03,
      81.18
    ],
    [
      88.13,
      67.03,
      73.52,
      81.21
    ],
    [
      88.16,
      67.38,
      73.17,
      80.87,
      88.33
    ],
    [
      88.09,
      67.03,
      73.17,
      80.87,
      88.33,
      68.46
    ],
    [
      88.06,
      67.38,
      73.17,
      80.87,
      88.33,
      68.12,
      89.58
    ],
    [
      88.02,
      67.03,
      73.17,
      80.87,
      88.33,
      68.12,
      88.54,
      95.62
    ],
    [
      88.02,
      67.03,
      73.17,
      80.87,
      88.33,
      68.12,
      88.19,
      89.9,
      86.1
    ],
    [
      87.99,
      67.03,
      73.17,
      80.87,
      88.33,
      68.12,
      88.19,
      89.9,
      85.76,
      94.44
    ],
    [
      87.92,
      67.03,
      73.17,
      80.87,
      88.33,
      68.12,
      88.19,
      89.9,
      85.76,
      94.44,
      92.33
    ]
  ],
  "task_results": [
    {
      "task_id": 0,
      "elapsed_time_sec": 13.869,
      "metrics": {
        "mean_acc": 88.16,
        "task_acc": [
          88.16
        ],
        "harmonic_acc": 0.0,
        "base_avg_acc": 88.16,
        "inc_avg_acc": 0.0,
        "nll": 0.547428,
        "brier": 0.183482,
        "ece": 0.044411,
        "beta_prior": 0.3
      }
    },
    {
      "task_id": 1,
      "elapsed_time_sec": 15.119,
      "metrics": {
        "mean_acc": 86.29,
        "task_acc": [
          88.16,
          67.03
        ],
        "harmonic_acc": 76.16,
        "base_avg_acc": 88.16,
        "inc_avg_acc": 67.03,
        "nll": 0.616095,
        "brier": 0.21102,
        "ece": 0.041907,
        "beta_prior": 0.3
      }
    },
    {
      "task_id": 2,
      "elapsed_time_sec": 16.591,
      "metrics": {
        "mean_acc": 85.83,
        "task_acc": [
          88.13,
          67.03,
          81.18
        ],
        "harmonic_acc": 80.51,
        "base_avg_acc": 88.13,
        "inc_avg_acc": 74.1,
        "nll": 0.631632,
        "brier": 0.214967,
        "ece": 0.035146,
        "beta_prior": 0.3
      }
    },
    {
      "task_id": 3,
      "elapsed_time_sec": 17.924,
      "metrics": {
        "mean_acc": 84.87,
        "task_acc": [
          88.13,
          67.03,
          73.52,
          81.21
        ],
        "harmonic_acc": 80.4,
        "base_avg_acc": 88.13,
        "inc_avg_acc": 73.92,
        "nll": 0.684198,
        "brier": 0.231357,
        "ece": 0.041916,
        "beta_prior": 0.3
      }
    },
    {
      "task_id": 4,
      "elapsed_time_sec": 19.367,
      "metrics": {
        "mean_acc": 85.13,
        "task_acc": [
          88.16,
          67.38,
          73.17,
          80.87,
          88.33
        ],
        "harmonic_acc": 82.45,
        "base_avg_acc": 88.16,
        "inc_avg_acc": 77.44,
        "nll": 0.684315,
        "brier": 0.228362,
        "ece": 0.041081,
        "beta_prior": 0.3
      }
    },
    {
      "task_id": 5,
      "elapsed_time_sec": 20.859,
      "metrics": {
        "mean_acc": 83.91,
        "task_acc": [
          88.09,
          67.03,
          73.17,
          80.87,
          88.33,
          68.46
        ],
        "harmonic_acc": 81.35,
        "base_avg_acc": 88.09,
        "inc_avg_acc": 75.57,
        "nll": 0.713876,
        "brier": 0.240922,
        "ece": 0.037575,
        "beta_prior": 0.3
      }
    },
    {
      "task_id": 6,
      "elapsed_time_sec": 22.21,
      "metrics": {
        "mean_acc": 84.24,
        "task_acc": [
          88.06,
          67.38,
          73.17,
          80.87,
          88.33,
          68.12,
          89.58
        ],
        "harmonic_acc": 82.67,
        "base_avg_acc": 88.06,
        "inc_avg_acc": 77.91,
        "nll": 0.712666,
        "brier": 0.235861,
        "ece": 0.041911,
        "beta_prior": 0.3
      }
    },
    {
      "task_id": 7,
      "elapsed_time_sec": 23.721,
      "metrics": {
        "mean_acc": 84.83,
        "task_acc": [
          88.02,
          67.03,
          73.17,
          80.87,
          88.33,
          68.12,
          88.54,
          95.62
        ],
        "harmonic_acc": 83.95,
        "base_avg_acc": 88.02,
        "inc_avg_acc": 80.24,
        "nll": 0.702177,
        "brier": 0.227672,
        "ece": 0.045946,
        "beta_prior": 0.3
      }
    },
    {
      "task_id": 8,
      "elapsed_time_sec": 25.044,
      "metrics": {
        "mean_acc": 84.56,
        "task_acc": [
          88.02,
          67.03,
          73.17,
          80.87,
          88.33,
          68.12,
          88.19,
          89.9,
          86.1
        ],
        "harmonic_acc": 83.94,
        "base_avg_acc": 88.02,
        "inc_avg_acc": 80.21,
        "nll": 0.723285,
        "brier": 0.232698,
        "ece": 0.049757,
        "beta_prior": 0.3
      }
    },
    {
      "task_id": 9,
      "elapsed_time_sec": 26.483,
      "metrics": {
        "mean_acc": 85.04,
        "task_acc": [
          87.99,
          67.03,
          73.17,
          80.87,
          88.33,
          68.12,
          88.19,
          89.9,
          85.76,
          94.44
        ],
        "harmonic_acc": 84.76,
        "base_avg_acc": 87.99,
        "inc_avg_acc": 81.76,
        "nll": 0.707958,
        "brier": 0.226484,
        "ece": 0.051824,
        "beta_prior": 0.3
      }
    },
    {
      "task_id": 10,
      "elapsed_time_sec": 27.903,
      "metrics": {
        "mean_acc": 85.38,
        "task_acc": [
          87.92,
          67.03,
          73.17,
          80.87,
          88.33,
          68.12,
          88.19,
          89.9,
          85.76,
          94.44,
          92.33
        ],
        "harmonic_acc": 85.29,
        "base_avg_acc": 87.92,
        "inc_avg_acc": 82.81,
        "nll": 0.704734,
        "brier": 0.222337,
        "ece": 0.056089,
        "beta_prior": 0.3
      }
    }
  ]
}