{
  "dataset": "cub200",
  "trainer": "bimc",
  "seed": 14,
  "runtime_sec": 76.81,
  "acc_list": [
    81.46,
    79.29,
    77.52,
    74.22,
    72.94,
    71.34,
    70.11,
    69.35,
    67.79,
    67.84,
    67.73
  ],
  "task_acc_list": [
    [
      81.46
    ],
    [
      80.9,
      62.72
    ],
    [
      80.76,
      62.01,
      60.28
    ],
    [
      80.59,
      61.65,
      49.48,
      48.66
    ],
    [
      80.31,
      62.01,
      46.69,
      45.3,
      65.33
    ],
    [
      80.13,
      60.93,
      45.99,
      45.64,
      65.0,
      53.02
    ],
    [
      79.92,
      60.57,
      45.99,
      46.31,
      64.0,
      52.01,
      55.56
    ],
    [
      79.78,
      59.86,
      45.99,
      44.97,
      64.0,
      52.35,
      52.78,
      63.3
    ],
    [
      79.64,
      60.57,
      45.99,
      45.3,
      64.0,
      52.35,
      52.43,
      59.6,
      46.1
    ],
    [
      79.61,
      60.57,
      45.64,
      45.3,
      64.0,
      52.01,
      51.74,
      58.92,
      45.42,
      71.88
    ],
    [
      79.64,
      59.5,
      45.99,
      44.63,
      64.0,
      50.0,
      51.39,
      58.59,
      45.42,
      70.49,
      70.67
    ]
  ],
  "task_results": [
    {
      "task_id": 0,
      "elapsed_time_sec": 4.243,
      "metrics": {
        "mean_acc": 81.46,
        "task_acc": [
          81.46
        ],
        "harmonic_acc": 0.0,
        "base_avg_acc": 81.46,
        "inc_avg_acc": 0.0,
        "nll": 4.468788,
        "brier": 0.987095,
        "ece": 0.803103,
        "beta_prior": 0.0
      }
    },
    {
      "task_id": 1,
      "elapsed_time_sec": 4.482,
      "metrics": {
        "mean_acc": 79.29,
        "task_acc": [
          80.9,
          62.72
        ],
        "harmonic_acc": 70.66,
        "base_avg_acc": 80.9,
        "inc_avg_acc": 62.72,
        "nll": 4.562611,
        "brier": 0.988237,
        "ece": 0.782406,
        "beta_prior": 0.0
      }
    },
    {
      "task_id": 2,
      "elapsed_time_sec": 4.887,
      "metrics": {
        "mean_acc": 77.52,
        "task_acc": [
          80.76,
          62.01,
          60.28
        ],
        "harmonic_acc": 69.6,
        "base_avg_acc": 80.76,
        "inc_avg_acc": 61.14,
        "nll": 4.649776,
        "brier": 0.98922,
        "ece": 0.765622,
        "beta_prior": 0.0
      }
    },
    {
      "task_id": 3,
      "elapsed_time_sec": 5.281,
      "metrics": {
        "mean_acc": 74.22,
        "task_acc": [
          80.59,
          61.65,
          49.48,
          48.66
        ],
        "harmonic_acc": 64.14,
        "base_avg_acc": 80.59,
        "inc_avg_acc": 53.26,
        "nll": 4.72983,
        "brier": 0.99005,
        "ece": 0.733358,
        "beta_prior": 0.0
      }
    },
    {
      "task_id": 4,
      "elapsed_time_sec": 5.73,
      "metrics": {
        "mean_acc": 72.94,
        "task_acc": [
          80.31,
          62.01,
          46.69,
          45.3,
          65.33
        ],
        "harmonic_acc": 65.17,
        "base_avg_acc": 80.31,
        "inc_avg_acc": 54.83,
        "nll": 4.805124,
        "brier": 0.990779,
        "ece": 0.72117,
        "beta_prior": 0.0
      }
    },
    {
      "task_id": 5,
      "elapsed_time_sec": 6.134,
      "metrics": {
        "mean_acc": 71.34,
        "task_acc": [
          80.13,
          60.93,
          45.99,
          45.64,
          65.0,
          53.02
        ],
        "harmonic_acc": 64.6,
        "base_avg_acc": 80.13,
        "inc_avg_acc": 54.12,
        "nll": 4.874555,
        "brier": 0.9914,
        "ece": 0.705686,
        "beta_prior": 0.0
      }
    },
    {
      "task_id": 6,
      "elapsed_time_sec": 6.56,
      "metrics": {
        "mean_acc": 70.11,
        "task_acc": [
          79.92,
          60.57,
          45.99,
          46.31,
          64.0,
          52.01,
          55.56
        ],
        "harmonic_acc": 64.5,
        "base_avg_acc": 79.92,
        "inc_avg_acc": 54.07,
        "nll": 4.940931,
        "brier": 0.991963,
        "ece": 0.693944,
        "beta_prior": 0.0
      }
    },
    {
      "task_id": 7,
      "elapsed_time_sec": 6.959,
      "metrics": {
        "mean_acc": 69.35,
        "task_acc": [
          79.78,
          59.86,
          45.99,
          44.97,
          64.0,
          52.35,
          52.78,
          63.3
        ],
        "harmonic_acc": 64.94,
        "base_avg_acc": 79.78,
        "inc_avg_acc": 54.75,
        "nll": 5.002985,
        "brier": 0.992455,
        "ece": 0.686793,
        "beta_prior": 0.0
      }
    },
    {
      "task_id": 8,
      "elapsed_time_sec": 7.408,
      "metrics": {
        "mean_acc": 67.79,
        "task_acc": [
          79.64,
          60.57,
          45.99,
          45.3,
          64.0,
          52.35,
          52.43,
          59.6,
          46.1
        ],
        "harmonic_acc": 63.86,
        "base_avg_acc": 79.64,
        "inc_avg_acc": 53.29,
        "nll": 5.061633,
        "brier": 0.992893,
        "ece": 0.671502,
        "beta_prior": 0.0
      }
    },
    {
      "task_id": 9,
      "elapsed_time_sec": 7.8,
      "metrics": {
        "mean_acc": 67.84,
        "task_acc": [
          79.61,
          60.57,
          45.64,
          45.3,
          64.0,
          52.01,
          51.74,
          58.92,
          45.42,
          71.88
        ],
        "harmonic_acc": 65.09,
        "base_avg_acc": 79.61,
        "inc_avg_acc": 55.05,
        "nll": 5.115443,
        "brier": 0.993263,
        "ece": 0.672341,
        "beta_prior": 0.0
      }
    },
    {
      "task_id": 10,
      "elapsed_time_sec": 8.216,
      "metrics": {
        "mean_acc": 67.73,
        "task_acc": [
          79.64,
          59.5,
          45.99,
          44.63,
          64.0,
          50.0,
          51.39,
          58.59,
          45.42,
          70.49,
          70.67
        ],
        "harmonic_acc": 65.81,
        "base_avg_acc": 79.64,
        "inc_avg_acc": 56.07,
        "nll": 5.167601,
        "brier": 0.993609,
        "ece": 0.671523,
        "beta_prior": 0.0
      }
    }
  ]
}