{
  "dataset": "cub200",
  "trainer": "bimc",
  "seed": 6,
  "runtime_sec": 81.193,
  "acc_list": [
    82.23,
    80.5,
    79.74,
    76.74,
    76.12,
    74.8,
    73.95,
    73.35,
    72.07,
    72.48,
    72.35
  ],
  "task_acc_list": [
    [
      82.23
    ],
    [
      81.39,
      71.33
    ],
    [
      81.42,
      71.68,
      70.73
    ],
    [
      81.15,
      70.97,
      60.63,
      55.37
    ],
    [
      80.94,
      70.97,
      57.84,
      53.69,
      74.67
    ],
    [
      80.76,
      70.61,
      57.49,
      54.03,
      74.67,
      59.06
    ],
    [
      80.38,
      70.61,
      57.14,
      53.69,
      74.0,
      59.4,
      65.97
    ],
    [
      80.17,
      70.61,
      57.49,
      53.69,
      74.33,
      59.06,
      63.89,
      67.68
    ],
    [
      80.06,
      70.61,
      57.84,
      53.69,
      74.0,
      59.4,
      62.5,
      59.26,
      61.36
    ],
    [
      80.2,
      70.61,
      57.84,
      54.03,
      74.33,
      59.06,
      62.5,
      58.59,
      59.32,
      80.9
    ],
    [
      80.06,
      68.1,
      57.14,
      54.03,
      74.0,
      58.72,
      62.15,
      57.58,
      57.97,
      80.56,
      78.0
    ]
  ],
  "task_results": [
    {
      "task_id": 0,
      "elapsed_time_sec": 4.421,
      "metrics": {
        "mean_acc": 82.23,
        "task_acc": [
          82.23
        ],
        "harmonic_acc": 0.0,
        "base_avg_acc": 82.23,
        "inc_avg_acc": 0.0,
        "nll": 4.448106,
        "brier": 0.986622,
        "ece": 0.810544,
        "beta_prior": 0.3
      }
    },
    {
      "task_id": 1,
      "elapsed_time_sec": 4.68,
      "metrics": {
        "mean_acc": 80.5,
        "task_acc": [
          81.39,
          71.33
        ],
        "harmonic_acc": 76.03,
        "base_avg_acc": 81.39,
        "inc_avg_acc": 71.33,
        "nll": 4.543678,
        "brier": 0.987843,
        "ece": 0.794298,
        "beta_prior": 0.3
      }
    },
    {
      "task_id": 2,
      "elapsed_time_sec": 5.109,
      "metrics": {
        "mean_acc": 79.74,
        "task_acc": [
          81.42,
          71.68,
          70.73
        ],
        "harmonic_acc": 75.97,
        "base_avg_acc": 81.42,
        "inc_avg_acc": 71.21,
        "nll": 4.631523,
        "brier": 0.988872,
        "ece": 0.787607,
        "beta_prior": 0.3
      }
    },
    {
      "task_id": 3,
      "elapsed_time_sec": 5.522,
      "metrics": {
        "mean_acc": 76.74,
        "task_acc": [
          81.15,
          70.97,
          60.63,
          55.37
        ],
        "harmonic_acc": 70.5,
        "base_avg_acc": 81.15,
        "inc_avg_acc": 62.32,
        "nll": 4.712275,
        "brier": 0.989742,
        "ece": 0.75842,
        "beta_prior": 0.3
      }
    },
    {
      "task_id": 4,
      "elapsed_time_sec": 5.964,
      "metrics": {
        "mean_acc": 76.12,
        "task_acc": [
          80.94,
          70.97,
          57.84,
          53.69,
          74.67
        ],
        "harmonic_acc": 71.66,
        "base_avg_acc": 80.94,
        "inc_avg_acc": 64.29,
        "nll": 4.787718,
        "brier": 0.990496,
        "ece": 0.75281,
        "beta_prior": 0.3
      }
    },
    {
      "task_id": 5,
      "elapsed_time_sec": 6.368,
      "metrics": {
        "mean_acc": 74.8,
        "task_acc": [
          80.76,
          70.61,
          57.49,
          54.03,
          74.67,
          59.06
        ],
        "harmonic_acc": 70.89,
        "base_avg_acc": 80.76,
        "inc_avg_acc": 63.17,
        "nll": 4.857186,
        "brier": 0.991137,
        "ece": 0.740233,
        "beta_prior": 0.3
      }
    },
    {
      "task_id": 6,
      "elapsed_time_sec": 6.811,
      "metrics": {
        "mean_acc": 73.95,
        "task_acc": [
          80.38,
          70.61,
          57.14,
          53.69,
          74.0,
          59.4,
          65.97
        ],
        "harmonic_acc": 70.93,
        "base_avg_acc": 80.38,
        "inc_avg_acc": 63.47,
        "nll": 4.923804,
        "brier": 0.99172,
        "ece": 0.732188,
        "beta_prior": 0.3
      }
    },
    {
      "task_id": 7,
      "elapsed_time_sec": 7.22,
      "metrics": {
        "mean_acc": 73.35,
        "task_acc": [
          80.17,
          70.61,
          57.49,
          53.69,
          74.33,
          59.06,
          63.89,
          67.68
        ],
        "harmonic_acc": 71.07,
        "base_avg_acc": 80.17,
        "inc_avg_acc": 63.82,
        "nll": 4.986067,
        "brier": 0.992229,
        "ece": 0.726595,
        "beta_prior": 0.3
      }
    },
    {
      "task_id": 8,
      "elapsed_time_sec": 7.678,
      "metrics": {
        "mean_acc": 72.07,
        "task_acc": [
          80.06,
          70.61,
          57.84,
          53.69,
          74.0,
          59.4,
          62.5,
          59.26,
          61.36
        ],
        "harmonic_acc": 70.09,
        "base_avg_acc": 80.06,
        "inc_avg_acc": 62.33,
        "nll": 5.044634,
        "brier": 0.992679,
        "ece": 0.714235,
        "beta_prior": 0.3
      }
    },
    {
      "task_id": 9,
      "elapsed_time_sec": 8.074,
      "metrics": {
        "mean_acc": 72.48,
        "task_acc": [
          80.2,
          70.61,
          57.84,
          54.03,
          74.33,
          59.06,
          62.5,
          58.59,
          59.32,
          80.9
        ],
        "harmonic_acc": 71.27,
        "base_avg_acc": 80.2,
        "inc_avg_acc": 64.13,
        "nll": 5.098632,
        "brier": 0.993063,
        "ece": 0.718659,
        "beta_prior": 0.3
      }
    },
    {
      "task_id": 10,
      "elapsed_time_sec": 8.529,
      "metrics": {
        "mean_acc": 72.35,
        "task_acc": [
          80.06,
          68.1,
          57.14,
          54.03,
          74.0,
          58.72,
          62.15,
          57.58,
          57.97,
          80.56,
          78.0
        ],
        "harmonic_acc": 71.64,
        "base_avg_acc": 80.06,
        "inc_avg_acc": 64.82,
        "nll": 5.150747,
        "brier": 0.993419,
        "ece": 0.717687,
        "beta_prior": 0.3
      }
    }
  ]
}